{
  "beta_1": 0.4770240940341701,
  "beta_2": 0.5407973216288202,
  "epsilon": 3.639905177371687e-10,
  "lr": 4.429011492600165e-06,
  "seed": 989849217,
  "weight_decay": 0.003547531826349585
}