{
  "beta_1": 0.7738232748308845,
  "beta_2": 0.45374896998242886,
  "epsilon": 3.1276301159579414e-08,
  "lr": 6.84128157464686e-05,
  "seed": 1889025518,
  "weight_decay": 0.00018379421295074093
}