{
  "beta_1": 0.3549935902418534,
  "beta_2": 0.9753009905954805,
  "epsilon": 2.1839796655144036e-10,
  "lr": 0.03357031296337198,
  "seed": 1280027203.2567627,
  "weight_decay": 0.0012643831045569011
}