{
  "beta_1": 0.8407196081472915,
  "beta_2": 0.3732700391244871,
  "epsilon": 3.738594656637486e-09,
  "lr": 0.0003380433650268193,
  "seed": 278150833,
  "weight_decay": 1.1901515906801573e-06
}