{
  "beta_1": 0.4501228089002729,
  "beta_2": 0.8139313140968228,
  "epsilon": 1.399260787276882e-07,
  "lr": 0.0014136803185957145,
  "seed": 1802173653,
  "weight_decay": 1.1741419706693417e-08
}