{
  "beta_1": 0.23330924377390286,
  "beta_2": 0.31383338940202143,
  "epsilon": 0.00045827018452851995,
  "lr": 0.0007773681919714545,
  "seed": 1087863449,
  "weight_decay": 2.8942876821145865e-07
}