{
  "beta_1": 0.17584201026345953,
  "beta_2": 0.8612456577744765,
  "epsilon": 6.109556905172495e-05,
  "lr": 2.527966103982155e-06,
  "seed": 2112440159,
  "weight_decay": 0.00028395731179841596
}