{
  "beta_1": 0.6708096822047444,
  "beta_2": 0.544958649642501,
  "epsilon": 0.00020251461317569592,
  "lr": 1.1358959022970586e-06,
  "seed": 1644962019,
  "weight_decay": 0.006091398487919708
}