{
  "beta_1": 0.1685297420044793,
  "beta_2": 0.4666580639998461,
  "epsilon": 0.00047518531003013393,
  "lr": 7.97415382861989e-06,
  "seed": 744930036.5299424,
  "weight_decay": 6.3777279583508046e-06
}