{
  "beta_1": 0.3147318679542939,
  "beta_2": 0.21054604241990127,
  "epsilon": 0.00041094782793790323,
  "lr": 0.0007467417079056635,
  "seed": 2122481916,
  "weight_decay": 0.0033386707753187894
}