{
  "beta_1": 0.17352590105736498,
  "beta_2": 0.45822145868265207,
  "epsilon": 1.0874498584105657e-06,
  "lr": 3.439722377995364e-06,
  "seed": 1492942587,
  "weight_decay": 1.1240005229269496e-05
}