{
  "beta_1": 0.8628492236537922,
  "beta_2": 0.11456256663777287,
  "epsilon": 2.1380577755178915e-07,
  "lr": 1.2300048443278147e-06,
  "seed": 507170087,
  "weight_decay": 1.2287086825102585e-08
}