{
  "beta_1": 0.31156894810924035,
  "beta_2": 0.9007988200782713,
  "epsilon": 8.780990250754992e-06,
  "lr": 0.0023367872013612323,
  "seed": 416346876.6559101,
  "weight_decay": 0.00679836636029922
}