{
  "beta_1": 0.36686935864089965,
  "beta_2": 0.6341929103059015,
  "epsilon": 1.2707627103111622e-05,
  "lr": 0.003723114194386566,
  "seed": 1097240328,
  "weight_decay": 3.6325665453883125e-07
}