{
  "beta_1": 0.6427133919969491,
  "beta_2": 0.4835392925444457,
  "epsilon": 6.094777496624916e-06,
  "lr": 4.468069494271407e-06,
  "seed": 1352296960,
  "weight_decay": 6.73281863727987e-05
}