{
  "beta_1": 0.8621987072540811,
  "beta_2": 0.1268627355567587,
  "epsilon": 0.00011838811751560524,
  "lr": 0.04058976730336725,
  "seed": 1384899107,
  "weight_decay": 0.00024147851923264025
}