{
  "beta_1": 0.7211797031593178,
  "beta_2": 0.5268487939485582,
  "epsilon": 1.5441764793323522e-07,
  "lr": 0.0002506501495919949,
  "seed": 1958988798.4018157,
  "weight_decay": 0.00017804466536646985
}