{
  "beta1": 0.9987990377880318,
  "beta2": 0.10004023306778481,
  "epsilon": 1.139451519781969e-06,
  "lr": 0.037910496875225005,
  "seed": 961276456,
  "weight_decay": 0.00046216967179098424,
  "x_beta1": 8.405697858514548,
  "x_beta2": -10.015304976444746
}