{
  "beta_1": 0.22829582811517507,
  "beta_2": 0.8082318726554933,
  "epsilon": 1.7204826068322695e-06,
  "lr": 0.0011831792558693864,
  "seed": 1103293060.949518,
  "weight_decay": 0.009827914794326549
}