{
  "beta_1": 0.5764854275858342,
  "beta_2": 0.4332022615297795,
  "epsilon": 1.3894229317797026e-09,
  "lr": 0.03896458459643396,
  "seed": 26522904,
  "weight_decay": 0.0013274854275076775
}