{
  "beta_1": 0.9068386215031601,
  "beta_2": 0.19151966061513975,
  "epsilon": 9.874713146371235e-08,
  "lr": 0.0017466771679399832,
  "seed": 1463868687,
  "weight_decay": 7.953184840587349e-07
}