{
  "beta_1": 0.8281521930015353,
  "beta_2": 0.8913725313349413,
  "epsilon": 1.7446728840625997e-08,
  "lr": 1.6572226096814771e-06,
  "seed": 2079702488.082095,
  "weight_decay": 5.428423434731455e-05
}