{
  "beta_1": 0.8097894870729441,
  "beta_2": 0.529313545901986,
  "epsilon": 0.0003390884106045283,
  "lr": 0.000746092777813805,
  "seed": 203431078.47217384,
  "weight_decay": 1.593089594329438e-08
}