{
  "beta_1": 0.4554375388868618,
  "beta_2": 0.15928232445872412,
  "epsilon": 1.3346977587659852e-07,
  "lr": 6.917189749614048e-05,
  "seed": 458658572,
  "weight_decay": 2.0295187200647148e-07
}