{
  "beta_1": 0.5821475771776066,
  "beta_2": 0.6867763185368307,
  "epsilon": 2.1789215077061872e-10,
  "lr": 0.011493635712811362,
  "seed": 162409890.21259043,
  "weight_decay": 3.469657190795921e-05
}