{
  "beta_1": 0.12336022645936102,
  "beta_2": 0.10503589230923291,
  "epsilon": 7.751161765821019e-06,
  "lr": 2.1940329383430063e-05,
  "seed": 65367445,
  "weight_decay": 0.0018027937760859837
}