{
  "beta_1": 0.80757152700279,
  "beta_2": 0.864711084839483,
  "epsilon": 1.24116951259026e-07,
  "lr": 8.567946777060547e-06,
  "seed": 300063404,
  "weight_decay": 6.1141501577473755e-06
}