{
  "beta_1": 0.932617341943735,
  "beta_2": 0.9877242331774199,
  "epsilon": 5.763064083828728e-10,
  "lr": 0.0010738902648795097,
  "seed": 975078684.3738232,
  "weight_decay": 0.0006785773772921468
}