{
  "beta_1": 0.2448732058743411,
  "beta_2": 0.704718257544127,
  "epsilon": 9.521879548263988e-07,
  "lr": 0.0011879313327795662,
  "seed": 49548719.34846739,
  "weight_decay": 1.2842726789062783e-08
}