{
  "beta_1": 0.761334575237468,
  "beta_2": 0.9805000496894264,
  "epsilon": 4.707273453572132e-05,
  "lr": 0.024861755471945336,
  "seed": 901245338,
  "weight_decay": 0.001409902317536876
}