{
  "beta_1": 0.7418768766412311,
  "beta_2": 0.3104642209849892,
  "epsilon": 3.12795644869622e-06,
  "lr": 0.00012184258291413186,
  "seed": 791065956,
  "weight_decay": 0.0008348381965547751
}