{
  "beta_1": 0.4842969370282556,
  "beta_2": 0.40159552565667134,
  "epsilon": 0.0007955765383727027,
  "lr": 0.0010169075041458892,
  "seed": 1942530885,
  "weight_decay": 1.2483770564131973e-07
}