{
  "beta1": 0.9968308642076332,
  "beta2": 0.9982860393886072,
  "epsilon": 4.0945107434872726e-07,
  "lr": 0.0008648541358726471,
  "seed": 341737141,
  "weight_decay": 5.5314819426156844e-05,
  "x_beta1": 6.024538451234248,
  "x_beta2": 6.3217973817600015
}