{
  "beta_1": 0.6024093281125203,
  "beta_2": 0.6374026944130262,
  "epsilon": 9.543671428548502e-08,
  "lr": 8.126236859123706e-05,
  "seed": 1340747495,
  "weight_decay": 0.008693736074946402
}