{
  "beta_1": 0.10195062838655758,
  "beta_2": 0.8145091733487192,
  "epsilon": 1.618232262025281e-10,
  "lr": 5.07655633567629e-06,
  "seed": 1850751433,
  "weight_decay": 5.817981121620883e-06
}