{
  "beta_1": 0.6777021013901655,
  "beta_2": 0.9164773597463105,
  "epsilon": 1.1221941249085968e-05,
  "lr": 1.500848451848746e-05,
  "seed": 862110193,
  "weight_decay": 7.354595880903224e-08
}