{
  "beta_1": 0.1613387809253664,
  "beta_2": 0.8309331855902945,
  "epsilon": 6.451711347792997e-09,
  "lr": 0.00024672104200141134,
  "seed": 2139184216,
  "weight_decay": 1.9055198332351906e-06
}