{
  "beta_1": 0.27308419503308035,
  "beta_2": 0.12115366125573429,
  "epsilon": 4.809595719060242e-06,
  "lr": 1.447183956183035e-05,
  "seed": 1746441839.8026452,
  "weight_decay": 0.00010558559772797733
}