{
  "beta_1": 0.6598169580145014,
  "beta_2": 0.8660694708444276,
  "epsilon": 5.763139985209135e-06,
  "lr": 8.326818728680937e-06,
  "seed": 470718507.9722934,
  "weight_decay": 0.0015338491241362333
}