{
  "beta_1": 0.7375138320619288,
  "beta_2": 0.5588960367229475,
  "epsilon": 2.3538180807859594e-10,
  "lr": 0.0012654622891034844,
  "seed": 59144624,
  "weight_decay": 1.886590269008929e-05
}