{
  "beta1": 0.9982419836343592,
  "beta2": 0.23212810993297342,
  "epsilon": 3.913539972527621e-05,
  "lr": 0.029116963583797728,
  "seed": 1001555490,
  "weight_decay": 1.679041720104819e-08,
  "x_beta1": 8.492987765454654,
  "x_beta2": -2.1116648269980858
}