{
  "beta_1": 0.14617485329002156,
  "beta_2": 0.6030191935025537,
  "epsilon": 3.748588078845289e-08,
  "lr": 0.002603716361725904,
  "seed": 1364670257,
  "weight_decay": 2.979786614375515e-05
}