{
  "beta_1": 0.8375366299400964,
  "beta_2": 0.4800225753267384,
  "epsilon": 5.579551587313393e-10,
  "lr": 0.0004695848022229539,
  "seed": 908589133.7931113,
  "weight_decay": 3.7554878624427575e-08
}