{
  "beta_1": 0.933793287042701,
  "beta_2": 0.6976140440704323,
  "epsilon": 3.1555723134254176e-09,
  "lr": 0.002348783462420477,
  "seed": 57141460,
  "weight_decay": 0.00035427078219682994
}