{
  "beta_1": 0.5213582409343702,
  "beta_2": 0.39944248568762264,
  "epsilon": 0.0003507696302669264,
  "lr": 0.020589598249025166,
  "seed": 774033876,
  "weight_decay": 2.8242361777919196e-07
}