{
  "beta_1": 0.21750502399227514,
  "beta_2": 0.7588490188180517,
  "epsilon": 4.31187062286415e-08,
  "lr": 1.9361903040547308e-05,
  "seed": 663280833.9486748,
  "weight_decay": 0.005351069011164863
}