{
  "beta1": 0.9639386089670335,
  "beta2": 0.10003515372137933,
  "epsilon": 0.00019481251221773222,
  "lr": 0.0011046791290719447,
  "seed": 1619510240,
  "weight_decay": 6.095852430410704e-06,
  "x_beta1": 3.2044011573538267,
  "x_beta2": -10.150269376186431
}