{
  "beta_1": 0.9354095860582557,
  "beta_2": 0.8687894502828016,
  "epsilon": 1.0709007961877965e-05,
  "lr": 1.954026648043192e-05,
  "seed": 1708302626.2010167,
  "weight_decay": 0.0035760070736168504
}