{
  "beta_1": 0.1972356065200791,
  "beta_2": 0.251610090131111,
  "epsilon": 4.680505718931227e-07,
  "lr": 0.021572841413045052,
  "seed": 261617204,
  "weight_decay": 0.0074453468192468425
}