{
  "beta_1": 0.1545584585207077,
  "beta_2": 0.32822882377640683,
  "epsilon": 3.11810287013759e-08,
  "lr": 1.4874863771246347e-06,
  "seed": 15507413.381186267,
  "weight_decay": 8.414623313028493e-07
}