{
  "beta_1": 0.1636917656775414,
  "beta_2": 0.4976540584295027,
  "epsilon": 8.685434945760308e-07,
  "lr": 0.00832309166617299,
  "seed": 1563697740,
  "weight_decay": 4.1274369242919055e-05
}