{
  "beta_1": 0.3785654956989497,
  "beta_2": 0.504410303751102,
  "epsilon": 5.438932292372147e-07,
  "lr": 1.0120896385075271e-05,
  "seed": 1538772203.0565102,
  "weight_decay": 0.009537921467001961
}