{
  "beta_1": 0.9736883625556455,
  "beta_2": 0.691894572793825,
  "epsilon": 1.6649677529412293e-09,
  "lr": 0.0016049349237354097,
  "seed": 1088673341,
  "weight_decay": 8.290059770863118e-07
}