{
  "beta_1": 0.7508882223818256,
  "beta_2": 0.8836717851206266,
  "epsilon": 3.4145739121212234e-08,
  "lr": 8.703202482192502e-05,
  "seed": 144047168,
  "weight_decay": 0.0055286087773702775
}