{
  "beta_1": 0.2518356162786834,
  "beta_2": 0.7553441365727835,
  "epsilon": 1.1531721292059113e-05,
  "lr": 0.00686180441429408,
  "seed": 63202804,
  "weight_decay": 1.692690037237333e-07
}