{
  "beta_1": 0.8140917315790277,
  "beta_2": 0.39518150505411864,
  "epsilon": 0.0005835327065112968,
  "lr": 0.0001532639990420713,
  "seed": 1020128319,
  "weight_decay": 0.008129111506473849
}