{
  "beta_1": 0.14837101736618094,
  "beta_2": 0.49528288153144406,
  "epsilon": 1.447773065438001e-06,
  "lr": 0.025703861088572682,
  "seed": 1737619203,
  "weight_decay": 0.006099780553321105
}