{
  "beta_1": 0.4162773744441687,
  "beta_2": 0.7761793398504758,
  "epsilon": 3.11672872888757e-08,
  "lr": 0.047033753375265414,
  "seed": 972166456,
  "weight_decay": 0.00025024051946347103
}