{
  "beta_1": 0.5585838156080615,
  "beta_2": 0.6818979569266934,
  "epsilon": 2.1152717141414368e-10,
  "lr": 0.002050149258068246,
  "seed": 29718183.712822,
  "weight_decay": 0.002044798492016157
}