{
  "beta_1": 0.7242142609119024,
  "beta_2": 0.9718819870144955,
  "epsilon": 1.0982563725527142e-08,
  "lr": 0.0302730444364815,
  "seed": 1494892184,
  "weight_decay": 2.5658847845827117e-07
}