{
  "beta_1": 0.37018267595234544,
  "beta_2": 0.28339813990074475,
  "epsilon": 0.00033448132595988113,
  "lr": 0.00034037332342784705,
  "seed": 1130917022.9987173,
  "weight_decay": 6.6738294538607044e-06
}