{
  "beta_1": 0.8528644393766525,
  "beta_2": 0.8703688881828798,
  "epsilon": 1.1457470122557629e-10,
  "lr": 0.0007756278398708582,
  "seed": 970593929,
  "weight_decay": 1.2912849523515956e-06
}