{
  "beta_1": 0.8785560708076237,
  "beta_2": 0.8666557479024525,
  "epsilon": 5.178339574072232e-10,
  "lr": 0.002774269375202214,
  "seed": 526168923.7559749,
  "weight_decay": 0.0024261920249727853
}