{
  "beta1": 0.10024007722029132,
  "beta2": 0.10466506521786548,
  "epsilon": 4.355104928255568e-05,
  "lr": 0.0054333100313026335,
  "seed": 1568027174,
  "weight_decay": 0.0004303512131875254,
  "x_beta1": -8.227810605796456,
  "x_beta2": -5.256984366340417
}