{
  "beta_1": 0.6199353256010094,
  "beta_2": 0.40572105457476504,
  "epsilon": 2.4212127513554444e-08,
  "lr": 0.05144702391116853,
  "seed": 1151443874,
  "weight_decay": 0.002057040369493872
}