{
  "beta_1": 0.7300251112002293,
  "beta_2": 0.4817735349147729,
  "epsilon": 2.880259651486728e-06,
  "lr": 0.017160129292908513,
  "seed": 635147309.5396631,
  "weight_decay": 2.3008785873531932e-08
}