{
  "beta_1": 0.4631591435325929,
  "beta_2": 0.2221723567860129,
  "epsilon": 6.877555436298562e-10,
  "lr": 0.00025638201926436965,
  "seed": 371508613,
  "weight_decay": 1.5044330189089467e-07
}