{
  "beta_1": 0.8712101494214365,
  "beta_2": 0.5071210252240246,
  "epsilon": 5.959385580228835e-07,
  "lr": 0.0021560525349871235,
  "seed": 538085432,
  "weight_decay": 2.553193924882519e-06
}