{
  "beta_1": 0.9612019059883893,
  "beta_2": 0.4327928886630882,
  "epsilon": 3.446628732969516e-05,
  "lr": 5.470638471168582e-06,
  "seed": 1885714619,
  "weight_decay": 1.0037186090212827e-07
}