{
  "beta_1": 0.5592067503775559,
  "beta_2": 0.18194955209166838,
  "epsilon": 1.1274708960381967e-09,
  "lr": 0.0004162812815990566,
  "seed": 108100493,
  "weight_decay": 3.0192316085536703e-07
}