{
  "beta_1": 0.6661036370673397,
  "beta_2": 0.1261911200318183,
  "epsilon": 3.3226296712092132e-06,
  "lr": 8.42699124357173e-05,
  "seed": 1328307326,
  "weight_decay": 4.602743955253828e-07
}