{
  "beta_1": 0.5890712624458219,
  "beta_2": 0.3967557652433693,
  "epsilon": 3.445742938192782e-08,
  "lr": 7.467704624607449e-05,
  "seed": 861366983,
  "weight_decay": 0.0030295105363094517
}