{
  "beta_1": 0.5577877380485076,
  "beta_2": 0.8030636731660774,
  "epsilon": 6.6917487809156665e-06,
  "lr": 1.9540175155908e-06,
  "seed": 406657050,
  "weight_decay": 4.294326516326152e-07
}