{
  "beta_1": 0.9068360151888484,
  "beta_2": 0.6499658313067458,
  "epsilon": 4.0451755894637007e-07,
  "lr": 0.0012724916087353407,
  "seed": 682351414,
  "weight_decay": 0.0006001811941785411
}