{
  "beta_1": 0.36902570189439166,
  "beta_2": 0.28264148537190137,
  "epsilon": 3.677112553746206e-05,
  "lr": 4.1166585825708145e-06,
  "seed": 413434146.0993365,
  "weight_decay": 0.0003999292422519033
}