{
  "beta1": 0.9892234842688769,
  "beta2": 0.10077487470335489,
  "epsilon": 1.9748992752327476e-09,
  "lr": 0.029695679989180025,
  "seed": 929656914,
  "weight_decay": 1.3740245493161213e-07,
  "x_beta1": 4.510365436442042,
  "x_beta2": -7.056476143331254
}