{
  "beta_1": 0.7042023505041329,
  "beta_2": 0.6250517818215005,
  "epsilon": 7.452350265469768e-06,
  "lr": 0.00021964194899904124,
  "seed": 1486335162,
  "weight_decay": 2.1026480384303844e-05
}