{
  "beta_1": 0.22487902331012433,
  "beta_2": 0.28406789600992066,
  "epsilon": 3.2581434041334736e-07,
  "lr": 0.0024400714538733467,
  "seed": 1310280820,
  "weight_decay": 1.7095439469712986e-07
}