{
  "beta_1": 0.8084736701062866,
  "beta_2": 0.4345469454599771,
  "epsilon": 1.3092337183652228e-06,
  "lr": 6.677914490220351e-05,
  "seed": 602595052,
  "weight_decay": 5.63195259417985e-05
}