{
  "beta_1": 0.6943030149154314,
  "beta_2": 0.8836498991420658,
  "epsilon": 6.145707018847982e-05,
  "lr": 0.001937201163329867,
  "seed": 197844243,
  "weight_decay": 8.04758624864964e-06
}