{
  "beta_1": 0.5790760546358514,
  "beta_2": 0.822054843857899,
  "epsilon": 1.5010891143635444e-06,
  "lr": 0.006670488609670834,
  "seed": 681077571.1267377,
  "weight_decay": 0.004555374918395763
}