{
  "beta_1": 0.9194305095770142,
  "beta_2": 0.39717779449899115,
  "epsilon": 3.352958915462827e-09,
  "lr": 3.6944428175072795e-06,
  "seed": 1874507314.250329,
  "weight_decay": 0.0006963406860259245
}