{
  "beta_1": 0.28192385837906275,
  "beta_2": 0.6088523976214419,
  "epsilon": 1.2342828399037353e-06,
  "lr": 8.615259084541457e-06,
  "seed": 1486602019.6151216,
  "weight_decay": 5.39360904919735e-06
}