{
  "beta_1": 0.5237394617518958,
  "beta_2": 0.6547546389562252,
  "epsilon": 6.350252147894344e-10,
  "lr": 0.00018744206688212436,
  "seed": 1035481340.7197024,
  "weight_decay": 6.654117918722125e-06
}