{
  "beta_1": 0.6409087751114098,
  "beta_2": 0.9585763894811317,
  "epsilon": 3.0758625058399206e-10,
  "lr": 7.035220980365571e-05,
  "seed": 1270192184.3817353,
  "weight_decay": 6.410864826433611e-06
}