{
  "beta_1": 0.8626088296560949,
  "beta_2": 0.8942317383872274,
  "epsilon": 1.1733174427136764e-05,
  "lr": 3.691093898530905e-06,
  "seed": 2145309174.5564759,
  "weight_decay": 2.086209124239589e-05
}