{
  "beta_1": 0.8314241581277587,
  "beta_2": 0.7069578554957486,
  "epsilon": 2.3954471340169746e-09,
  "lr": 0.0005228441363921215,
  "seed": 1975809414.2020302,
  "weight_decay": 4.05990968695298e-06
}