{
  "beta_1": 0.5908433829724405,
  "beta_2": 0.7522660364311037,
  "epsilon": 0.0009465859426740047,
  "lr": 0.006551820516158156,
  "seed": 1507009496,
  "weight_decay": 0.00253359319436981
}