{
  "beta_1": 0.974425592338412,
  "beta_2": 0.5545823954726159,
  "epsilon": 7.4048669728734046e-06,
  "lr": 0.0001858785849381214,
  "seed": 864103735,
  "weight_decay": 1.444659933972988e-05
}