{
  "beta1": 0.9989990180252668,
  "beta2": 0.10120136436281064,
  "epsilon": 3.058156188492635e-08,
  "lr": 0.012040656490051656,
  "seed": 1010039264,
  "weight_decay": 6.466934231928583e-08,
  "x_beta1": 13.727226922129182,
  "x_beta2": -6.617489876568551
}