{
  "beta_1": 0.5902196195734576,
  "beta_2": 0.5904687687775741,
  "epsilon": 2.1148427543424624e-08,
  "lr": 0.0007155005576754423,
  "seed": 1769702226,
  "weight_decay": 1.0850369543311863e-05
}