{
  "beta_1": 0.799682827520754,
  "beta_2": 0.7911737620085627,
  "epsilon": 6.741222450533178e-10,
  "lr": 0.0004097818408982687,
  "seed": 596006509.8013734,
  "weight_decay": 3.095254880665844e-07
}