{
  "beta_1": 0.3625146129803434,
  "beta_2": 0.4200458906766896,
  "epsilon": 7.56154444297401e-09,
  "lr": 0.006400336576356923,
  "seed": 1041468655,
  "weight_decay": 1.3577474532011395e-05
}