{
  "beta_1": 0.4158548163832755,
  "beta_2": 0.6934954577376677,
  "epsilon": 8.02249742425277e-06,
  "lr": 4.7058421275687575e-05,
  "seed": 735025401,
  "weight_decay": 0.0004366163653542823
}