{
  "beta_1": 0.44912234496618364,
  "beta_2": 0.5177498598633946,
  "epsilon": 2.269064094691913e-07,
  "lr": 2.1793904767674277e-05,
  "seed": 246988184,
  "weight_decay": 4.5417584939338925e-05
}