{
  "beta_1": 0.15981921916527098,
  "beta_2": 0.6430685059246597,
  "epsilon": 0.00013890050870604036,
  "lr": 4.574663134010279e-06,
  "seed": 1363559856,
  "weight_decay": 1.101598727858189e-05
}