{
  "beta_1": 0.15877792715336236,
  "beta_2": 0.38426936250948796,
  "epsilon": 4.101849454949941e-09,
  "lr": 8.944193466322877e-06,
  "seed": 1692028899,
  "weight_decay": 2.20660415786738e-06
}