{
  "beta_1": 0.1738951193463531,
  "beta_2": 0.9800936649012385,
  "epsilon": 3.320013582119044e-07,
  "lr": 0.0017207895823814474,
  "seed": 774033876,
  "weight_decay": 3.5302952222398997e-07
}