{
  "beta1": 0.9989807965798252,
  "beta2": 0.21069548459013582,
  "epsilon": 5.879530239375509e-10,
  "lr": 0.0012660770295539626,
  "seed": 270199043,
  "weight_decay": 0.0023171322918168836,
  "x_beta1": 10.753928555080934,
  "x_beta2": -1.9642424463623716
}