{
  "beta_1": 0.19287578480877454,
  "beta_2": 0.7470014958650077,
  "epsilon": 4.1998391887546245e-05,
  "lr": 0.0014501739368353167,
  "seed": 1123191718,
  "weight_decay": 1.798073590142276e-06
}