{
  "beta1": 0.5844034131535563,
  "beta2": 0.8950040969446832,
  "epsilon": 2.373529776717907e-06,
  "lr": 0.0011630823997979785,
  "seed": 260676448,
  "weight_decay": 0.0009410323146303916,
  "x_beta1": 0.15561209023446132,
  "x_beta2": 2.025378809107748
}