{
  "beta_1": 0.9690908658156864,
  "beta_2": 0.8699896070749914,
  "epsilon": 3.930281255950603e-06,
  "lr": 9.704379574961588e-06,
  "seed": 476413776,
  "weight_decay": 1.2684110860790228e-05
}