{
  "beta_1": 0.7995381605735573,
  "beta_2": 0.28530165599165663,
  "epsilon": 1.2120851512758465e-06,
  "lr": 0.002506533098169575,
  "seed": 463042810.0561091,
  "weight_decay": 0.0020835367060638493
}