{
  "beta_1": 0.2363467884026864,
  "beta_2": 0.429931311843774,
  "epsilon": 2.2425636574346874e-07,
  "lr": 5.404635802786571e-06,
  "seed": 543728213,
  "weight_decay": 2.247378748194122e-08
}