{
  "beta1": 0.126237406348424,
  "beta2": 0.1000100151817581,
  "epsilon": 3.1276301159579414e-08,
  "lr": 6.84128157464686e-05,
  "seed": 1889025518,
  "weight_decay": 2.6894855167148132e-08,
  "x_beta1": -2.803581967975545,
  "x_beta2": -9.124740542563167
}