{
  "beta_1": 0.9499928972371599,
  "beta_2": 0.4722694794104433,
  "epsilon": 3.34146529603218e-06,
  "lr": 0.058928978116781904,
  "seed": 439754052,
  "weight_decay": 0.009850827909425805
}