{
  "beta_1": 0.22289081230896618,
  "beta_2": 0.8442816170976282,
  "epsilon": 2.5418188164432413e-05,
  "lr": 6.391551197571824e-05,
  "seed": 1324001083,
  "weight_decay": 7.446586265080521e-06
}