{
  "beta1": 0.10692114940384616,
  "beta2": 0.10000258101928652,
  "epsilon": 0.0001493290468241558,
  "lr": 0.016150763407800254,
  "seed": 1001876530,
  "weight_decay": 0.0002564086548821061,
  "x_beta1": 12.474831668277092,
  "x_beta2": -15.314221996429028
}