{
  "beta_1": 0.2667964316125089,
  "beta_2": 0.5950226971389215,
  "epsilon": 0.00043766347073110224,
  "lr": 0.00011867485434827763,
  "seed": 348581509,
  "weight_decay": 4.394848222200701e-07
}