{
  "beta_1": 0.4199051589220608,
  "beta_2": 0.9726095286116813,
  "epsilon": 3.0319980555056838e-05,
  "lr": 0.0007572200314723366,
  "seed": 763749170,
  "weight_decay": 0.0007853781566079243
}