{
  "beta_1": 0.27764863409134033,
  "beta_2": 0.7009954752371348,
  "epsilon": 1.2619382233413646e-08,
  "lr": 4.177117034887105e-06,
  "seed": 150453249,
  "weight_decay": 9.02747064472371e-05
}