{
  "beta_1": 0.8707790861411241,
  "beta_2": 0.39335914168999064,
  "epsilon": 3.559422724931652e-10,
  "lr": 9.444965248564134e-06,
  "seed": 1350007470,
  "weight_decay": 5.15405944686282e-06
}