{
  "beta_1": 0.8038931110275,
  "beta_2": 0.42268394845518276,
  "epsilon": 1.3059578186090426e-07,
  "lr": 7.787608424108282e-05,
  "seed": 238623430,
  "weight_decay": 0.0004034930500335883
}