{
  "beta_1": 0.3647534586712494,
  "beta_2": 0.9683879632631806,
  "epsilon": 2.301176241364914e-05,
  "lr": 0.00016499750363679772,
  "seed": 150750856,
  "weight_decay": 0.005665668260120765
}