{
  "beta_1": 0.4554100734008709,
  "beta_2": 0.9585630459180784,
  "epsilon": 1.795088867339904e-05,
  "lr": 1.1098489443734917e-05,
  "seed": 502743738,
  "weight_decay": 1.388680005456324e-05
}