{
  "beta_1": 0.4117922594594041,
  "beta_2": 0.8977220124421069,
  "epsilon": 2.573536425060221e-07,
  "lr": 0.007215564268106814,
  "seed": 1974887343.7618392,
  "weight_decay": 1.135339120451261e-06
}