{
  "beta_1": 0.1288054005904646,
  "beta_2": 0.9196816744338947,
  "epsilon": 1.887018145729633e-05,
  "lr": 0.050899446400997604,
  "seed": 997513371,
  "weight_decay": 1.0105878894251244e-07
}