{
  "beta_1": 0.5914769986600744,
  "beta_2": 0.9349156474454269,
  "epsilon": 7.229015585388806e-07,
  "lr": 0.0008264157940944539,
  "seed": 147651784.14118758,
  "weight_decay": 0.0069134916418656794
}