{
  "beta_1": 0.5069346233196159,
  "beta_2": 0.27572956506895796,
  "epsilon": 1.455742567036047e-10,
  "lr": 1.7591799708388064e-06,
  "seed": 1238103322,
  "weight_decay": 1.0901330453387618e-06
}