{
  "beta_1": 0.6930179230910001,
  "beta_2": 0.12573529415677814,
  "epsilon": 0.00032747376173555967,
  "lr": 4.312967093613868e-05,
  "seed": 1809009747.1758986,
  "weight_decay": 6.623046993683637e-08
}