{
  "beta_1": 0.772066548419325,
  "beta_2": 0.19315059595542933,
  "epsilon": 1.1841354816815017e-07,
  "lr": 0.0007181413745411364,
  "seed": 819024974.1527884,
  "weight_decay": 0.0029880525796992406
}