{
  "beta_1": 0.6803845174016758,
  "beta_2": 0.38016766963820636,
  "epsilon": 5.156329027766491e-10,
  "lr": 0.0038271082053715193,
  "seed": 1323700917,
  "weight_decay": 0.000527531327344796
}