{
  "beta_1": 0.6538693240888023,
  "beta_2": 0.305109575214213,
  "epsilon": 0.000753351649332456,
  "lr": 0.013982470711607353,
  "seed": 1247713298,
  "weight_decay": 1.0972621782154075e-08
}