{
  "beta1": 0.10000107028492551,
  "beta2": 0.11654599034381172,
  "epsilon": 1.9755888510545696e-10,
  "lr": 0.00031535842831934615,
  "seed": 2044239969,
  "weight_decay": 0.009741040752607748,
  "x_beta1": -2.332876250609239,
  "x_beta2": -2.5456526336159233
}