{
  "beta_1": 0.13105795343319893,
  "beta_2": 0.24719632197740277,
  "epsilon": 3.5780261732525827e-10,
  "lr": 0.0015028767463764162,
  "seed": 681377622,
  "weight_decay": 1.6629599191626263e-07
}