{
  "beta_1": 0.31011348008302503,
  "beta_2": 0.7354537464228532,
  "epsilon": 0.00016005699484627876,
  "lr": 2.0762026251928396e-06,
  "seed": 237619483,
  "weight_decay": 1.7496662151832976e-06
}