{
  "beta_1": 0.23303885543356967,
  "beta_2": 0.9952984106506382,
  "epsilon": 1.1737779750443798e-06,
  "lr": 0.005023054388477037,
  "seed": 305150697,
  "weight_decay": 2.5378906773785935e-06
}