{
  "beta_1": 0.23218378737907544,
  "beta_2": 0.6972041715907694,
  "epsilon": 0.0006017669222596263,
  "lr": 2.0445000293453795e-06,
  "seed": 1678846520,
  "weight_decay": 0.001798171703209022
}