{
  "beta_1": 0.556467434191242,
  "beta_2": 0.4350228385027438,
  "epsilon": 0.0003632657188241977,
  "lr": 0.00434680615096673,
  "seed": 726685700,
  "weight_decay": 1.6753767237998787e-05
}