{
  "beta_1": 0.7416204238805263,
  "beta_2": 0.857006997354758,
  "epsilon": 0.0009689755559640469,
  "lr": 0.05839007061622251,
  "seed": 739608652.9491282,
  "weight_decay": 1.533735560996783e-06
}