{
  "beta1": 0.18453922062001332,
  "beta2": 0.9978642696761257,
  "epsilon": 0.00033210451693753407,
  "lr": 0.04183035264276021,
  "seed": 158613642,
  "weight_decay": 5.937779697667725e-06,
  "x_beta1": -2.26531069785244,
  "x_beta2": 6.0891642735015825
}