{
  "beta_1": 0.24593129362102423,
  "beta_2": 0.2891454241894933,
  "epsilon": 2.9380193153809062e-05,
  "lr": 0.001996148188950477,
  "seed": 261808149,
  "weight_decay": 0.003612681960601784
}