{
  "beta_1": 0.15057929413191096,
  "beta_2": 0.1212224395913701,
  "epsilon": 3.071630846750824e-10,
  "lr": 0.06093006025882248,
  "seed": 1498042342,
  "weight_decay": 4.5701548078431574e-08
}