{
  "beta_1": 0.25759048381436406,
  "beta_2": 0.8149388452114186,
  "epsilon": 4.52796020197053e-10,
  "lr": 0.05958861429277789,
  "seed": 1103413487,
  "weight_decay": 0.00016697652075918555
}