{
  "beta_1": 0.27729472023372537,
  "beta_2": 0.3482307901837649,
  "epsilon": 8.759689005156185e-10,
  "lr": 1.0479920403734088e-05,
  "seed": 383514107,
  "weight_decay": 1.0121101463523715e-08
}