{
  "beta_1": 0.5307127437556569,
  "beta_2": 0.48875211288117093,
  "epsilon": 4.082536632021043e-05,
  "lr": 0.00010803661315077986,
  "seed": 403900668,
  "weight_decay": 0.0005253765075719099
}