{
  "beta_1": 0.41452686638472913,
  "beta_2": 0.8008857321015851,
  "epsilon": 1.3532930448787064e-05,
  "lr": 0.0013948165805531064,
  "seed": 1521900415.868479,
  "weight_decay": 0.0050068157768328484
}