{
  "beta_1": 0.5684683784898793,
  "beta_2": 0.8720805343854159,
  "epsilon": 0.0004093024716012945,
  "lr": 9.959650958295032e-06,
  "seed": 532980290,
  "weight_decay": 4.250787974859118e-08
}