{
  "beta_1": 0.6869433716012358,
  "beta_2": 0.4315612494319705,
  "epsilon": 0.000446079377518107,
  "lr": 2.3435073466106864e-05,
  "seed": 1352829048.2283347,
  "weight_decay": 9.547504462255716e-08
}