{
  "beta_1": 0.10257361165214407,
  "beta_2": 0.4979278363394144,
  "epsilon": 1.5805416685576066e-10,
  "lr": 0.0011104340951134373,
  "seed": 2063639131.1365402,
  "weight_decay": 0.0001934053731849904
}