{
  "beta_1": 0.16029139463937184,
  "beta_2": 0.4741257120607931,
  "epsilon": 2.044206424789478e-05,
  "lr": 4.6948644712238176e-06,
  "seed": 1069475800,
  "weight_decay": 0.0001102149139591509
}