{
  "beta_1": 0.28679055013628335,
  "beta_2": 0.6311417116612776,
  "epsilon": 1.1439606967427184e-05,
  "lr": 9.828910601763583e-05,
  "seed": 677360193,
  "weight_decay": 6.73996831680395e-07
}