{
  "beta1": 0.1000757496519701,
  "beta2": 0.9998354291934308,
  "epsilon": 0.0004284691300727153,
  "lr": 0.0490700243413389,
  "seed": 567391812,
  "weight_decay": 4.246745826524504e-05,
  "x_beta1": -9.381520200077048,
  "x_beta2": 9.542204771182506
}