{
  "beta_1": 0.11642174810135353,
  "beta_2": 0.117448688524774,
  "epsilon": 4.865596593561079e-07,
  "lr": 0.08908435386298857,
  "seed": 66793859,
  "weight_decay": 0.00023530301705373561
}