{
  "beta1": 0.8604198331638268,
  "beta2": 0.9998292609952482,
  "epsilon": 0.0002370866474143105,
  "lr": 0.016603490819500282,
  "seed": 831252475,
  "weight_decay": 1.7993627773789045e-07,
  "x_beta1": 1.7024217127182446,
  "x_beta2": 9.450963199726024
}