{
  "beta_1": 0.44741908675079634,
  "beta_2": 0.2767216398771747,
  "epsilon": 1.860844704926133e-08,
  "lr": 8.603106114310995e-05,
  "seed": 1104580989,
  "weight_decay": 0.00010345773181635954
}