{
  "beta_1": 0.9684750368875978,
  "beta_2": 0.893813493951136,
  "epsilon": 7.911014379286225e-09,
  "lr": 0.00029965355184195347,
  "seed": 1945761351.563634,
  "weight_decay": 7.428013367570218e-05
}