{
  "beta_1": 0.5283187436471568,
  "beta_2": 0.12421070473078576,
  "epsilon": 3.16347488266539e-06,
  "lr": 0.000461196161586774,
  "seed": 425485912,
  "weight_decay": 0.0015491407097885281
}