{
  "beta_1": 0.15691987957928707,
  "beta_2": 0.197427546048046,
  "epsilon": 3.871460881883099e-09,
  "lr": 1.0672293486988207e-06,
  "seed": 365445756,
  "weight_decay": 4.931360554956726e-07
}