{
  "beta_1": 0.7799049469591034,
  "beta_2": 0.6938274605718366,
  "epsilon": 1.8056032573927264e-05,
  "lr": 0.0003645493964874868,
  "seed": 408817759.34271747,
  "weight_decay": 6.293308982613698e-05
}