{
  "beta_1": 0.872545633795266,
  "beta_2": 0.6985639272016585,
  "epsilon": 1.9585896811731854e-05,
  "lr": 0.000681197738937858,
  "seed": 465822541.9115962,
  "weight_decay": 0.0024121425426638955
}