{
  "beta_1": 0.28458138064811134,
  "beta_2": 0.3948893735870772,
  "epsilon": 3.5256181340323775e-05,
  "lr": 9.81642339935972e-05,
  "seed": 1013562313,
  "weight_decay": 0.0012548650824112187
}