{
  "beta_1": 0.45330843293433987,
  "beta_2": 0.5130928518023469,
  "epsilon": 3.3302788001639514e-10,
  "lr": 0.0010623661314235172,
  "seed": 1119608804.2424212,
  "weight_decay": 6.248148044213521e-08
}