{
  "beta1": 0.10001405090440824,
  "beta2": 0.100842318965247,
  "epsilon": 1.0087070042911583e-08,
  "lr": 0.0005240264182834607,
  "seed": 1044813789,
  "weight_decay": 1.2412247787974942e-07,
  "x_beta1": -11.066335919449333,
  "x_beta2": -6.972943711632682
}