{
  "beta_1": 0.8045549272317358,
  "beta_2": 0.6099211610020993,
  "epsilon": 1.1642217325593986e-08,
  "lr": 9.877294968962822e-05,
  "seed": 2072690615,
  "weight_decay": 0.00031517343654853286
}