{
  "beta_1": 0.9655544282671799,
  "beta_2": 0.35619805804405547,
  "epsilon": 1.4072998142594551e-08,
  "lr": 0.07062920278274483,
  "seed": 913372520,
  "weight_decay": 0.0051139582971212625
}