{
  "beta_1": 0.8804845436054012,
  "beta_2": 0.1566696478338014,
  "epsilon": 5.567468147725066e-10,
  "lr": 2.900358512036944e-06,
  "seed": 1591689529,
  "weight_decay": 3.06813092928109e-07
}