{
  "beta_1": 0.15972611697125377,
  "beta_2": 0.9700491263310568,
  "epsilon": 0.00045933889989168195,
  "lr": 0.0015639826436588526,
  "seed": 1981243896,
  "weight_decay": 1.6430410621693348e-07
}