{
  "beta_1": 0.12424726532293918,
  "beta_2": 0.10155365471791614,
  "epsilon": 1.0048927692343374e-08,
  "lr": 6.504315941763786e-05,
  "seed": 1063581957.8659433,
  "weight_decay": 3.8273981767928064e-08
}