{
  "beta_1": 0.2309084796963633,
  "beta_2": 0.7787750732979459,
  "epsilon": 5.619437646658197e-08,
  "lr": 0.00016204101657249395,
  "seed": 1282888247.8133786,
  "weight_decay": 0.0003044270882411625
}