{
  "beta_1": 0.8532827198592242,
  "beta_2": 0.18572689506501847,
  "epsilon": 2.9220293199631687e-06,
  "lr": 0.006374140131741499,
  "seed": 1596114159,
  "weight_decay": 1.409993994434896e-07
}