{
  "beta_1": 0.1471843007584966,
  "beta_2": 0.7216159433038611,
  "epsilon": 0.00023905684297996437,
  "lr": 0.0034779256171357325,
  "seed": 770984983,
  "weight_decay": 0.0011327288341948553
}