{
  "beta_1": 0.7555856097719617,
  "beta_2": 0.2019157365528007,
  "epsilon": 6.77298548042787e-06,
  "lr": 4.00609238242873e-06,
  "seed": 1064716987,
  "weight_decay": 2.349443370705168e-06
}