{
  "beta_1": 0.40513787328215933,
  "beta_2": 0.32364661703803665,
  "epsilon": 6.286582620857317e-05,
  "lr": 0.0004978449583257125,
  "seed": 285236796.1408305,
  "weight_decay": 1.4735447970896142e-05
}