{
  "beta_1": 0.611927258551149,
  "beta_2": 0.2143303989213437,
  "epsilon": 4.213510590699631e-10,
  "lr": 0.09162084376090723,
  "seed": 1919079032.1110418,
  "weight_decay": 1.556243698653197e-07
}