{
  "beta_1": 0.1481721586904905,
  "beta_2": 0.4451941588533358,
  "epsilon": 1.841655341787426e-05,
  "lr": 0.0007491723603378769,
  "seed": 587677543,
  "weight_decay": 0.002739349944944023
}