{
  "beta_1": 0.6259201651609215,
  "beta_2": 0.31472742683855914,
  "epsilon": 3.622122888766554e-05,
  "lr": 0.0005917711077498874,
  "seed": 493114793,
  "weight_decay": 1.9633818499923552e-05
}