{
  "beta_1": 0.20466207337666803,
  "beta_2": 0.24830789545938975,
  "epsilon": 4.449885036343296e-09,
  "lr": 0.0457009398433191,
  "seed": 1537675446,
  "weight_decay": 0.0026916008519691694
}