{
  "beta_1": 0.9198083456414943,
  "beta_2": 0.7011645598933722,
  "epsilon": 5.8376116499120634e-09,
  "lr": 7.042261592952357e-05,
  "seed": 1960634787,
  "weight_decay": 3.695159872331687e-08
}