{
  "beta_1": 0.5865395437659302,
  "beta_2": 0.8478364849255905,
  "epsilon": 8.92766329087389e-09,
  "lr": 0.011435291402325779,
  "seed": 2073366766,
  "weight_decay": 0.0012450910637235
}