{
  "beta_1": 0.878045351234637,
  "beta_2": 0.992877851341058,
  "epsilon": 4.251848636110212e-09,
  "lr": 0.0002659408540823326,
  "seed": 89846922.77721947,
  "weight_decay": 6.694401917488626e-05
}