{
  "beta_1": 0.4789413791410527,
  "beta_2": 0.8681802447958864,
  "epsilon": 2.5462259451586745e-06,
  "lr": 0.00990206011724874,
  "seed": 511529108,
  "weight_decay": 1.554807985038143e-05
}