{
  "beta_1": 0.8909962090122109,
  "beta_2": 0.1761258633702379,
  "epsilon": 6.093308981246434e-07,
  "lr": 0.0005007773692762642,
  "seed": 1568776034,
  "weight_decay": 2.0213574555666707e-07
}