{
  "beta_1": 0.4086486940269405,
  "beta_2": 0.45950720840451953,
  "epsilon": 5.9986681172459785e-06,
  "lr": 0.021678938036351,
  "seed": 677909711,
  "weight_decay": 8.738430043696061e-06
}