{
  "beta_1": 0.9970453171513158,
  "beta_2": 0.9069508624643219,
  "epsilon": 0.00016370968461916274,
  "lr": 0.004164968625370843,
  "seed": 884064505,
  "weight_decay": 0.0007086061185492792
}