{
  "beta_1": 0.19217776533041794,
  "beta_2": 0.7026561040011553,
  "epsilon": 1.43404267911055e-06,
  "lr": 8.908164283473264e-05,
  "seed": 1927226893.4617245,
  "weight_decay": 2.8097925053645635e-07
}