{
  "beta_1": 0.7305705824707353,
  "beta_2": 0.3691704121912618,
  "epsilon": 9.24622628403086e-06,
  "lr": 1.1196471758693593e-05,
  "seed": 556139055,
  "weight_decay": 4.022460793466383e-06
}