{
  "beta_1": 0.7962202697860179,
  "beta_2": 0.9632935326598906,
  "epsilon": 1.3727250354077404e-10,
  "lr": 2.5063358002030012e-05,
  "seed": 921919253,
  "weight_decay": 0.0055785496159487385
}