{
  "beta_1": 0.9562936988714031,
  "beta_2": 0.6420261172867214,
  "epsilon": 1.1117925281705948e-09,
  "lr": 0.0004355077264532493,
  "seed": 469637786,
  "weight_decay": 6.712696733784772e-06
}