{
  "beta_1": 0.8375246347217026,
  "beta_2": 0.7056384353599292,
  "epsilon": 4.047685234833772e-09,
  "lr": 0.005055233438967001,
  "seed": 913633846.8100328,
  "weight_decay": 3.843955815022253e-06
}