{
  "beta_1": 0.23663415659621898,
  "beta_2": 0.12139833590301338,
  "epsilon": 4.804029871994647e-10,
  "lr": 8.460372593866393e-06,
  "seed": 1020567361.255427,
  "weight_decay": 2.7474905558417522e-06
}