{
  "beta_1": 0.9121598961589862,
  "beta_2": 0.4883526040166106,
  "epsilon": 2.3536162715193994e-10,
  "lr": 0.0014260360199610782,
  "seed": 519271046,
  "weight_decay": 0.00010526333071751252
}