{
  "beta_1": 0.5005697485132433,
  "beta_2": 0.5040202184031987,
  "epsilon": 3.0798201696354064e-10,
  "lr": 4.6629544570635294e-05,
  "seed": 1021567105,
  "weight_decay": 0.00037780079997137736
}