{
  "beta_1": 0.4984946744444413,
  "beta_2": 0.22963507139270375,
  "epsilon": 1.2208458513316283e-10,
  "lr": 0.002533243502606752,
  "seed": 1646677075.9062738,
  "weight_decay": 1.6171178278297883e-08
}