{
  "beta_1": 0.8524756663578029,
  "beta_2": 0.9351383766079954,
  "epsilon": 1.3380338976525437e-09,
  "lr": 2.4554553238241362e-06,
  "seed": 1607023244,
  "weight_decay": 7.640571118469644e-05
}