{
  "beta_1": 0.6935710216308565,
  "beta_2": 0.22885199185385094,
  "epsilon": 4.049992498849216e-07,
  "lr": 0.000288941550716464,
  "seed": 1065209252.325115,
  "weight_decay": 3.518291408088065e-05
}