{
  "beta_1": 0.14927438460529632,
  "beta_2": 0.916154470377525,
  "epsilon": 1.2077352147825375e-08,
  "lr": 0.0041892080134935915,
  "seed": 875471250.6847141,
  "weight_decay": 0.0019855652247434403
}