{
  "beta_1": 0.1490122624438364,
  "beta_2": 0.47940154270620705,
  "epsilon": 7.87529470375186e-05,
  "lr": 0.002605465468835068,
  "seed": 1830537762,
  "weight_decay": 0.0020983228673259967
}