{
  "beta_1": 0.24106217771818092,
  "beta_2": 0.3810126259471561,
  "epsilon": 6.993888294459262e-08,
  "lr": 0.0038194137856413534,
  "seed": 710421157.6591736,
  "weight_decay": 6.729232059453805e-08
}