{
  "beta_1": 0.6688795240285896,
  "beta_2": 0.6228239348489504,
  "epsilon": 4.12997833274924e-09,
  "lr": 4.4363111766976854e-05,
  "seed": 1171497321,
  "weight_decay": 0.007102187184192064
}