{
  "beta_1": 0.3273281806022956,
  "beta_2": 0.9851595726266815,
  "epsilon": 1.6873894719098407e-05,
  "lr": 0.0010811407857918062,
  "seed": 579415595,
  "weight_decay": 1.4502402365948318e-06
}