{
  "beta_1": 0.820000406923811,
  "beta_2": 0.34123572856233103,
  "epsilon": 7.343107516682133e-06,
  "lr": 0.0002393857928868783,
  "seed": 191908309,
  "weight_decay": 8.746038281753973e-06
}