{
  "beta_1": 0.22094196864893995,
  "beta_2": 0.4161122303775001,
  "epsilon": 1.0522489534635849e-05,
  "lr": 0.0013675626759548538,
  "seed": 605768150,
  "weight_decay": 1.8833115269289564e-05
}