{
  "beta_1": 0.31124507896050024,
  "beta_2": 0.9964599326726682,
  "epsilon": 1.3141256993701052e-10,
  "lr": 1.8197171501936994e-06,
  "seed": 1723640910,
  "weight_decay": 1.1896265730788461e-07
}