{
  "beta_1": 0.41438867057263207,
  "beta_2": 0.17520567669985188,
  "epsilon": 5.094959766291981e-06,
  "lr": 2.8262497779742737e-05,
  "seed": 364973878,
  "weight_decay": 1.5913303067896992e-08
}