{
  "beta_1": 0.8126008911531407,
  "beta_2": 0.6996790746165579,
  "epsilon": 3.1491034513259305e-09,
  "lr": 0.0005709423810117652,
  "seed": 457585951.58227825,
  "weight_decay": 3.6586156827931756e-08
}