{
  "beta_1": 0.1365278265072152,
  "beta_2": 0.24567733581184503,
  "epsilon": 0.0009190925751490728,
  "lr": 0.00018721235417968915,
  "seed": 1205805055.0515537,
  "weight_decay": 3.8112871388892478e-06
}