{
  "beta_1": 0.839351420115674,
  "beta_2": 0.4640279287235739,
  "epsilon": 1.1631354600563241e-08,
  "lr": 0.00036726686136471804,
  "seed": 1906822216,
  "weight_decay": 1.0696155742203544e-08
}