{
  "beta_1": 0.6009820808618708,
  "beta_2": 0.48633416273152563,
  "epsilon": 2.911222103419194e-06,
  "lr": 0.0010041952964071196,
  "seed": 1092193346,
  "weight_decay": 7.641766971643609e-07
}