{
  "beta_1": 0.4582638058979055,
  "beta_2": 0.29302147248334853,
  "epsilon": 1.2358804840694352e-10,
  "lr": 0.0024066875795058854,
  "seed": 1106969271,
  "weight_decay": 2.449751912455077e-07
}