{
  "beta_1": 0.16450543785884142,
  "beta_2": 0.34498502138764564,
  "epsilon": 2.8412356865203125e-07,
  "lr": 0.006633351908318411,
  "seed": 1709895095,
  "weight_decay": 1.8095897563829262e-07
}