{
  "beta_1": 0.4274958214282105,
  "beta_2": 0.2790561503381237,
  "epsilon": 0.00021705354067159147,
  "lr": 2.8019426021560535e-05,
  "seed": 771002737.4373745,
  "weight_decay": 0.00014167727314310407
}