{
  "beta_1": 0.45319195170281346,
  "beta_2": 0.15401021810192453,
  "epsilon": 6.110745953772706e-09,
  "lr": 0.0016736803053443697,
  "seed": 439973525.4507944,
  "weight_decay": 3.9548969093981044e-08
}