{
  "beta_1": 0.4151929664459746,
  "beta_2": 0.5163429838806415,
  "epsilon": 0.00033014280125052086,
  "lr": 6.509620541497065e-05,
  "seed": 1219054634.6831748,
  "weight_decay": 0.0007469488146282928
}