{
  "beta_1": 0.22618249603506657,
  "beta_2": 0.9990482907353572,
  "epsilon": 4.436419352537778e-06,
  "lr": 0.015585261510654026,
  "seed": 457579945,
  "weight_decay": 4.680724354940029e-08
}