{
  "beta_1": 0.16357771311990651,
  "beta_2": 0.7883411319663566,
  "epsilon": 3.851688620111188e-08,
  "lr": 6.471827276657769e-05,
  "seed": 1015227685,
  "weight_decay": 6.341051879107206e-05
}