{
  "beta_1": 0.678378711696232,
  "beta_2": 0.7280883505935645,
  "epsilon": 3.0604107312086436e-08,
  "lr": 0.0010036417982327809,
  "seed": 2027716421.8046288,
  "weight_decay": 3.471615855381275e-05
}