{
  "beta_1": 0.3420753906872693,
  "beta_2": 0.11580561247264509,
  "epsilon": 0.00011128118830378831,
  "lr": 5.795299391839062e-05,
  "seed": 1499281981,
  "weight_decay": 0.0012535887070969716
}