{
  "beta_1": 0.9819900166763375,
  "beta_2": 0.5419478940354565,
  "epsilon": 1.875186383894644e-09,
  "lr": 0.00011169799064122049,
  "seed": 735090432,
  "weight_decay": 1.4235428832696331e-08
}