{
  "beta_1": 0.450283387659554,
  "beta_2": 0.2640158135048738,
  "epsilon": 3.2962797705923e-10,
  "lr": 0.0008112859111684557,
  "seed": 1763736385,
  "weight_decay": 1.143950748065823e-08
}