{
  "beta_1": 0.566588272058077,
  "beta_2": 0.5810147470426146,
  "epsilon": 2.77197187087897e-09,
  "lr": 0.02008301125163504,
  "seed": 1445364134,
  "weight_decay": 4.810740667466637e-06
}