{
  "beta_1": 0.5655043651706683,
  "beta_2": 0.5925496258549733,
  "epsilon": 2.7046636832428113e-07,
  "lr": 0.0001595905285912522,
  "seed": 191908309,
  "weight_decay": 1.341353634747883e-07
}