{
  "beta_1": 0.717754410485505,
  "beta_2": 0.11490059327518262,
  "epsilon": 1.3164247011439804e-07,
  "lr": 1.649395403665863e-05,
  "seed": 7613805,
  "weight_decay": 0.0001378163408077516
}