{
  "beta_1": 0.9345550332018872,
  "beta_2": 0.8456530046563863,
  "epsilon": 2.615221502629179e-06,
  "lr": 1.0029478838203515e-06,
  "seed": 249145316,
  "weight_decay": 8.750606771692555e-07
}