{
  "beta_1": 0.8402521200830808,
  "beta_2": 0.3387061000697248,
  "epsilon": 2.781993600641776e-08,
  "lr": 0.00013976175393871332,
  "seed": 1267376523,
  "weight_decay": 3.536875828446832e-05
}