{
  "beta_1": 0.5707107829608725,
  "beta_2": 0.7897066848770927,
  "epsilon": 2.3624221987237773e-08,
  "lr": 0.0017947684643499296,
  "seed": 1412358235.6742,
  "weight_decay": 0.001116501369537232
}