{
  "beta_1": 0.2535656744240291,
  "beta_2": 0.33422253679179137,
  "epsilon": 1.1184165227654584e-10,
  "lr": 0.015036633080070739,
  "seed": 1820181487,
  "weight_decay": 3.278380649997996e-07
}