{
  "beta_1": 0.137975887627253,
  "beta_2": 0.8358236343563024,
  "epsilon": 1.6010176448046848e-05,
  "lr": 0.0007829632780370518,
  "seed": 1125405408,
  "weight_decay": 0.00220988819405246
}