{
  "beta_1": 0.7932954353661742,
  "beta_2": 0.8559329686074465,
  "epsilon": 1.3944782956936693e-06,
  "lr": 0.006932830302474703,
  "seed": 1988365182,
  "weight_decay": 1.0311790012148136e-06
}