{
  "beta_1": 0.6199940071792915,
  "beta_2": 0.8472083330925366,
  "epsilon": 1.3837305147858038e-06,
  "lr": 0.0020378991748316866,
  "seed": 1412571537.2698362,
  "weight_decay": 0.00553021205942794
}