{
  "beta1": 0.30699169690309036,
  "beta2": 0.9998636765593114,
  "epsilon": 1.515088623637576e-08,
  "lr": 0.0006897266271353277,
  "seed": 1593202681,
  "weight_decay": 1.723993710870108e-05,
  "x_beta1": -1.2069192733590377,
  "x_beta2": 10.117535278478316
}