{
  "beta_1": 0.9704098385838451,
  "beta_2": 0.8366629387874002,
  "epsilon": 0.00024004976469653325,
  "lr": 0.027044370461458137,
  "seed": 1503568716,
  "weight_decay": 0.0009497417467377864
}