{
  "beta_1": 0.8151821627741718,
  "beta_2": 0.974192726212783,
  "epsilon": 2.2009437354899584e-07,
  "lr": 1.831098450469251e-05,
  "seed": 1972025637,
  "weight_decay": 0.005027685769760594
}