{
  "beta_1": 0.15104651927639956,
  "beta_2": 0.1377619272531746,
  "epsilon": 3.7468797436636444e-09,
  "lr": 0.003174826630261557,
  "seed": 877790027,
  "weight_decay": 7.763052301645487e-06
}