{
  "beta_1": 0.12723950734359507,
  "beta_2": 0.5900812159403198,
  "epsilon": 7.683628202105422e-05,
  "lr": 0.00018499120573907366,
  "seed": 1112250308,
  "weight_decay": 0.0005735540278504402
}