{
  "beta_1": 0.12847811777831777,
  "beta_2": 0.5433943394692082,
  "epsilon": 1.7981891113082044e-06,
  "lr": 0.00040844227964264245,
  "seed": 621065990.3749323,
  "weight_decay": 2.7506114201059124e-08
}