{
  "beta_1": 0.3940506347288376,
  "beta_2": 0.15466938657438303,
  "epsilon": 6.66192481081448e-05,
  "lr": 6.365815181505322e-06,
  "seed": 1924177085,
  "weight_decay": 0.0017143813050855532
}