{
  "beta_1": 0.5516507347584212,
  "beta_2": 0.5200621388083536,
  "epsilon": 4.792788017313483e-07,
  "lr": 0.0009179536214151791,
  "seed": 986495316.3801063,
  "weight_decay": 0.0004080104330004077
}