{
  "beta_1": 0.3877878771401503,
  "beta_2": 0.6010755314765672,
  "epsilon": 2.6679146941920898e-06,
  "lr": 0.00012578826866936678,
  "seed": 1832652671,
  "weight_decay": 2.174880576010764e-07
}