{
  "beta_1": 0.37699157218402235,
  "beta_2": 0.8996236701628708,
  "epsilon": 5.3021213891255286e-05,
  "lr": 0.0022390891792210313,
  "seed": 1837078860,
  "weight_decay": 5.494975703848162e-08
}