{
  "beta1": 0.9989817379109699,
  "beta2": 0.1008711987197222,
  "epsilon": 2.6623370024958916e-07,
  "lr": 0.03011193200719911,
  "seed": 601126595,
  "weight_decay": 0.0028020463907018536,
  "x_beta1": 10.804190726123194,
  "x_beta2": -6.939200247898853
}