{
  "beta_1": 0.7798822953994847,
  "beta_2": 0.18769560616313535,
  "epsilon": 4.489785472967843e-06,
  "lr": 0.019987759628556506,
  "seed": 1502155147,
  "weight_decay": 0.00013280877184045553
}