{
  "beta_1": 0.9974883330286726,
  "beta_2": 0.5524418784061178,
  "epsilon": 1.6960402562405882e-08,
  "lr": 0.009031489194645272,
  "seed": 806452383,
  "weight_decay": 5.83554494632705e-07
}