{
  "beta_1": 0.8262327575042437,
  "beta_2": 0.5851647942060869,
  "epsilon": 3.090141160756068e-09,
  "lr": 0.0004418343904918317,
  "seed": 1253501792,
  "weight_decay": 1.8621499962416016e-07
}