{
  "beta_1": 0.13176089352399378,
  "beta_2": 0.7182438573117625,
  "epsilon": 4.7648818417578704e-06,
  "lr": 0.0003825167065980952,
  "seed": 1607482963,
  "weight_decay": 7.913001196460061e-05
}