{
  "beta_1": 0.6024179584899192,
  "beta_2": 0.3571721942894812,
  "epsilon": 1.1628013264441115e-09,
  "lr": 0.0037319061975240294,
  "seed": 2066403519,
  "weight_decay": 4.788079039002615e-08
}