{
  "beta_1": 0.4595528961978014,
  "beta_2": 0.25550639606421555,
  "epsilon": 1.0868214970134427e-06,
  "lr": 1.788360967345997e-05,
  "seed": 708423494,
  "weight_decay": 5.31734411177713e-06
}