{
  "beta_1": 0.7706703070864046,
  "beta_2": 0.23966770157342399,
  "epsilon": 7.894568570266948e-08,
  "lr": 0.05731275250367476,
  "seed": 688546528,
  "weight_decay": 0.00013899048046063904
}