{
  "beta_1": 0.590005815616685,
  "beta_2": 0.7393702210462162,
  "epsilon": 5.509849894463731e-08,
  "lr": 0.0011999077426141428,
  "seed": 1435653340,
  "weight_decay": 1.388451186542319e-08
}