{
  "beta1": 0.9125390172096247,
  "beta2": 0.10000908042511933,
  "epsilon": 1.9712483159845923e-07,
  "lr": 0.005471246919705582,
  "seed": 928562676,
  "weight_decay": 3.6022579040000563e-06,
  "x_beta1": 1.7923765504498008,
  "x_beta2": -13.804689388394756
}