{
  "beta1": 0.10000443668203196,
  "beta2": 0.10000102812783118,
  "epsilon": 1.4103107410836563e-06,
  "lr": 1.1230640665601371e-05,
  "seed": 58330548,
  "weight_decay": 0.004310920365373328,
  "x_beta1": -9.77530125706308,
  "x_beta2": -16.41875792859364
}