{
  "beta_1": 0.21503793412945715,
  "beta_2": 0.35519725819550574,
  "epsilon": 4.7387195884039495e-06,
  "lr": 3.189491964057974e-06,
  "seed": 899886075,
  "weight_decay": 1.3990020098017824e-05
}