{
  "beta_1": 0.36200417118189243,
  "beta_2": 0.7875198650106662,
  "epsilon": 0.00011898780687102852,
  "lr": 0.01906289185762214,
  "seed": 2080065470,
  "weight_decay": 4.5565536388115303e-07
}