{
  "beta_1": 0.4509515006718997,
  "beta_2": 0.26952654456471636,
  "epsilon": 2.7693007915168804e-07,
  "lr": 0.00044785664195591416,
  "seed": 1394881215,
  "weight_decay": 9.221033300698614e-05
}