{
  "beta_1": 0.6024834684192304,
  "beta_2": 0.24135575897886602,
  "epsilon": 9.08371997515144e-05,
  "lr": 0.00027143650816524627,
  "seed": 984761484,
  "weight_decay": 1.4136498261766614e-06
}