{
  "beta_1": 0.9938754974484185,
  "beta_2": 0.31968414097630105,
  "epsilon": 2.78448802221726e-05,
  "lr": 1.508090909674304e-05,
  "seed": 2033512130,
  "weight_decay": 0.00035000766426042113
}