{
  "beta_1": 0.300713037756726,
  "beta_2": 0.24849378700687888,
  "epsilon": 0.00015707435173911507,
  "lr": 0.005238127925528803,
  "seed": 1151132174,
  "weight_decay": 1.9725121305844693e-08
}