{
  "beta_1": 0.891263860353414,
  "beta_2": 0.38346302894159545,
  "epsilon": 7.017796081044606e-10,
  "lr": 1.5597588666779737e-05,
  "seed": 1221135919,
  "weight_decay": 7.322625194009157e-05
}