{
  "beta_1": 0.3494465420406546,
  "beta_2": 0.7554373678556805,
  "epsilon": 2.067406051035702e-08,
  "lr": 0.0047050396055861084,
  "seed": 1098963196,
  "weight_decay": 0.00025466666192197574
}