{
  "beta_1": 0.4318523318893124,
  "beta_2": 0.10128957469444345,
  "epsilon": 4.4416719005808005e-07,
  "lr": 0.04164485443920795,
  "seed": 1839492167,
  "weight_decay": 0.001292153167949735
}