{
  "beta_1": 0.7623585875880267,
  "beta_2": 0.5882474469567974,
  "epsilon": 1.5422412173862207e-08,
  "lr": 2.027450288531778e-05,
  "seed": 146551215,
  "weight_decay": 1.8630788748919342e-06
}