{
  "beta1": 0.16048439760539765,
  "beta2": 0.8253518631619436,
  "epsilon": 2.325350016689912e-08,
  "lr": 0.0242892488168229,
  "seed": 1634044171,
  "weight_decay": 1.3382645473588336e-05,
  "x_beta1": 13.210389775017225,
  "x_beta2": 9.170357392914129
}