{
  "beta_1": 0.5360844182061515,
  "beta_2": 0.7463617172246723,
  "epsilon": 1.9082523559886985e-08,
  "lr": 8.105682706582532e-05,
  "seed": 1206865058.5201187,
  "weight_decay": 8.486489196013276e-07
}