{
  "beta_1": 0.3636154578352868,
  "beta_2": 0.2924838158361207,
  "epsilon": 7.738432319312923e-07,
  "lr": 2.8156049844723807e-05,
  "seed": 1575101228,
  "weight_decay": 1.0172807141421907e-08
}