{
  "beta_1": 0.7351952095475053,
  "beta_2": 0.8110518223580471,
  "epsilon": 0.000391606003592743,
  "lr": 0.0034862128460305957,
  "seed": 1810067157.6423843,
  "weight_decay": 3.6791170315546093e-06
}