{
  "beta_1": 0.21118198401233856,
  "beta_2": 0.6823640677364556,
  "epsilon": 0.0003458401859269405,
  "lr": 7.756210755761024e-05,
  "seed": 1095976670,
  "weight_decay": 7.068017000658186e-08
}