{
  "beta_1": 0.18947944149472856,
  "beta_2": 0.9281936756740847,
  "epsilon": 1.855466799590835e-09,
  "lr": 0.00022921183441813346,
  "seed": 268991453.08614194,
  "weight_decay": 3.455911886386259e-06
}