{
  "beta_1": 0.8068856584025623,
  "beta_2": 0.4778537402247003,
  "epsilon": 8.959068845178919e-06,
  "lr": 0.022375464194342044,
  "seed": 1758845709,
  "weight_decay": 0.002860888454001238
}