{
  "beta_1": 0.45147626133760543,
  "beta_2": 0.7701512360328743,
  "epsilon": 3.2409708028208856e-06,
  "lr": 0.07512392792579416,
  "seed": 1058877243.0711185,
  "weight_decay": 0.00010292528753460175
}