{
  "beta_1": 0.7582365141943033,
  "beta_2": 0.6830246482249133,
  "epsilon": 2.5974397880731576e-06,
  "lr": 1.1169625465658691e-05,
  "seed": 658181990.7227911,
  "weight_decay": 0.00012603694400593267
}