{
  "beta1": 0.10001405090440824,
  "beta2": 0.100842318965247,
  "epsilon": 1.70925197099552e-05,
  "lr": 0.0006288317019401529,
  "seed": 1044813789,
  "weight_decay": 1.489469734556993e-07,
  "x_beta1": -8.853068735559466,
  "x_beta2": 2.0062744534591044
}