{
  "beta1": 0.1025831309310551,
  "beta2": 0.4296837988643949,
  "epsilon": 4.956165518404701e-10,
  "lr": 0.0029728654444500435,
  "seed": 144319678,
  "weight_decay": 0.0011925957274677398,
  "x_beta1": -5.8494033580756915,
  "x_beta2": -0.5478815793021816
}