{
  "beta_1": 0.5914424624471057,
  "beta_2": 0.2670715732551033,
  "epsilon": 6.548990739188987e-10,
  "lr": 3.09364122105664e-06,
  "seed": 1560773811,
  "weight_decay": 0.0026981774445365477
}