{
  "beta_1": 0.10714672258121509,
  "beta_2": 0.665041845388505,
  "epsilon": 6.472982076542238e-05,
  "lr": 2.7100329031500635e-05,
  "seed": 1323019176.7475078,
  "weight_decay": 1.8387161327584102e-06
}