{
  "beta_1": 0.3255443888786118,
  "beta_2": 0.867369663025576,
  "epsilon": 1.388854428834974e-10,
  "lr": 4.418030455860997e-05,
  "seed": 542944474.0789322,
  "weight_decay": 1.3469219546122992e-05
}