{
  "beta1": 0.9933074349096143,
  "beta2": 0.10000168862431617,
  "epsilon": 1.647730169321516e-09,
  "lr": 0.0010221072225471974,
  "seed": 426839193,
  "weight_decay": 0.009529158116226524,
  "x_beta1": 5.055769840342146,
  "x_beta2": -13.186122865214834
}