{
  "beta_1": 0.807974204131269,
  "beta_2": 0.706281043609962,
  "epsilon": 1.963041124123185e-10,
  "lr": 0.00011968592915270878,
  "seed": 1456848797,
  "weight_decay": 0.002095705390424144
}