{
  "beta_1": 0.41212601693875217,
  "beta_2": 0.969790951876729,
  "epsilon": 0.0007337422749974174,
  "lr": 0.00148014905877446,
  "seed": 1563964892.988248,
  "weight_decay": 1.500871082116967e-08
}