{
  "beta_1": 0.729994932060791,
  "beta_2": 0.6537457767200395,
  "epsilon": 6.888960023733327e-06,
  "lr": 0.00028345242143440474,
  "seed": 2096636253,
  "weight_decay": 2.296775003041119e-07
}