{
  "beta_1": 0.8940419366820872,
  "beta_2": 0.7672233346597526,
  "epsilon": 8.238920813294388e-08,
  "lr": 0.01620575608459469,
  "seed": 996728456.9351531,
  "weight_decay": 0.008464641416986734
}