{
  "beta_1": 0.6479992428848345,
  "beta_2": 0.9381340903386295,
  "epsilon": 2.7692602904280255e-08,
  "lr": 0.00036226822800426375,
  "seed": 1425872818,
  "weight_decay": 4.8553979529348225e-05
}