{
  "beta_1": 0.8059836894892438,
  "beta_2": 0.7436639063527927,
  "epsilon": 4.947323046206734e-09,
  "lr": 1.2180086643933974e-06,
  "seed": 1417758216.3673182,
  "weight_decay": 0.0003823986253875404
}