{
  "beta_1": 0.6244514645548269,
  "beta_2": 0.7590764837139543,
  "epsilon": 2.588918582256054e-05,
  "lr": 1.3593774680770387e-05,
  "seed": 2079988964.7397585,
  "weight_decay": 9.50204940424299e-06
}