{
  "beta_1": 0.19212196556999583,
  "beta_2": 0.42142693707780166,
  "epsilon": 3.5478191778834002e-09,
  "lr": 2.8373972871046087e-06,
  "seed": 1361466577,
  "weight_decay": 1.1356205907570587e-07
}