{
  "beta_1": 0.48243423281486075,
  "beta_2": 0.2607849431098579,
  "epsilon": 1.4591900447167659e-08,
  "lr": 0.0003011677006278429,
  "seed": 674513748.557356,
  "weight_decay": 0.0016107918670623508
}