{
  "beta_1": 0.6720875010692293,
  "beta_2": 0.3188844982379515,
  "epsilon": 6.16031066614952e-10,
  "lr": 0.0011087737035300723,
  "seed": 1723785377.6179523,
  "weight_decay": 2.489961223512491e-08
}