{
  "beta_1": 0.6012593608481351,
  "beta_2": 0.8346698940249654,
  "epsilon": 1.9434007143439163e-08,
  "lr": 0.003105895961716832,
  "seed": 151180277.32060328,
  "weight_decay": 4.252726706574872e-06
}