{
  "beta_1": 0.19011871017711637,
  "beta_2": 0.3241721443316128,
  "epsilon": 0.00010565590632892054,
  "lr": 0.0016734832201801772,
  "seed": 104167178,
  "weight_decay": 0.0005450068720718908
}