{
  "beta_1": 0.39140896421942806,
  "beta_2": 0.1343160248660758,
  "epsilon": 0.00012444087235346317,
  "lr": 0.013458969506500211,
  "seed": 1001876530,
  "weight_decay": 0.0003205108186026326
}