{
  "beta_1": 0.513070213044852,
  "beta_2": 0.18993728627283085,
  "epsilon": 1.3122647915668964e-07,
  "lr": 1.508514423822549e-05,
  "seed": 1733045332,
  "weight_decay": 0.008605902202947692
}