{
  "beta_1": 0.27378091705542834,
  "beta_2": 0.20627001835083225,
  "epsilon": 0.0001368160944955733,
  "lr": 6.616044641863415e-05,
  "seed": 244066238,
  "weight_decay": 2.8443236803348594e-07
}