{
  "beta_1": 0.6496690612741014,
  "beta_2": 0.8616269538437386,
  "epsilon": 1.0330568261513707e-10,
  "lr": 0.0006325149792204064,
  "seed": 1826755038,
  "weight_decay": 7.084505854953056e-07
}