{
  "beta_1": 0.2694977071709107,
  "beta_2": 0.6251026359622739,
  "epsilon": 1.1871899060117653e-06,
  "lr": 4.891886813404963e-06,
  "seed": 1664361923,
  "weight_decay": 2.013805908300129e-08
}