{
  "beta_1": 0.2624571527043982,
  "beta_2": 0.9148323128262956,
  "epsilon": 0.00012417671914898175,
  "lr": 6.603430893341616e-05,
  "seed": 1329393521.8952112,
  "weight_decay": 1.8598775081121553e-07
}