{
  "beta_1": 0.27746514725212523,
  "beta_2": 0.344715557324042,
  "epsilon": 0.00011779901488256633,
  "lr": 0.0057154361749288075,
  "seed": 522893467,
  "weight_decay": 1.6046521105123827e-06
}