{
  "beta_1": 0.7330023218023806,
  "beta_2": 0.16680203838270294,
  "epsilon": 4.46958795412925e-08,
  "lr": 5.047141875960924e-05,
  "seed": 722437423,
  "weight_decay": 0.00011051563167721448
}