{
  "beta1": 0.1373869082728269,
  "beta2": 0.100204477813867,
  "epsilon": 1.860844704926133e-08,
  "lr": 8.603106114310995e-05,
  "seed": 1104580989,
  "weight_decay": 0.00010345773181635954,
  "x_beta1": -3.1374857234372406,
  "x_beta2": -8.38935219643561
}