{
  "beta_1": 0.10027416903245472,
  "beta_2": 0.18115636525839787,
  "epsilon": 5.961242812871554e-07,
  "lr": 0.00077926122213678,
  "seed": 1944894012,
  "weight_decay": 1.5974294513326867e-08
}