{
  "beta_1": 0.213846786791755,
  "beta_2": 0.8355044312764895,
  "epsilon": 2.4546708374707673e-06,
  "lr": 1.384804444700757e-06,
  "seed": 1711529600,
  "weight_decay": 9.50347381063807e-05
}