{
  "beta_1": 0.4960170882974515,
  "beta_2": 0.5142752035243418,
  "epsilon": 8.109292219311821e-08,
  "lr": 0.0073865463203956795,
  "seed": 997039678,
  "weight_decay": 2.4874348719608875e-07
}