{
  "beta_1": 0.4255155967214235,
  "beta_2": 0.9728698091002466,
  "epsilon": 2.050536368335479e-06,
  "lr": 3.2186329426749856e-05,
  "seed": 365761203,
  "weight_decay": 8.803011204439708e-06
}