{
  "beta_1": 0.8646122057108157,
  "beta_2": 0.2815552623017865,
  "epsilon": 4.638186206514441e-08,
  "lr": 0.0013395067690591992,
  "seed": 1426186540,
  "weight_decay": 7.676394874569997e-08
}