{
  "beta_1": 0.5771772309597853,
  "beta_2": 0.6839498439817219,
  "epsilon": 9.348682888319572e-08,
  "lr": 0.0002657979365819835,
  "seed": 54485508.53265095,
  "weight_decay": 7.388086760113929e-05
}