{
  "beta_1": 0.28551414242058376,
  "beta_2": 0.24110536899123017,
  "epsilon": 9.407177296352448e-09,
  "lr": 9.66757399113462e-05,
  "seed": 650746094,
  "weight_decay": 3.735117798552361e-07
}