{
  "beta_1": 0.4336194117877763,
  "beta_2": 0.8905100546630517,
  "epsilon": 1.2642718991257238e-05,
  "lr": 0.015551735122862658,
  "seed": 1566931129.1836462,
  "weight_decay": 8.483001505732208e-06
}