{
  "beta_1": 0.3090990096725629,
  "beta_2": 0.10149799436327282,
  "epsilon": 2.072896418320082e-07,
  "lr": 7.36347168549656e-05,
  "seed": 1456938787,
  "weight_decay": 4.184488621239313e-05
}