{
  "beta_1": 0.622379205250877,
  "beta_2": 0.10853609855371138,
  "epsilon": 2.9149960710449144e-09,
  "lr": 0.0009347607760264796,
  "seed": 1597588967.3860333,
  "weight_decay": 0.000415049271928395
}