{
  "beta_1": 0.6958459989761978,
  "beta_2": 0.5941274259069347,
  "epsilon": 0.0002593642521098061,
  "lr": 2.847943669519721e-05,
  "seed": 1525289559,
  "weight_decay": 2.0720680928688933e-08
}