{
  "beta_1": 0.6652762263130665,
  "beta_2": 0.12044979577037362,
  "epsilon": 5.976095171120882e-07,
  "lr": 3.1163981485133285e-05,
  "seed": 441073013,
  "weight_decay": 2.1495079861123038e-05
}