{
  "beta_1": 0.28214286245643994,
  "beta_2": 0.2833420559443328,
  "epsilon": 4.707597855042458e-05,
  "lr": 0.00012295278056729812,
  "seed": 653171043,
  "weight_decay": 0.005051809446897025
}