{
  "beta_1": 0.3734410559428937,
  "beta_2": 0.9651978128403663,
  "epsilon": 4.640590613861296e-10,
  "lr": 0.0028025399102669054,
  "seed": 282818426.36604637,
  "weight_decay": 2.9668218163849466e-07
}