{
  "beta_1": 0.4010988508415573,
  "beta_2": 0.3546995758497212,
  "epsilon": 4.132954961005875e-10,
  "lr": 0.00018227308708650247,
  "seed": 1571826693.8224642,
  "weight_decay": 2.6056045509444998e-08
}