{
  "beta_1": 0.9893194201316681,
  "beta_2": 0.4047392661939674,
  "epsilon": 1.1264729005309264e-08,
  "lr": 0.00034905866678634615,
  "seed": 321084810,
  "weight_decay": 0.0009067824473435506
}