{
  "beta1": 0.9929307669031241,
  "beta2": 0.10000341361906506,
  "epsilon": 2.252146888586859e-05,
  "lr": 0.07006394506700461,
  "seed": 1461630221,
  "weight_decay": 9.398835904565154e-05,
  "x_beta1": 5.989532154361403,
  "x_beta2": -9.985809675021493
}