{
  "beta_1": 0.23973658398391992,
  "beta_2": 0.3665122521433207,
  "epsilon": 1.1003690447499546e-08,
  "lr": 0.08514282539291565,
  "seed": 528704387,
  "weight_decay": 2.2741997135122645e-07
}