{
  "beta_1": 0.2001855814713232,
  "beta_2": 0.9289711087645809,
  "epsilon": 5.338495580430608e-06,
  "lr": 0.0029262111927177725,
  "seed": 904904261,
  "weight_decay": 2.56524562524999e-05
}