{
  "beta_1": 0.20201748803631803,
  "beta_2": 0.7713043127150451,
  "epsilon": 6.761342520975101e-07,
  "lr": 0.020055875007996393,
  "seed": 2027738531.8298507,
  "weight_decay": 3.3333186170816307e-07
}