{
  "beta_1": 0.6033412629560254,
  "beta_2": 0.9748694295324546,
  "epsilon": 1.5799622447114328e-09,
  "lr": 3.7658017136493263e-06,
  "seed": 1996086910,
  "weight_decay": 2.429058340106713e-08
}