{
  "beta_1": 0.722511767303509,
  "beta_2": 0.8860192930525226,
  "epsilon": 2.6278808331123925e-08,
  "lr": 7.000088193941554e-06,
  "seed": 81707150,
  "weight_decay": 1.0495225171464933e-07
}