{
  "beta_1": 0.5528634605023922,
  "beta_2": 0.4557339581843163,
  "epsilon": 3.1353245956690356e-06,
  "lr": 0.00017797733474012996,
  "seed": 841828850,
  "weight_decay": 1.8221295104805234e-07
}