{
  "beta_1": 0.6681032957130077,
  "beta_2": 0.1734739899611088,
  "epsilon": 0.0007123386263140654,
  "lr": 2.9290986602220804e-06,
  "seed": 1926595290,
  "weight_decay": 0.0011467659331613487
}