{
  "beta1": 0.9989875534990238,
  "beta2": 0.10000150080343094,
  "epsilon": 1.5264360582012178e-07,
  "lr": 0.08163818108536448,
  "seed": 1931642034,
  "weight_decay": 0.0014781935779605408,
  "x_beta1": -7.275610403931685,
  "x_beta2": -10.64322933754861
}