{
  "beta_1": 0.5908686870464351,
  "beta_2": 0.6989831559014057,
  "epsilon": 4.983303916619374e-07,
  "lr": 0.0012377069311476406,
  "seed": 1435933084,
  "weight_decay": 3.850530864882962e-06
}