{
  "beta_1": 0.4015792713039731,
  "beta_2": 0.22155427959299925,
  "epsilon": 3.7107456487860746e-07,
  "lr": 0.0028143095136280785,
  "seed": 1578656216,
  "weight_decay": 0.0001386647425905693
}