{
  "beta_1": 0.7665323126915407,
  "beta_2": 0.36719796765597357,
  "epsilon": 0.0006509317344541641,
  "lr": 0.0007374932903939406,
  "seed": 512287383,
  "weight_decay": 3.5156582733817507e-07
}