{
  "beta_1": 0.89370080024871,
  "beta_2": 0.2701526741988426,
  "epsilon": 2.046766743624372e-08,
  "lr": 0.0034118316194732814,
  "seed": 660041359.38042,
  "weight_decay": 1.7208738883304e-08
}