{
  "beta_1": 0.3272867442400409,
  "beta_2": 0.5782225432637679,
  "epsilon": 3.975708685350946e-10,
  "lr": 0.00203003519695446,
  "seed": 1204228095,
  "weight_decay": 0.0035011858764621173
}