{
  "beta_1": 0.7388187762299538,
  "beta_2": 0.24526994551243003,
  "epsilon": 9.157393317704945e-05,
  "lr": 8.301451750886099e-05,
  "seed": 939863479,
  "weight_decay": 1.0380917532880815e-06
}