{
  "beta_1": 0.7437983641214146,
  "beta_2": 0.25132179511871056,
  "epsilon": 3.853862167021813e-08,
  "lr": 0.00028036194276499126,
  "seed": 1681446122.7948515,
  "weight_decay": 8.761925884112136e-07
}