{
  "beta_1": 0.8065413488170068,
  "beta_2": 0.586645484811643,
  "epsilon": 2.0607325553596663e-07,
  "lr": 9.529584312083453e-05,
  "seed": 225042457,
  "weight_decay": 0.0002305663483149529
}