{
  "beta_1": 0.110240590059618,
  "beta_2": 0.27855694751417615,
  "epsilon": 6.809382201848957e-06,
  "lr": 0.026724348540748847,
  "seed": 1791154959,
  "weight_decay": 3.243796935330153e-07
}