{
  "beta_1": 0.9851578494392191,
  "beta_2": 0.5356875962261265,
  "epsilon": 3.267432712837212e-07,
  "lr": 1.814921164324148e-05,
  "seed": 1452544503,
  "weight_decay": 4.266486770405167e-08
}