{
  "beta_1": 0.9614778108368678,
  "beta_2": 0.6980623358200327,
  "epsilon": 1.89460208996831e-08,
  "lr": 0.004995207832747943,
  "seed": 345261816,
  "weight_decay": 2.351131221175368e-05
}