{
  "beta_1": 0.5677047775237741,
  "beta_2": 0.5113170678691831,
  "epsilon": 3.2479643729340135e-06,
  "lr": 0.028882340565662662,
  "seed": 1868068222,
  "weight_decay": 6.65887333204798e-05
}