{
  "beta_1": 0.5483779346450243,
  "beta_2": 0.5493654178100377,
  "epsilon": 9.994802151698795e-05,
  "lr": 0.0021317567347983986,
  "seed": 2010867756,
  "weight_decay": 1.2225193498481145e-08
}