{
  "beta_1": 0.7059232840795201,
  "beta_2": 0.3181470409327345,
  "epsilon": 5.4576395911851494e-05,
  "lr": 0.004132118150120055,
  "seed": 1090364354.8271995,
  "weight_decay": 1.5512450818678812e-08
}