{
  "beta_1": 0.9046798977930033,
  "beta_2": 0.34458503649385763,
  "epsilon": 1.84611283909026e-05,
  "lr": 0.00016447562895582454,
  "seed": 183083700,
  "weight_decay": 0.000568090811583192
}