{
  "beta_1": 0.4260266463629212,
  "beta_2": 0.664257200312651,
  "epsilon": 4.302531358577351e-10,
  "lr": 0.0008946687425396107,
  "seed": 1419776077.4203713,
  "weight_decay": 3.552270216575943e-08
}