{
  "beta_1": 0.7189828045237919,
  "beta_2": 0.21257459497534137,
  "epsilon": 2.6466400709227475e-08,
  "lr": 0.0022809474773293017,
  "seed": 312117712,
  "weight_decay": 8.862520207180335e-06
}