{
  "beta_1": 0.1786997703768598,
  "beta_2": 0.6078298646591351,
  "epsilon": 1.2068022810965504e-10,
  "lr": 1.7366672189274449e-06,
  "seed": 7216144,
  "weight_decay": 6.61815801089113e-07
}