{
  "beta_1": 0.10960513499573506,
  "beta_2": 0.3342691245544267,
  "epsilon": 1.3498369322221296e-05,
  "lr": 2.64134667907134e-05,
  "seed": 1338252451,
  "weight_decay": 0.0020472205656697218
}