{
  "beta_1": 0.31982733740575164,
  "beta_2": 0.677238930015905,
  "epsilon": 6.685988089210928e-07,
  "lr": 0.08905999895954908,
  "seed": 390038254,
  "weight_decay": 0.0023309798117098273
}