{
  "beta_1": 0.7534607741856467,
  "beta_2": 0.8266066045874021,
  "epsilon": 3.2226672999615833e-06,
  "lr": 1.8686889368704557e-05,
  "seed": 1935433152.776247,
  "weight_decay": 4.86252549697993e-07
}