{
  "beta_1": 0.11081799876692575,
  "beta_2": 0.20751735847785674,
  "epsilon": 1.5809542370362862e-05,
  "lr": 0.005760905294188335,
  "seed": 1049354393,
  "weight_decay": 3.7622117988813746e-06
}