{
  "beta1": 0.10001405090440824,
  "beta2": 0.100842318965247,
  "epsilon": 7.568463499322306e-05,
  "lr": 0.0006288317019401529,
  "seed": 1044813789,
  "weight_decay": 1.489469734556993e-07,
  "x_beta1": -13.2796031033392,
  "x_beta2": -5.578354969306146
}