{
  "beta_1": 0.6024828254928286,
  "beta_2": 0.6007992399964606,
  "epsilon": 1.6263810773613952e-07,
  "lr": 0.04525594717060144,
  "seed": 1044604712,
  "weight_decay": 0.008064428485681415
}