{
  "beta_1": 0.6585527528603944,
  "beta_2": 0.5194503110386238,
  "epsilon": 0.00028686821157595724,
  "lr": 0.0041735107405628784,
  "seed": 770984983,
  "weight_decay": 0.0013592746010338264
}