{
  "beta_1": 0.9637984338674381,
  "beta_2": 0.6075357134306776,
  "epsilon": 5.149664502233875e-07,
  "lr": 0.007985691971442872,
  "seed": 1475280205,
  "weight_decay": 8.49488218316514e-06
}