{
  "beta1": 0.10037502252855311,
  "beta2": 0.2837936669701691,
  "epsilon": 4.592640015822219e-06,
  "lr": 0.00018896828095626986,
  "seed": 2096636253,
  "weight_decay": 3.174840241226998e-05,
  "x_beta1": -6.225307976726896,
  "x_beta2": 4.803447923066129
}