{
  "beta_1": 0.750310175019842,
  "beta_2": 0.8315520958289137,
  "epsilon": 4.263466228366974e-06,
  "lr": 0.04239036242740342,
  "seed": 1696659706.2664213,
  "weight_decay": 3.44871217857703e-05
}