{
  "beta_1": 0.36114281766096457,
  "beta_2": 0.1873635866685739,
  "epsilon": 5.416825988311932e-08,
  "lr": 0.022639273262674547,
  "seed": 2126269739,
  "weight_decay": 0.0011854444731118278
}