{
  "beta_1": 0.17859487880364314,
  "beta_2": 0.15281266949760686,
  "epsilon": 2.9896186363828435e-05,
  "lr": 0.012947298179718209,
  "seed": 1608048373.2151663,
  "weight_decay": 4.4715107657915184e-05
}