{
  "beta_1": 0.9200321222651398,
  "beta_2": 0.14627668921617598,
  "epsilon": 5.033520216867198e-10,
  "lr": 2.9457385887772567e-06,
  "seed": 1651332039,
  "weight_decay": 4.573078921159475e-06
}