{
  "beta_1": 0.9612135813878723,
  "beta_2": 0.9782862108353139,
  "epsilon": 9.54149748480057e-07,
  "lr": 0.000321327385656239,
  "seed": 1240085572,
  "weight_decay": 5.5359278634968934e-08
}