{
  "beta_1": 0.4333164974133561,
  "beta_2": 0.9537912004811939,
  "epsilon": 1.7636129082252802e-06,
  "lr": 1.894574891543902e-05,
  "seed": 710624565,
  "weight_decay": 1.0683500697243782e-06
}