{
  "beta_1": 0.8101363867597188,
  "beta_2": 0.1825264215804291,
  "epsilon": 0.00014365315431213841,
  "lr": 4.944303027695614e-05,
  "seed": 12740587.298538694,
  "weight_decay": 0.00010733095517911571
}