{
  "beta_1": 0.12434044544528658,
  "beta_2": 0.23527821639028038,
  "epsilon": 0.00023905684297996437,
  "lr": 0.000437825779591829,
  "seed": 770984983,
  "weight_decay": 0.0008701057921252444
}