{
  "beta_1": 0.17148711349680112,
  "beta_2": 0.15982355097602813,
  "epsilon": 6.760843696589645e-10,
  "lr": 0.0005161489421398033,
  "seed": 537235585.0069798,
  "weight_decay": 0.00825387919529584
}