{
  "beta_1": 0.7695252544262194,
  "beta_2": 0.2445145202978338,
  "epsilon": 2.571033865305396e-06,
  "lr": 2.014753622711775e-05,
  "seed": 615374128,
  "weight_decay": 2.156282956521548e-05
}