{
  "beta_1": 0.7818526116963276,
  "beta_2": 0.7208859157165477,
  "epsilon": 3.761040692734999e-10,
  "lr": 0.0036202256000121475,
  "seed": 61215802,
  "weight_decay": 7.80972748901207e-08
}