{
  "beta_1": 0.7422504367801,
  "beta_2": 0.7992093994931405,
  "epsilon": 1.397338471084342e-09,
  "lr": 0.00045509013296983567,
  "seed": 1027686260.4709457,
  "weight_decay": 6.087156424536396e-07
}