{
  "beta_1": 0.32089839034187073,
  "beta_2": 0.6917347225492075,
  "epsilon": 0.0005668818199282638,
  "lr": 1.8742907785089154e-06,
  "seed": 1614514038,
  "weight_decay": 1.820569340672059e-08
}