{
  "beta_1": 0.1671712286393947,
  "beta_2": 0.8141435817712648,
  "epsilon": 4.129331894670605e-07,
  "lr": 0.00017004219223275616,
  "seed": 557105898,
  "weight_decay": 0.000640400505129656
}