{
  "beta_1": 0.8975083490372247,
  "beta_2": 0.5378064784078573,
  "epsilon": 7.366531941779845e-09,
  "lr": 1.768308846158282e-05,
  "seed": 1783122958.434525,
  "weight_decay": 0.0053423653550490275
}