{
  "beta_1": 0.3332966008616475,
  "beta_2": 0.965778585694159,
  "epsilon": 1.7687318864294543e-06,
  "lr": 1.2517269219306655e-05,
  "seed": 1321681153.404278,
  "weight_decay": 5.584119011882601e-06
}