{
  "beta_1": 0.11782019712031311,
  "beta_2": 0.35102220104795157,
  "epsilon": 2.0548231998041655e-05,
  "lr": 0.01662900637423891,
  "seed": 986284039,
  "weight_decay": 0.006642181265163656
}