{
  "beta_1": 0.9510610382372833,
  "beta_2": 0.8808010078120526,
  "epsilon": 7.352702463307907e-08,
  "lr": 2.3754843031281877e-06,
  "seed": 1872554986,
  "weight_decay": 6.923168178625432e-06
}