{
  "beta_1": 0.7136960002892964,
  "beta_2": 0.7110708161794231,
  "epsilon": 4.3445938493018467e-07,
  "lr": 0.00016465966339552216,
  "seed": 2063123914,
  "weight_decay": 3.317403368935057e-06
}