{
  "beta_1": 0.5425690286035938,
  "beta_2": 0.9444383137822592,
  "epsilon": 1.5305192944490297e-08,
  "lr": 0.00015196007081979247,
  "seed": 273335991,
  "weight_decay": 0.0006604602983000868
}