{
  "beta_1": 0.16790356359563874,
  "beta_2": 0.4925686015965294,
  "epsilon": 2.0533282044541383e-09,
  "lr": 0.0018685423041808844,
  "seed": 838349693,
  "weight_decay": 0.0024793584363028373
}