{
  "beta_1": 0.15906715865475302,
  "beta_2": 0.9903450696154549,
  "epsilon": 1.4062282526519546e-08,
  "lr": 2.03175232040178e-06,
  "seed": 1104447899.474611,
  "weight_decay": 1.3085487434683044e-05
}