{
  "beta_1": 0.1900467608325907,
  "beta_2": 0.6162480147823188,
  "epsilon": 7.738432319312923e-07,
  "lr": 0.010472915764156076,
  "seed": 1575101228,
  "weight_decay": 1.0172807141421907e-08
}