{
  "beta1": 0.125361796346166,
  "beta2": 0.10076509760359145,
  "epsilon": 1.698671410186544e-08,
  "lr": 0.002326581793071254,
  "seed": 1471594021,
  "weight_decay": 2.491497577854139e-07,
  "x_beta1": -3.397845479446468,
  "x_beta2": -6.786417550461111
}