{
  "beta_1": 0.7005079266886394,
  "beta_2": 0.23030435359514217,
  "epsilon": 0.00022491602043803185,
  "lr": 0.00748582320932728,
  "seed": 1537363178,
  "weight_decay": 8.848898076773829e-07
}