{
  "beta_1": 0.7345097997511446,
  "beta_2": 0.2439592071464584,
  "epsilon": 3.546906702082508e-07,
  "lr": 0.00078129283638317,
  "seed": 176758534,
  "weight_decay": 7.923447443290235e-05
}