{
  "beta_1": 0.8201113452729368,
  "beta_2": 0.41829763284955446,
  "epsilon": 1.2510935020813526e-09,
  "lr": 0.00020706528815485608,
  "seed": 840998351,
  "weight_decay": 0.005175319677456445
}