{
  "beta_1": 0.6259804434855549,
  "beta_2": 0.9382593172981215,
  "epsilon": 0.00025396827328366645,
  "lr": 0.00017334799303908281,
  "seed": 2073529732.474581,
  "weight_decay": 6.431467385349295e-05
}