{
  "beta_1": 0.912975522763165,
  "beta_2": 0.31876131381378636,
  "epsilon": 6.73708328964872e-07,
  "lr": 0.000531931824370666,
  "seed": 125421531,
  "weight_decay": 8.779449982721923e-07
}