{
  "beta_1": 0.9241026273919047,
  "beta_2": 0.15642807776993337,
  "epsilon": 0.00013259964318911903,
  "lr": 2.045862365574362e-05,
  "seed": 2950252,
  "weight_decay": 7.450509363416484e-08
}