{
  "beta_1": 0.5862074262149309,
  "beta_2": 0.4267918644719242,
  "epsilon": 5.995943394922285e-07,
  "lr": 0.00022845484296399722,
  "seed": 791065956,
  "weight_decay": 0.001043547745693469
}