{
  "beta_1": 0.8742260263274244,
  "beta_2": 0.3880802762312365,
  "epsilon": 5.995943394922285e-07,
  "lr": 0.00015230322864266481,
  "seed": 791065956,
  "weight_decay": 0.001043547745693469
}