{
  "beta_1": 0.9753105570395608,
  "beta_2": 0.8539329611890766,
  "epsilon": 0.00012151492801245287,
  "lr": 2.9282334076507518e-05,
  "seed": 1778822155.2599316,
  "weight_decay": 4.079225145531761e-08
}