{
  "beta_1": 0.5962294475706869,
  "beta_2": 0.4013234871841205,
  "epsilon": 0.00042465998015703944,
  "lr": 0.0209755101789604,
  "seed": 473178028.9076069,
  "weight_decay": 7.231392981482732e-05
}