{
  "beta_1": 0.7741700873450571,
  "beta_2": 0.7414792449165596,
  "epsilon": 0.00041363911839198663,
  "lr": 9.462729993283732e-06,
  "seed": 650830290,
  "weight_decay": 0.001196366263650362
}