{
  "beta_1": 0.806582677709964,
  "beta_2": 0.4213976548004188,
  "epsilon": 4.055461602826265e-09,
  "lr": 4.905586324286389e-06,
  "seed": 695390199,
  "weight_decay": 8.127593053431733e-07
}