{
  "beta_1": 0.40266228054414344,
  "beta_2": 0.9974192751677539,
  "epsilon": 0.0002117900651537106,
  "lr": 0.0017785507979357269,
  "seed": 1565136456.4149334,
  "weight_decay": 2.3966314117641142e-08
}