{
  "beta_1": 0.47944724158461105,
  "beta_2": 0.7095956103856204,
  "epsilon": 1.325562750344118e-09,
  "lr": 0.03719743259695803,
  "seed": 1038780946.6750665,
  "weight_decay": 0.0036917757860202866
}