{
  "beta_1": 0.3890094067753329,
  "beta_2": 0.8486380679037001,
  "epsilon": 2.426683825802604e-05,
  "lr": 0.0037916077567322604,
  "seed": 989550710,
  "weight_decay": 1.6225539581533983e-07
}