{
  "beta_1": 0.3546479488639964,
  "beta_2": 0.657610050986764,
  "epsilon": 8.460135946988802e-09,
  "lr": 0.0019097949717463512,
  "seed": 210149790.50017112,
  "weight_decay": 3.2121824158146317e-07
}