{
  "beta_1": 0.1818668021964191,
  "beta_2": 0.2215167797039003,
  "epsilon": 1.2557552761398722e-09,
  "lr": 1.1677391096414174e-05,
  "seed": 115923023,
  "weight_decay": 6.216061612602534e-07
}