{
  "beta1": 0.11752207721394,
  "beta2": 0.10312329189785763,
  "epsilon": 1.5769094363388312e-08,
  "lr": 0.0007490992313111138,
  "seed": 327734795,
  "weight_decay": 0.006883826308740181,
  "x_beta1": -4.7017659786622055,
  "x_beta2": -6.791903229746253
}