{
  "beta_1": 0.7122446322352404,
  "beta_2": 0.3135019924951765,
  "epsilon": 1.0587629496325929e-06,
  "lr": 0.0007683632882745543,
  "seed": 1483201982.9627893,
  "weight_decay": 0.001437799962574762
}