{
  "beta_1": 0.3283650607388305,
  "beta_2": 0.7686765644242698,
  "epsilon": 1.7275628711626956e-09,
  "lr": 0.009017675386297724,
  "seed": 403869705,
  "weight_decay": 6.688847548348328e-05
}