{
  "beta_1": 0.4170726487522831,
  "beta_2": 0.22906493034516684,
  "epsilon": 1.2702522475452294e-09,
  "lr": 0.00010035399467614225,
  "seed": 889581387,
  "weight_decay": 9.682499809253243e-06
}