{
  "beta_1": 0.602389292794607,
  "beta_2": 0.7997327902771034,
  "epsilon": 2.123224102219328e-08,
  "lr": 0.0018886717220437475,
  "seed": 2042268046.1639688,
  "weight_decay": 4.703906826276302e-05
}