{
  "beta_1": 0.5769003144364694,
  "beta_2": 0.38819413556150595,
  "epsilon": 1.3545181114395247e-09,
  "lr": 0.016737928722982395,
  "seed": 559698721,
  "weight_decay": 0.00567278353871737
}