{
  "beta_1": 0.7969680641857413,
  "beta_2": 0.815267173812335,
  "epsilon": 7.210588837351075e-09,
  "lr": 1.2391888907588545e-05,
  "seed": 327734795,
  "weight_decay": 0.011696860633501763
}