{
  "beta_1": 0.6402525712743341,
  "beta_2": 0.8845105459123354,
  "epsilon": 2.449575304959805e-10,
  "lr": 1.2073723599836679e-05,
  "seed": 2136850702,
  "weight_decay": 2.341167119103195e-08
}