{
  "beta_1": 0.21379495151711406,
  "beta_2": 0.48812705794871825,
  "epsilon": 3.6037145726448757e-09,
  "lr": 2.494210527646326e-06,
  "seed": 906449093,
  "weight_decay": 0.0003790843804714068
}