{
  "beta_1": 0.6102822334585956,
  "beta_2": 0.3380376038987072,
  "epsilon": 1.7694668643244604e-05,
  "lr": 0.0002994964065802363,
  "seed": 383484980,
  "weight_decay": 0.0016607180386368195
}