{
  "beta_1": 0.6500912280316724,
  "beta_2": 0.2695410050443504,
  "epsilon": 6.660521521412409e-10,
  "lr": 3.2391143038201064e-05,
  "seed": 985551078,
  "weight_decay": 1.884005012517859e-07
}