{
  "beta_1": 0.21956480168564357,
  "beta_2": 0.9487231998502784,
  "epsilon": 1.5282111241650363e-08,
  "lr": 0.0278431154772348,
  "seed": 1652301124,
  "weight_decay": 0.000180161550053653
}