{
  "beta_1": 0.5844600483429501,
  "beta_2": 0.6728226723909493,
  "epsilon": 1.6884780953461774e-09,
  "lr": 0.00280185781985673,
  "seed": 1271550082,
  "weight_decay": 0.0029113571060631577
}