{
  "beta_1": 0.46013503573200476,
  "beta_2": 0.5101422975916287,
  "epsilon": 1.2134865082853106e-07,
  "lr": 2.438176118185059e-06,
  "seed": 913183879,
  "weight_decay": 0.005299404701229735
}