{
  "beta_1": 0.8435792973796926,
  "beta_2": 0.8028296861842862,
  "epsilon": 1.069915213493067e-06,
  "lr": 3.659057903966009e-06,
  "seed": 416732278,
  "weight_decay": 0.0004586927714264604
}