{
  "beta_1": 0.529371029595209,
  "beta_2": 0.14339180546750116,
  "epsilon": 6.883183743126411e-10,
  "lr": 1.5493178232914853e-06,
  "seed": 2004964356,
  "weight_decay": 3.721364191783914e-07
}