{
  "beta_1": 0.5140641175068442,
  "beta_2": 0.5668995918200471,
  "epsilon": 2.3366994630134575e-09,
  "lr": 1.0328793558968691e-05,
  "seed": 481702241,
  "weight_decay": 7.999360955415741e-07
}