{
  "beta_1": 0.1255604924061914,
  "beta_2": 0.7010194946416739,
  "epsilon": 6.752094074186847e-09,
  "lr": 7.588672809269484e-05,
  "seed": 1778434951,
  "weight_decay": 4.6077343156313436e-07
}