{
  "beta_1": 0.4483719660356348,
  "beta_2": 0.33258253613519184,
  "epsilon": 1.8292897382197209e-09,
  "lr": 0.0380948000718518,
  "seed": 1839487641,
  "weight_decay": 0.0018125960395480793
}