{
  "beta_1": 0.12136577115535345,
  "beta_2": 0.19566804949437933,
  "epsilon": 4.397106055806215e-05,
  "lr": 0.017860827019670636,
  "seed": 739344121,
  "weight_decay": 3.1581754362813064e-06
}