{
  "beta_1": 0.6702042625494273,
  "beta_2": 0.5756560830745404,
  "epsilon": 9.647560589155518e-08,
  "lr": 0.000894034131892689,
  "seed": 118032251,
  "weight_decay": 2.7199704283682526e-05
}