{
  "beta_1": 0.5061867845158401,
  "beta_2": 0.546491280827301,
  "epsilon": 6.850214557726229e-09,
  "lr": 0.00019025960769028286,
  "seed": 1217170153,
  "weight_decay": 1.3978654577147623e-06
}