{
  "beta_1": 0.2537711455897613,
  "beta_2": 0.30008783826235086,
  "epsilon": 8.060395738295271e-10,
  "lr": 0.0034328330751385513,
  "seed": 355655058.1084891,
  "weight_decay": 0.004650789908139333
}