{
  "beta1": 0.108496537166382,
  "beta2": 0.9998983420876942,
  "epsilon": 4.3445938493018467e-07,
  "lr": 0.0002469894950932832,
  "seed": 2063123914,
  "weight_decay": 4.9761050534025856e-06,
  "x_beta1": -5.5825539636751715,
  "x_beta2": 10.563582335188379
}