{
  "beta_1": 0.3665185789382286,
  "beta_2": 0.12070488186400667,
  "epsilon": 0.00018765518211115277,
  "lr": 0.0002224479200988006,
  "seed": 819064460.6193455,
  "weight_decay": 0.005462913816431559
}