{
  "beta_1": 0.5278605921549644,
  "beta_2": 0.19215674941106825,
  "epsilon": 1.6817751388351114e-05,
  "lr": 7.061587047308154e-05,
  "seed": 1884333259,
  "weight_decay": 0.00010141144739286715
}