{
  "beta_1": 0.49063048899162975,
  "beta_2": 0.9995356018351664,
  "epsilon": 6.293627916493428e-08,
  "lr": 0.019202584687734645,
  "seed": 1426279069.9724205,
  "weight_decay": 5.163933821885328e-07
}