{
  "beta_1": 0.862322284595803,
  "beta_2": 0.7111191586879242,
  "epsilon": 3.52165853550263e-07,
  "lr": 0.00015138744422301135,
  "seed": 463834719.03742,
  "weight_decay": 2.1284051246289845e-07
}