{
  "beta1": 0.10000485696032989,
  "beta2": 0.11647895991406816,
  "epsilon": 7.118877451976972e-09,
  "lr": 8.002944428963701e-05,
  "seed": 658184380,
  "weight_decay": 0.0023942896363002655,
  "x_beta1": -9.702896092080316,
  "x_beta2": -2.228889968397146
}