{
  "beta_1": 0.6321832042630977,
  "beta_2": 0.9431995794092513,
  "epsilon": 6.541026692206297e-06,
  "lr": 0.0014982273042948738,
  "seed": 1934307162.2002099,
  "weight_decay": 2.2526038145217976e-06
}