{
  "beta_1": 0.5340376907666106,
  "beta_2": 0.40816052690857474,
  "epsilon": 3.917468374795081e-09,
  "lr": 1.2452936460581441e-06,
  "seed": 1978763027,
  "weight_decay": 5.219450811107039e-07
}