{
  "beta_1": 0.15275461615657282,
  "beta_2": 0.3087388339043632,
  "epsilon": 5.291566385367751e-10,
  "lr": 0.00021316153300557846,
  "seed": 1234253730.8748708,
  "weight_decay": 2.647621352071459e-07
}