{
  "beta_1": 0.5055418476708006,
  "beta_2": 0.1682197664680736,
  "epsilon": 3.375630129473514e-10,
  "lr": 0.00031813556069602156,
  "seed": 1732829634,
  "weight_decay": 3.009359099774047e-07
}