{
  "beta_1": 0.749192518671675,
  "beta_2": 0.8956944231120341,
  "epsilon": 5.734381956362151e-10,
  "lr": 3.0020336220417693e-06,
  "seed": 1084791226,
  "weight_decay": 0.00024455287250905555
}