{
  "beta_1": 0.9363483555481332,
  "beta_2": 0.7334351146035482,
  "epsilon": 0.00043789732408354415,
  "lr": 0.0001778288424041917,
  "seed": 1988228763,
  "weight_decay": 1.2983579798394569e-08
}