{
  "beta_1": 0.9576532415073312,
  "beta_2": 0.527160502967853,
  "epsilon": 6.74419554118724e-05,
  "lr": 0.00023126749311623768,
  "seed": 285132118,
  "weight_decay": 1.3056175090069827e-05
}