{
  "beta_1": 0.5156460696340832,
  "beta_2": 0.12669671775391572,
  "epsilon": 1.7636767289623379e-06,
  "lr": 0.0010164924647208726,
  "seed": 14079848.673237097,
  "weight_decay": 3.060991820306165e-05
}