{
  "beta_1": 0.8599408181607683,
  "beta_2": 0.636662004860101,
  "epsilon": 3.2202728173226538e-06,
  "lr": 0.00013052108595117769,
  "seed": 2060155587,
  "weight_decay": 0.008676157963490258
}