{
  "beta_1": 0.554562978985571,
  "beta_2": 0.6159134877267434,
  "epsilon": 2.373529776717907e-06,
  "lr": 0.0011630823997979785,
  "seed": 260676448,
  "weight_decay": 0.0009410323146303916
}