{
  "beta_1": 0.32877146322512907,
  "beta_2": 0.7837024877294552,
  "epsilon": 9.056601337437189e-10,
  "lr": 5.543170134058915e-06,
  "seed": 1441336397.5979607,
  "weight_decay": 0.009739323583481271
}