{
  "beta_1": 0.1341930680864447,
  "beta_2": 0.5202774245663498,
  "epsilon": 0.00012180041253045613,
  "lr": 0.0001479855150196448,
  "seed": 120547894,
  "weight_decay": 1.0279744219336442e-05
}