{
  "beta_1": 0.24888715943314282,
  "beta_2": 0.6407438248903836,
  "epsilon": 9.089456006595917e-08,
  "lr": 0.0007377076740359158,
  "seed": 1813379971,
  "weight_decay": 2.0086089556348375e-07
}