{
  "beta_1": 0.8296611784593089,
  "beta_2": 0.5578182383067366,
  "epsilon": 1.8852260291404502e-06,
  "lr": 0.005997542758385198,
  "seed": 190198406,
  "weight_decay": 5.090344786488942e-08
}