{
  "beta_1": 0.5062118603128178,
  "beta_2": 0.12293687694082693,
  "epsilon": 3.337706290459632e-05,
  "lr": 0.088740829859079,
  "seed": 201244108,
  "weight_decay": 4.332725185211445e-05
}