{
  "beta_1": 0.7475684230105833,
  "beta_2": 0.8946357759415038,
  "epsilon": 3.3996004763519817e-08,
  "lr": 0.037457751595181596,
  "seed": 820549496.3913015,
  "weight_decay": 0.00022239887777307125
}