{
  "beta_1": 0.5603630640692747,
  "beta_2": 0.6366386105370507,
  "epsilon": 7.118605777265255e-10,
  "lr": 0.0012603604836833242,
  "seed": 779143020.7340608,
  "weight_decay": 8.932262120722869e-05
}