{
  "beta_1": 0.3420559674077459,
  "beta_2": 0.7700033586462468,
  "epsilon": 1.8342613899511552e-08,
  "lr": 1.853554236340451e-05,
  "seed": 747529408,
  "weight_decay": 1.4129536862933866e-06
}