{
  "beta_1": 0.11011213531548697,
  "beta_2": 0.40964597822238646,
  "epsilon": 3.599395145334145e-10,
  "lr": 0.00010625982675154818,
  "seed": 1137698636,
  "weight_decay": 2.3138738023189248e-05
}