{
  "beta_1": 0.6777252586063214,
  "beta_2": 0.26633665300160536,
  "epsilon": 1.0065313788411338e-10,
  "lr": 0.0008805603783015157,
  "seed": 1117215438,
  "weight_decay": 4.992273650807045e-05
}