{
  "beta_1": 0.23356984639073233,
  "beta_2": 0.36437076277758573,
  "epsilon": 5.515723832813006e-08,
  "lr": 9.720119747196958e-05,
  "seed": 5362607,
  "weight_decay": 1.891744769434277e-06
}