{
  "beta_1": 0.8540658667597985,
  "beta_2": 0.904084099416534,
  "epsilon": 3.902568867795172e-07,
  "lr": 2.4646234973946967e-06,
  "seed": 1997466243,
  "weight_decay": 1.299045326353952e-06
}