{
  "beta1": 0.9988936145669078,
  "beta2": 0.297930190621029,
  "epsilon": 7.539637488080415e-09,
  "lr": 0.00013446315186363072,
  "seed": 92619014,
  "weight_decay": 2.36884143573527e-08,
  "x_beta1": 7.23348104673763,
  "x_beta2": -11.812275983333123
}