{
  "beta_1": 0.2945217746793104,
  "beta_2": 0.4361853657975796,
  "epsilon": 0.00010670499726684639,
  "lr": 0.00038795395438113214,
  "seed": 57224275.09818908,
  "weight_decay": 2.730607456597941e-06
}