{
  "beta_1": 0.8723081148203891,
  "beta_2": 0.48209141451754733,
  "epsilon": 2.1809760958964148e-07,
  "lr": 4.4350702788953715e-05,
  "seed": 1269068766.5853004,
  "weight_decay": 7.83172342440174e-05
}