{
  "beta_1": 0.1450994048970304,
  "beta_2": 0.65921510163249,
  "epsilon": 1.3654812719839453e-06,
  "lr": 0.0007497933560333729,
  "seed": 4725038.368520358,
  "weight_decay": 0.00030616022266051766
}