{
  "beta_1": 0.868621940834863,
  "beta_2": 0.6024124294876403,
  "epsilon": 8.479903304740738e-10,
  "lr": 1.184860674945106e-06,
  "seed": 1367694683,
  "weight_decay": 1.1566234958532934e-07
}