{
  "beta_1": 0.9491217619682014,
  "beta_2": 0.37621093152536045,
  "epsilon": 0.0001584838594933808,
  "lr": 0.009854985897193998,
  "seed": 104167178,
  "weight_decay": 1.6702832717241623e-07
}