{
  "beta_1": 0.2833128502514199,
  "beta_2": 0.33309552866629627,
  "epsilon": 5.076897376978206e-05,
  "lr": 3.412981714019126e-06,
  "seed": 261808149,
  "weight_decay": 4.512601657106129e-08
}