{
  "beta_1": 0.2426708154726609,
  "beta_2": 0.8965437419311177,
  "epsilon": 0.0004146078088197437,
  "lr": 4.5453326752221526e-05,
  "seed": 1302851210,
  "weight_decay": 0.0007511981272844533
}