{
  "beta_1": 0.5073437691682103,
  "beta_2": 0.16135774475356016,
  "epsilon": 1.7840708932898956e-05,
  "lr": 0.025325850278064145,
  "seed": 984894543,
  "weight_decay": 2.506427264518854e-05
}