{
  "beta_1": 0.16875960002282658,
  "beta_2": 0.6694067830636381,
  "epsilon": 1.7180545009983922e-05,
  "lr": 1.4323825528293216e-06,
  "seed": 881540838,
  "weight_decay": 0.0009067659604237874
}