{
  "beta_1": 0.239943178251216,
  "beta_2": 0.9683801250731411,
  "epsilon": 0.0007541518522263874,
  "lr": 2.767115462932033e-06,
  "seed": 931698249.8975644,
  "weight_decay": 6.6040566639398144e-06
}