{
  "beta_1": 0.7432742609277619,
  "beta_2": 0.8295044904890024,
  "epsilon": 0.00034247441843924094,
  "lr": 0.005847040832605227,
  "seed": 818807831.1760176,
  "weight_decay": 1.5920964738843568e-07
}