{
  "beta_1": 0.5713514121248183,
  "beta_2": 0.9609276671200827,
  "epsilon": 1.1910947267922642e-09,
  "lr": 5.25157731432797e-06,
  "seed": 856697929,
  "weight_decay": 9.184576163262575e-05
}