{
  "beta_1": 0.4882758487258281,
  "beta_2": 0.5468398473903109,
  "epsilon": 1.4154941187829044e-05,
  "lr": 1.032555661146075e-05,
  "seed": 1630455551,
  "weight_decay": 2.4442287287676756e-06
}