{
  "beta1": 0.9989082879899354,
  "beta2": 0.9997531514030377,
  "epsilon": 0.00011715406735809796,
  "lr": 0.00013755123625255913,
  "seed": 385398547,
  "weight_decay": 2.231280501790519e-05,
  "x_beta1": 9.190282950718368,
  "x_beta2": 8.720473625091925
}