{
  "beta_1": 0.34018344702940906,
  "beta_2": 0.6076217811225872,
  "epsilon": 7.447536114351217e-07,
  "lr": 0.0001563048551389534,
  "seed": 1570415339,
  "weight_decay": 1.4935165159544625e-07
}