{
  "beta_1": 0.1332544623223288,
  "beta_2": 0.4310199782047325,
  "epsilon": 1.52820341717558e-08,
  "lr": 0.0018442420590427295,
  "seed": 284357659,
  "weight_decay": 0.001155501362488139
}