{
  "beta_1": 0.41694208492153384,
  "beta_2": 0.9127919382907645,
  "epsilon": 1.833747548246254e-08,
  "lr": 0.002625025529629146,
  "seed": 1680415360.0722392,
  "weight_decay": 0.0009186437904242566
}