{
  "beta_1": 0.7960293375845444,
  "beta_2": 0.775120387460485,
  "epsilon": 4.380931634621138e-09,
  "lr": 0.0002652327640884505,
  "seed": 211699322.389134,
  "weight_decay": 2.5356253965133587e-05
}