{
  "beta_1": 0.6186477824555443,
  "beta_2": 0.7426952698975273,
  "epsilon": 6.316624642038973e-05,
  "lr": 0.008664384852915086,
  "seed": 979536853.4119635,
  "weight_decay": 0.0011680705764184427
}