{
  "beta_1": 0.16516994221169434,
  "beta_2": 0.9769882131491796,
  "epsilon": 6.767127918472463e-08,
  "lr": 0.0017484742639372372,
  "seed": 59937177.948166296,
  "weight_decay": 1.9883665678169138e-08
}