{
  "beta1": 0.9989082879899354,
  "beta2": 0.9997531514030377,
  "epsilon": 6.942622887089523e-11,
  "lr": 0.00017677778923505665,
  "seed": 385398547,
  "weight_decay": 0.003987888490497012,
  "x_beta1": 8.803654812544645,
  "x_beta2": -9.705764463779843
}