{
  "beta_1": 0.9291613328445204,
  "beta_2": 0.616119207436559,
  "epsilon": 2.048084453675672e-08,
  "lr": 0.0021823729994288,
  "seed": 254975691.54170886,
  "weight_decay": 3.5382001724063336e-06
}