{
  "beta_1": 0.8616781698563706,
  "beta_2": 0.8838955496301412,
  "epsilon": 7.526456845449462e-10,
  "lr": 0.007356428402645725,
  "seed": 1033361791,
  "weight_decay": 2.6854118598004944e-08
}