{
  "beta_1": 0.8705514152225313,
  "beta_2": 0.24370822944615503,
  "epsilon": 8.089622804822834e-08,
  "lr": 0.000497686421176128,
  "seed": 434741283.9172025,
  "weight_decay": 0.0022763682590065406
}