{
  "beta_1": 0.9656940338130736,
  "beta_2": 0.9896965684793877,
  "epsilon": 5.856002920269454e-08,
  "lr": 0.00171595380759549,
  "seed": 642522087.9324617,
  "weight_decay": 2.194391653603747e-08
}