{
  "beta_1": 0.6534591891963342,
  "beta_2": 0.7228201006549367,
  "epsilon": 1.7777509581579984e-09,
  "lr": 5.2692792249420963e-05,
  "seed": 2138205718,
  "weight_decay": 0.0006015771126292838
}