{
  "beta_1": 0.8778338444943007,
  "beta_2": 0.8498470392530356,
  "epsilon": 5.642794970641319e-10,
  "lr": 0.00015498256281981946,
  "seed": 186243569,
  "weight_decay": 0.009155157297835729
}