{
  "beta_1": 0.7792752729810446,
  "beta_2": 0.6307718768219911,
  "epsilon": 1.8138545481726972e-08,
  "lr": 0.019078584075428104,
  "seed": 680887181,
  "weight_decay": 2.8126744626053326e-06
}