{
  "beta_1": 0.9071329961303224,
  "beta_2": 0.17290850227768723,
  "epsilon": 7.793045843877637e-05,
  "lr": 0.00020352615995591496,
  "seed": 1245135331,
  "weight_decay": 2.8547837815246316e-07
}