{
  "beta_1": 0.9767475789540082,
  "beta_2": 0.45487286624777656,
  "epsilon": 6.730738026307977e-06,
  "lr": 1.2072564251232516e-06,
  "seed": 836206075,
  "weight_decay": 2.617239344602091e-07
}