{
  "beta_1": 0.29516022878341386,
  "beta_2": 0.33102929728471,
  "epsilon": 2.5451080964436792e-08,
  "lr": 0.00031907316986400786,
  "seed": 568479238,
  "weight_decay": 0.0006513116760175181
}