{
  "beta_1": 0.9880481684545253,
  "beta_2": 0.5493299605131015,
  "epsilon": 0.0005052692290644386,
  "lr": 0.0012636496060628617,
  "seed": 144262515,
  "weight_decay": 3.0272582533825054e-07
}