{
  "beta_1": 0.10934963196539685,
  "beta_2": 0.21902651392105202,
  "epsilon": 9.761673285124046e-06,
  "lr": 0.0021160413502776493,
  "seed": 506462939,
  "weight_decay": 0.0001155166365440333
}