{
  "beta_1": 0.37931174804737156,
  "beta_2": 0.21154708601959518,
  "epsilon": 6.9124333766094724e-06,
  "lr": 0.03084972072089237,
  "seed": 369440391,
  "weight_decay": 2.2711462654678907e-05
}