{
  "beta_1": 0.19326227088319747,
  "beta_2": 0.514134411093868,
  "epsilon": 5.4270765454520675e-09,
  "lr": 0.005454607123056016,
  "seed": 245008554.86849463,
  "weight_decay": 1.769074713247414e-06
}