{
  "beta1": 0.9096499213645192,
  "beta2": 0.10000124672683912,
  "epsilon": 1.89268408370876e-05,
  "lr": 2.434183780081675e-05,
  "seed": 453169483,
  "weight_decay": 4.664079256528291e-07,
  "x_beta1": 2.204039836707894,
  "x_beta2": -13.489515951349462
}