{
  "beta_1": 0.9195714246997618,
  "beta_2": 0.24270197686005002,
  "epsilon": 3.4782929871618204e-06,
  "lr": 2.3882499881725297e-05,
  "seed": 1931686067,
  "weight_decay": 1.659765430528e-07
}