{
  "beta_1": 0.5152115887834852,
  "beta_2": 0.6750730504322704,
  "epsilon": 6.85139411439292e-05,
  "lr": 0.00428283940010149,
  "seed": 680510024,
  "weight_decay": 0.0015438863951745673
}