{
  "beta_1": 0.5690711765983817,
  "beta_2": 0.6300576433019697,
  "epsilon": 2.7506553431929697e-09,
  "lr": 0.0009557111608159266,
  "seed": 189044151.68909076,
  "weight_decay": 0.0014857887341335175
}