{
  "beta1": 0.10000581691426827,
  "beta2": 0.26238053620570345,
  "epsilon": 1.03395886834625e-05,
  "lr": 0.00041971792171513277,
  "seed": 982568886,
  "weight_decay": 0.0107036183500004,
  "x_beta1": -9.558609533056458,
  "x_beta2": -1.210679927885147
}