{
  "beta_1": 0.303556938711754,
  "beta_2": 0.21673637844693638,
  "epsilon": 2.52216553231496e-05,
  "lr": 0.0009415736811900387,
  "seed": 455170974.2980899,
  "weight_decay": 3.835695488431232e-06
}