{
  "beta_1": 0.5232135430740953,
  "beta_2": 0.16345068453280936,
  "epsilon": 5.306249257137941e-06,
  "lr": 0.0005945950804664282,
  "seed": 1599029260,
  "weight_decay": 5.418297213156725e-05
}