{
  "beta_1": 0.5815321793415169,
  "beta_2": 0.676758346615772,
  "epsilon": 0.0001027709117158938,
  "lr": 0.00428283940010149,
  "seed": 680510024,
  "weight_decay": 0.0002767239091001862
}