{
  "beta_1": 0.9604768895123156,
  "beta_2": 0.3654641100383954,
  "epsilon": 1.4333373939625861e-05,
  "lr": 5.7465102506501815e-05,
  "seed": 2027891595.8203056,
  "weight_decay": 7.446713858905572e-07
}