{
  "beta_1": 0.4718320158484306,
  "beta_2": 0.1701986661174968,
  "epsilon": 0.0004908615259719385,
  "lr": 2.5948631601014577e-06,
  "seed": 2041868678,
  "weight_decay": 8.992363346798846e-05
}