{
  "beta_1": 0.3632889945270005,
  "beta_2": 0.8046381271397456,
  "epsilon": 1.0599517770343959e-05,
  "lr": 0.00020844232845154386,
  "seed": 4234721,
  "weight_decay": 8.435141812063518e-06
}