{
  "beta_1": 0.5562779023837598,
  "beta_2": 0.8026093653596462,
  "epsilon": 2.1684839865323027e-05,
  "lr": 0.00289013837351323,
  "seed": 1827407076.0327837,
  "weight_decay": 1.6195563657521062e-05
}