{
  "beta_1": 0.7018390925367118,
  "beta_2": 0.6854479978532737,
  "epsilon": 1.0422045010901693e-10,
  "lr": 0.0005771105791204285,
  "seed": 267116667.99374217,
  "weight_decay": 0.00010491473042273389
}