{
  "beta_1": 0.3506562024184895,
  "beta_2": 0.33210769393505657,
  "epsilon": 6.826075200601749e-06,
  "lr": 0.029512316066112907,
  "seed": 666990939,
  "weight_decay": 1.4589219337660396e-07
}