{
  "beta_1": 0.3943641805659399,
  "beta_2": 0.22461987917660373,
  "epsilon": 2.0615392188671308e-05,
  "lr": 0.0006247261107801044,
  "seed": 1763550361,
  "weight_decay": 2.453337637578319e-07
}