{
  "beta_1": 0.6283857119097872,
  "beta_2": 0.613336463295922,
  "epsilon": 5.462811940105219e-07,
  "lr": 0.0009566562210122024,
  "seed": 1374825508,
  "weight_decay": 6.241568157326924e-05
}