{
  "beta_1": 0.8357582411706039,
  "beta_2": 0.5125626754131736,
  "epsilon": 9.171155690925656e-08,
  "lr": 0.08451334277665537,
  "seed": 1273479414,
  "weight_decay": 0.002019744938744815
}