{
  "beta_1": 0.5886878237473703,
  "beta_2": 0.8007604873779304,
  "epsilon": 1.3881537866406346e-10,
  "lr": 0.000491044685982681,
  "seed": 1169817676.5327363,
  "weight_decay": 5.374230615749028e-06
}