{
  "beta_1": 0.6865690436386268,
  "beta_2": 0.48811782612986954,
  "epsilon": 1.1199650385102246e-09,
  "lr": 0.08004829588846961,
  "seed": 438535699.00009584,
  "weight_decay": 9.322287372278072e-06
}