{
  "beta_1": 0.6897054151111045,
  "beta_2": 0.6190594800069601,
  "epsilon": 4.093624113908116e-09,
  "lr": 0.03218163910625113,
  "seed": 284091208.6041115,
  "weight_decay": 4.7653783606487387e-07
}