{
  "beta_1": 0.6123516624238264,
  "beta_2": 0.25602656892738473,
  "epsilon": 3.881237668361076e-06,
  "lr": 1.4163872654033568e-05,
  "seed": 276324160,
  "weight_decay": 4.614686473144062e-07
}