{
  "beta_1": 0.10611872311905035,
  "beta_2": 0.2617387979662201,
  "epsilon": 1.0873912551085013e-10,
  "lr": 0.006429260971502045,
  "seed": 144585776,
  "weight_decay": 0.00032388180993739627
}