{
  "beta_1": 0.8692380164573552,
  "beta_2": 0.4475572653269745,
  "epsilon": 1.0191063973097362e-09,
  "lr": 2.420809905854498e-06,
  "seed": 25094896,
  "weight_decay": 1.2836115415924587e-05
}