{
  "beta_1": 0.35485769115882215,
  "beta_2": 0.11314027024726406,
  "epsilon": 4.704248829943395e-06,
  "lr": 7.178445015037915e-05,
  "seed": 963054978,
  "weight_decay": 1.418631787143138e-08
}