{
  "beta_1": 0.9003228440792288,
  "beta_2": 0.3933799197774924,
  "epsilon": 9.679413357825092e-06,
  "lr": 0.0001524847064703772,
  "seed": 1225495302,
  "weight_decay": 0.005456351702526634
}