{
  "beta_1": 0.8257679026886667,
  "beta_2": 0.3406879010479903,
  "epsilon": 2.7072752111433548e-08,
  "lr": 0.0005439365563661636,
  "seed": 1813999177,
  "weight_decay": 0.0030445914610169717
}