{
  "beta_1": 0.7497928840007311,
  "beta_2": 0.1630350672992424,
  "epsilon": 2.4821622905534077e-05,
  "lr": 0.016306555987456894,
  "seed": 828923610,
  "weight_decay": 3.7088458115626433e-07
}