{
  "beta_1": 0.901258591049982,
  "beta_2": 0.6544624196514305,
  "epsilon": 6.818737134840097e-05,
  "lr": 2.4037700130981667e-05,
  "seed": 356643826,
  "weight_decay": 0.0064704854864392055
}