{
  "beta_1": 0.9279056433002311,
  "beta_2": 0.6301582299695832,
  "epsilon": 5.946874815535423e-05,
  "lr": 0.0007107928465257248,
  "seed": 1653510265.5688906,
  "weight_decay": 0.0010023600166934883
}