{
  "beta_1": 0.552446964194092,
  "beta_2": 0.4308081668421879,
  "epsilon": 1.859072116989129e-10,
  "lr": 1.6114934382339736e-05,
  "seed": 55602800,
  "weight_decay": 0.0003048466911314101
}