{
  "beta_1": 0.7534783705619826,
  "beta_2": 0.399589339069943,
  "epsilon": 9.233611980774594e-09,
  "lr": 2.4961647865376957e-05,
  "seed": 1708168190,
  "weight_decay": 0.0030090732483971138
}