{
  "beta_1": 0.22097610214236402,
  "beta_2": 0.37292350224849247,
  "epsilon": 7.398754352190184e-10,
  "lr": 0.0008213676762894083,
  "seed": 923191979,
  "weight_decay": 5.6673937387829134e-08
}