{
  "beta_1": 0.9426267455631133,
  "beta_2": 0.6301238907358659,
  "epsilon": 4.733017864432678e-09,
  "lr": 0.0012467523287925553,
  "seed": 1303951848.7203748,
  "weight_decay": 0.0041192473626172925
}