{
  "beta_1": 0.3516919165051102,
  "beta_2": 0.35112686663551507,
  "epsilon": 4.6069899618547865e-09,
  "lr": 0.022739356475436234,
  "seed": 1342507405,
  "weight_decay": 0.00010856609721094135
}