{
  "beta_1": 0.6279040503515596,
  "beta_2": 0.2070089668522422,
  "epsilon": 8.186320056842869e-05,
  "lr": 0.006107346037446126,
  "seed": 1427781039,
  "weight_decay": 2.7979139436429617e-08
}