{
  "beta_1": 0.3098602847786939,
  "beta_2": 0.7030487398225254,
  "epsilon": 2.3022409411930812e-07,
  "lr": 0.0034214212159939523,
  "seed": 312117712,
  "weight_decay": 2.2970992595022793e-07
}