{
  "beta_1": 0.7922935366571621,
  "beta_2": 0.6929270881402884,
  "epsilon": 6.571188769978035e-08,
  "lr": 1.4494146153660108e-05,
  "seed": 603089947.0290229,
  "weight_decay": 0.0005439935387800848
}