{
  "beta_1": 0.527277387449228,
  "beta_2": 0.16978389963261326,
  "epsilon": 4.087432129263778e-09,
  "lr": 0.0001738245926797771,
  "seed": 576077801.2216904,
  "weight_decay": 0.0009951562689967089
}