{
  "beta_1": 0.8357870206980329,
  "beta_2": 0.7054998752438157,
  "epsilon": 8.612208100065539e-08,
  "lr": 0.0006786255870364842,
  "seed": 1143001502,
  "weight_decay": 5.507373586749832e-06
}