{
  "beta_1": 0.550210956825158,
  "beta_2": 0.6424952001586023,
  "epsilon": 7.220563539251574e-10,
  "lr": 0.03476988208218155,
  "seed": 16388375,
  "weight_decay": 0.009401759405896593
}