{
  "beta_1": 0.8195034063565638,
  "beta_2": 0.7517366448147041,
  "epsilon": 9.663929875298537e-05,
  "lr": 0.02144749817606788,
  "seed": 774033876,
  "weight_decay": 4.412869027799874e-07
}