{
  "beta_1": 0.6941288572921036,
  "beta_2": 0.4167481165328327,
  "epsilon": 4.6190747275207225e-05,
  "lr": 7.650032037417803e-06,
  "seed": 1662170417,
  "weight_decay": 0.0001693404521675443
}