{
  "beta_1": 0.4512439584883734,
  "beta_2": 0.344840201784389,
  "epsilon": 6.335269059084612e-05,
  "lr": 0.013675067901999446,
  "seed": 1775291784.6957505,
  "weight_decay": 2.5413379498680052e-08
}