{
  "beta_1": 0.7545634449638395,
  "beta_2": 0.10855478730384414,
  "epsilon": 1.140362284027057e-08,
  "lr": 2.8579139657437438e-05,
  "seed": 158140614,
  "weight_decay": 0.00011921827957574229
}