{
  "beta_1": 0.18220594536315726,
  "beta_2": 0.9363739965403722,
  "epsilon": 2.6284748445335745e-05,
  "lr": 0.051796114404991815,
  "seed": 1529810925,
  "weight_decay": 4.2444814066479177e-08
}