{
  "beta1": 0.9989805442476449,
  "beta2": 0.10249418517646906,
  "epsilon": 3.0191621611654475e-10,
  "lr": 0.00022854805015203085,
  "seed": 563270593,
  "weight_decay": 0.001180830992955835,
  "x_beta1": 10.740873894423968,
  "x_beta2": -5.8855460798686225
}