{
  "beta_1": 0.6382617458345887,
  "beta_2": 0.9173512218184492,
  "epsilon": 1.5267830231373012e-06,
  "lr": 0.004234952922054058,
  "seed": 1497136127,
  "weight_decay": 8.329909034244274e-06
}