{
  "beta_1": 0.7993668008861952,
  "beta_2": 0.6023690227040667,
  "epsilon": 6.112899714755486e-05,
  "lr": 0.0005880950884282398,
  "seed": 568261528,
  "weight_decay": 0.002744463481701635
}