{
  "beta_1": 0.7332269800138455,
  "beta_2": 0.4866541345358203,
  "epsilon": 0.0009672873421451105,
  "lr": 0.0006382158592476954,
  "seed": 1463356921,
  "weight_decay": 0.00048656773785219376
}