{
  "beta_1": 0.7754725208611313,
  "beta_2": 0.5564299311153048,
  "epsilon": 2.5282246118629003e-09,
  "lr": 3.556879417465012e-05,
  "seed": 17990743,
  "weight_decay": 0.00019692102259523037
}