{
  "beta_1": 0.354258270407914,
  "beta_2": 0.9142939334713719,
  "epsilon": 4.322267403734717e-09,
  "lr": 6.6116409078830824e-06,
  "seed": 1074108303,
  "weight_decay": 0.00029594943667315255
}