{
  "beta_1": 0.37377295505776686,
  "beta_2": 0.40205157265424574,
  "epsilon": 2.133785490114508e-10,
  "lr": 0.0024486560353121287,
  "seed": 1227005256,
  "weight_decay": 1.70850048950376e-05
}