{
  "beta_1": 0.5231043634725489,
  "beta_2": 0.6199423543901526,
  "epsilon": 7.287875492593301e-10,
  "lr": 0.0040389284794303815,
  "seed": 499044835,
  "weight_decay": 9.52398081163522e-08
}