{
  "beta1": 0.10540236331289729,
  "beta2": 0.10071831385648079,
  "epsilon": 2.376757522299482e-09,
  "lr": 0.0004540327068087703,
  "seed": 1243718630,
  "weight_decay": 1.476898088361341e-05,
  "x_beta1": -6.130102913610897,
  "x_beta2": -8.558800549831906
}