{
  "beta_1": 0.5519861298724011,
  "beta_2": 0.7107714128960435,
  "epsilon": 9.532652741248265e-08,
  "lr": 0.0003735129781646653,
  "seed": 14633724,
  "weight_decay": 0.00013762196003371153
}