{
  "beta_1": 0.9367305673189285,
  "beta_2": 0.7467216157025846,
  "epsilon": 1.8366072867707789e-06,
  "lr": 0.037513915389813295,
  "seed": 724071446,
  "weight_decay": 0.007667672714701675
}