{
  "beta_1": 0.17648777658351006,
  "beta_2": 0.5484766061372919,
  "epsilon": 1.0769659357937528e-09,
  "lr": 7.666909457329987e-05,
  "seed": 8575851,
  "weight_decay": 7.843808534944809e-05
}