{
  "beta_1": 0.634840995234632,
  "beta_2": 0.8291896217272011,
  "epsilon": 3.35690711840349e-05,
  "lr": 0.003022687624557791,
  "seed": 988801802.6264287,
  "weight_decay": 1.331275374130534e-07
}