{
  "beta_1": 0.5635607799782837,
  "beta_2": 0.5690611315624405,
  "epsilon": 7.385099467456012e-05,
  "lr": 0.0008905398976804803,
  "seed": 839589594,
  "weight_decay": 2.383912569470267e-06
}