{
  "beta_1": 0.9507960397649688,
  "beta_2": 0.6247603387640891,
  "epsilon": 6.018697879656241e-07,
  "lr": 0.021181659895717294,
  "seed": 473374577,
  "weight_decay": 0.0008453458255314571
}