{
  "beta_1": 0.4613465268235435,
  "beta_2": 0.9393142449349058,
  "epsilon": 4.909863949269814e-06,
  "lr": 2.9772325140734645e-06,
  "seed": 310193659,
  "weight_decay": 6.66922712536909e-07
}