{
  "beta_1": 0.7814135372106514,
  "beta_2": 0.9308050675477542,
  "epsilon": 1.261527549071065e-08,
  "lr": 0.001483628451614253,
  "seed": 327734795,
  "weight_decay": 0.005415213256250817
}