{
  "beta_1": 0.8195333868929466,
  "beta_2": 0.29666815861771456,
  "epsilon": 5.8347217073727514e-08,
  "lr": 0.00030708590213214635,
  "seed": 1363458910,
  "weight_decay": 0.0020207745816561216
}