{
  "beta_1": 0.2231867231736569,
  "beta_2": 0.8635455094114143,
  "epsilon": 1.1904357357074713e-08,
  "lr": 0.00143265815929953,
  "seed": 1315002715,
  "weight_decay": 0.002633742173026513
}