{
  "beta_1": 0.26637230878257157,
  "beta_2": 0.7918949900685661,
  "epsilon": 0.00020321599164313585,
  "lr": 0.02869475626558117,
  "seed": 1647521489,
  "weight_decay": 8.291994248004117e-07
}