{
  "beta_1": 0.4047664291057774,
  "beta_2": 0.8283630566953339,
  "epsilon": 2.093112477606199e-06,
  "lr": 0.00701967334846592,
  "seed": 2074093304.921078,
  "weight_decay": 8.94321349147556e-06
}