{
  "beta_1": 0.28691676970802443,
  "beta_2": 0.11015777837054984,
  "epsilon": 4.520604239775051e-06,
  "lr": 0.0025786076217580076,
  "seed": 230035149.24644747,
  "weight_decay": 0.000573606307294281
}