{
  "beta1": 0.9989875534990238,
  "beta2": 0.10000150080343094,
  "epsilon": 1.908045072751522e-07,
  "lr": 0.06803181757113708,
  "seed": 1931642034,
  "weight_decay": 0.001231827981633784,
  "x_beta1": 11.187584931215179,
  "x_beta2": -13.30403667193576
}