{
  "beta_1": 0.7273111691319718,
  "beta_2": 0.5768501993747567,
  "epsilon": 5.122418801403615e-05,
  "lr": 0.00018499120573907366,
  "seed": 1112250308,
  "weight_decay": 0.0008603310417756601
}