{
  "beta_1": 0.941502817813825,
  "beta_2": 0.7738642395684365,
  "epsilon": 4.210586647767017e-05,
  "lr": 2.9364586829074717e-06,
  "seed": 1728619074,
  "weight_decay": 9.648338566153438e-08
}