{
  "beta_1": 0.8502090815177543,
  "beta_2": 0.7774265095230983,
  "epsilon": 9.629325580734797e-09,
  "lr": 0.0006747764427937129,
  "seed": 2030646243,
  "weight_decay": 1.7488774906366963e-08
}