{
  "beta_1": 0.3224906426258264,
  "beta_2": 0.7869340788646403,
  "epsilon": 0.00020511247898767553,
  "lr": 4.809750028770741e-06,
  "seed": 421396137,
  "weight_decay": 2.6336744770435516e-05
}