{
  "beta_1": 0.4803761050958105,
  "beta_2": 0.8188305934595648,
  "epsilon": 2.219213710329191e-09,
  "lr": 0.008269759243996866,
  "seed": 2033197682,
  "weight_decay": 2.340839813431065e-05
}