{
  "beta_1": 0.1687326008524216,
  "beta_2": 0.4575151474216774,
  "epsilon": 0.0005760745671834009,
  "lr": 0.00035630743517446974,
  "seed": 855774790,
  "weight_decay": 1.6302510301850745e-08
}