{
  "beta_1": 0.8879637729859691,
  "beta_2": 0.31756257510256936,
  "epsilon": 0.0003120896394180418,
  "lr": 0.0015238285017299437,
  "seed": 2131765436,
  "weight_decay": 1.0067610014527736e-07
}