{
  "beta_1": 0.13886389519471573,
  "beta_2": 0.3749652628572976,
  "epsilon": 4.7623652739608005e-08,
  "lr": 1.951811273782589e-06,
  "seed": 352140643.72910744,
  "weight_decay": 1.8247934809438481e-06
}