{
  "beta_1": 0.4016320899992738,
  "beta_2": 0.27886847284748895,
  "epsilon": 1.0177592587009659e-08,
  "lr": 0.0009727414796619522,
  "seed": 1389080092,
  "weight_decay": 6.735282440898035e-05
}