{
  "beta_1": 0.2745187994593081,
  "beta_2": 0.745901832708679,
  "epsilon": 1.5739398344171427e-08,
  "lr": 0.025947810554782312,
  "seed": 1544717444,
  "weight_decay": 0.0007365105512593857
}