{
  "beta_1": 0.5682215576114482,
  "beta_2": 0.6157182465327193,
  "epsilon": 1.7596500912612218e-07,
  "lr": 0.0044182515044992165,
  "seed": 790416135,
  "weight_decay": 0.0001165596313539062
}