{
  "beta_1": 0.6637160309331332,
  "beta_2": 0.45864568599889755,
  "epsilon": 3.3865650471659287e-10,
  "lr": 0.0017256577475166291,
  "seed": 1665841269.7208624,
  "weight_decay": 4.060798522980754e-08
}