{
  "beta_1": 0.3935550347743372,
  "beta_2": 0.6772926036816407,
  "epsilon": 6.18550544169089e-08,
  "lr": 2.502859310434597e-05,
  "seed": 276730658,
  "weight_decay": 5.884595172677808e-06
}