{
  "beta_1": 0.8442073983613138,
  "beta_2": 0.9776721044672819,
  "epsilon": 3.344722140764656e-05,
  "lr": 0.0014383153983414223,
  "seed": 198801717,
  "weight_decay": 0.002574354314102182
}