{
  "beta_1": 0.8604528271276273,
  "beta_2": 0.9329250531410294,
  "epsilon": 8.436359544976213e-06,
  "lr": 0.009726865633645606,
  "seed": 769084809,
  "weight_decay": 5.635065667445753e-06
}