{
  "beta_1": 0.28631640251601836,
  "beta_2": 0.7791994720118038,
  "epsilon": 0.00024487563607972104,
  "lr": 3.8453329588389525e-05,
  "seed": 814006396,
  "weight_decay": 3.0990130860163516e-08
}