{
  "beta_1": 0.5867189508276782,
  "beta_2": 0.5996407835707375,
  "epsilon": 0.0004616691387201663,
  "lr": 1.2508302515486392e-06,
  "seed": 759590373,
  "weight_decay": 9.697711366179975e-07
}