{
  "beta1": 0.9928116471232395,
  "beta2": 0.37234765311263407,
  "epsilon": 0.0007200932089792511,
  "lr": 0.0004453842939680871,
  "seed": 855774790,
  "weight_decay": 1.358542525154229e-08,
  "x_beta1": 4.9717066800906,
  "x_beta2": -0.8347477022425647
}