{
  "beta_1": 0.42143611418611604,
  "beta_2": 0.7441157296888357,
  "epsilon": 6.949537284228417e-05,
  "lr": 0.006358773597816548,
  "seed": 735090432,
  "weight_decay": 2.669142906130562e-08
}