{
  "beta_1": 0.26605718687282254,
  "beta_2": 0.6609722757779886,
  "epsilon": 2.234195436182569e-08,
  "lr": 0.07079879034357225,
  "seed": 1231414433,
  "weight_decay": 4.156799473127031e-05
}