{
  "beta_1": 0.741604801665251,
  "beta_2": 0.11521337457623242,
  "epsilon": 4.121036432110584e-05,
  "lr": 0.0001415792235038611,
  "seed": 646551764,
  "weight_decay": 0.00031739232360584785
}