{
  "beta_1": 0.8022872992489278,
  "beta_2": 0.4182862382111683,
  "epsilon": 9.13759139387093e-05,
  "lr": 0.0532319091322555,
  "seed": 124085305,
  "weight_decay": 0.007911184003531371
}