{
  "beta_1": 0.9065275617820658,
  "beta_2": 0.1810372148662618,
  "epsilon": 2.5237302674427607e-08,
  "lr": 7.924071771971737e-06,
  "seed": 1427710952,
  "weight_decay": 1.8730099550885242e-06
}