{
  "beta_1": 0.6951576259189565,
  "beta_2": 0.582964633201187,
  "epsilon": 1.6436567016627647e-05,
  "lr": 0.0004779522096170999,
  "seed": 1734397567,
  "weight_decay": 3.4689951532629267e-05
}