{
  "beta_1": 0.8322559172351539,
  "beta_2": 0.30264579393221225,
  "epsilon": 1.944202134403146e-06,
  "lr": 5.31310873557672e-06,
  "seed": 1314358894,
  "weight_decay": 0.0046649159619457075
}