{
  "beta1": 0.10000107028492551,
  "beta2": 0.11654599034381172,
  "epsilon": 7.496770222013755e-09,
  "lr": 0.00031535842831934615,
  "seed": 2044239969,
  "weight_decay": 0.009741040752607748,
  "x_beta1": -1.5552508337394926,
  "x_beta2": -3.8184789504238847
}