{
  "beta1": 0.2215168831261053,
  "beta2": 0.12573750697182812,
  "epsilon": 3.754505310047714e-06,
  "lr": 1.9292198572272135e-05,
  "seed": 523950782,
  "weight_decay": 1.304927756351315e-05,
  "x_beta1": -1.8560087202884183,
  "x_beta2": -3.52531693393534
}