{
  "beta_1": 0.32507076978096955,
  "beta_2": 0.865512914593434,
  "epsilon": 0.0009030897080481071,
  "lr": 0.0005859909156228552,
  "seed": 1693856327.958769,
  "weight_decay": 8.321468938448544e-05
}