{
  "beta_1": 0.5991393262693687,
  "beta_2": 0.4611023854627092,
  "epsilon": 1.7001388976133156e-06,
  "lr": 1.9991351078760447e-06,
  "seed": 410462042,
  "weight_decay": 3.852165647025224e-07
}