{
  "beta_1": 0.15394415779795445,
  "beta_2": 0.2748701551076089,
  "epsilon": 1.7319889880857815e-06,
  "lr": 2.9759031258426326e-06,
  "seed": 507459370,
  "weight_decay": 4.912592094892604e-08
}