{
  "beta_1": 0.8955427512298212,
  "beta_2": 0.15660056942566503,
  "epsilon": 3.724866642630407e-09,
  "lr": 6.212844273366832e-05,
  "seed": 1383230305,
  "weight_decay": 0.0001427460527076072
}