{
  "beta_1": 0.6740325831270579,
  "beta_2": 0.8738024253476209,
  "epsilon": 1.1360453328475985e-10,
  "lr": 0.0014670076122605966,
  "seed": 356192080.4171731,
  "weight_decay": 6.595739645373302e-06
}