{
  "beta_1": 0.7698805973804945,
  "beta_2": 0.997683028604324,
  "epsilon": 4.850433118622728e-07,
  "lr": 1.2286787690696932e-05,
  "seed": 1509589400,
  "weight_decay": 1.197590861047239e-06
}