{
  "beta_1": 0.90348838312417,
  "beta_2": 0.7237488432751851,
  "epsilon": 0.00011969612644071207,
  "lr": 0.0263946565634235,
  "seed": 876869026,
  "weight_decay": 2.8175529532677486e-05
}