{
  "beta_1": 0.7025173916899732,
  "beta_2": 0.42490700503199863,
  "epsilon": 1.4220805941069082e-10,
  "lr": 0.0075835447204530134,
  "seed": 363399193.5754805,
  "weight_decay": 7.100260713354224e-07
}