{
  "beta_1": 0.5790930488238198,
  "beta_2": 0.30920038314842446,
  "epsilon": 4.203308763272365e-08,
  "lr": 0.0003701711494824246,
  "seed": 237472799.94280097,
  "weight_decay": 0.002660646578616746
}