{
  "beta_1": 0.9089091758420544,
  "beta_2": 0.8228518960635665,
  "epsilon": 4.0848333807740616e-09,
  "lr": 1.2531431940258527e-05,
  "seed": 126684882,
  "weight_decay": 9.937951317817426e-06
}