{
  "beta_1": 0.3142786739245682,
  "beta_2": 0.3745932199461661,
  "epsilon": 7.626122192998612e-08,
  "lr": 0.0004482155737975984,
  "seed": 14633724,
  "weight_decay": 0.00011009756802696924
}