{
  "beta_1": 0.49679111869634185,
  "beta_2": 0.15638792796889375,
  "epsilon": 3.626897197486832e-08,
  "lr": 0.0003644281526839095,
  "seed": 1372551043.111223,
  "weight_decay": 6.560155731950186e-06
}