{
  "beta_1": 0.42851572086831147,
  "beta_2": 0.5244745012189603,
  "epsilon": 1.321447742538574e-07,
  "lr": 0.05748356003480057,
  "seed": 1820543300,
  "weight_decay": 5.014005463272164e-05
}