{
  "beta_1": 0.279881747412499,
  "beta_2": 0.9052947387262933,
  "epsilon": 1.0164472416034828e-09,
  "lr": 4.456948670368764e-05,
  "seed": 24758032,
  "weight_decay": 5.4701865535701265e-08
}