{
  "beta_1": 0.24464931152344463,
  "beta_2": 0.665934953141789,
  "epsilon": 1.8906721576342074e-09,
  "lr": 0.0014936905347833554,
  "seed": 356248567,
  "weight_decay": 2.0207671994988798e-07
}