{
  "beta_1": 0.49788184587827666,
  "beta_2": 0.7130110609247771,
  "epsilon": 3.199628717459935e-06,
  "lr": 0.005740662308057278,
  "seed": 1323700917,
  "weight_decay": 0.0003516875515631974
}