{
  "beta_1": 0.18969578600090709,
  "beta_2": 0.16309311423589556,
  "epsilon": 0.0008490253930844321,
  "lr": 0.0076112706595056175,
  "seed": 1763030159,
  "weight_decay": 2.6642852229182067e-08
}