{
  "beta_1": 0.21334376569340502,
  "beta_2": 0.37511090749251885,
  "epsilon": 1.8409409930919314e-05,
  "lr": 0.0004461307505564139,
  "seed": 150750856,
  "weight_decay": 3.0662278898732985e-05
}