{
  "beta1": 0.9857042818953516,
  "beta2": 0.9997173431716554,
  "epsilon": 6.60975804136849e-07,
  "lr": 1.3047949959827678e-05,
  "seed": 14633724,
  "weight_decay": 2.953420106182041e-07,
  "x_beta1": 4.030983447270799,
  "x_beta2": 8.16213772073678
}