{
  "beta_1": 0.4931510978323662,
  "beta_2": 0.8993772068062365,
  "epsilon": 1.2095765135236953e-06,
  "lr": 0.033364214720528994,
  "seed": 1025667278,
  "weight_decay": 3.6051717706352713e-05
}