{
  "beta_1": 0.45836976131428364,
  "beta_2": 0.31050894258845274,
  "epsilon": 5.848759455439948e-10,
  "lr": 0.001018487449215622,
  "seed": 514252460.1079591,
  "weight_decay": 0.0010903261217872714
}