{
  "beta1": 0.10000100470937369,
  "beta2": 0.10034856526339324,
  "epsilon": 0.00019921403581663698,
  "lr": 0.0005472822244897862,
  "seed": 770984983,
  "weight_decay": 0.0010876322401565555,
  "x_beta1": -13.704338876586105,
  "x_beta2": -7.855826030123867
}