{
  "beta_1": 0.21409088632162182,
  "beta_2": 0.7164804962961644,
  "epsilon": 0.00016431720128006432,
  "lr": 2.1783480318417646e-06,
  "seed": 181946601,
  "weight_decay": 0.0003704348928101194
}