{
  "beta_1": 0.45142596955611314,
  "beta_2": 0.24990859202228516,
  "epsilon": 0.0008131828787347063,
  "lr": 1.5566633763859052e-06,
  "seed": 1553532466,
  "weight_decay": 7.556829485108061e-05
}