{
  "beta_1": 0.2654137858034722,
  "beta_2": 0.29783159993175,
  "epsilon": 2.1604939167202243e-07,
  "lr": 0.00023153574535681742,
  "seed": 786672259,
  "weight_decay": 5.656994129719886e-05
}