{
  "beta_1": 0.20219622863160688,
  "beta_2": 0.4961723002565519,
  "epsilon": 1.576946708360626e-05,
  "lr": 0.001953774788213482,
  "seed": 1393932167,
  "weight_decay": 4.548855840225753e-06
}