{
  "beta1": 0.10072874413984526,
  "beta2": 0.10223636796055804,
  "epsilon": 2.796760195141993e-05,
  "lr": 0.000999387607985524,
  "seed": 735090432,
  "weight_decay": 2.2242857551088017e-08,
  "x_beta1": -7.116904672077157,
  "x_beta2": -5.994942319844358
}