{
  "beta_1": 0.4095962177806034,
  "beta_2": 0.9739280781374977,
  "epsilon": 8.389106431566759e-10,
  "lr": 0.0010248532079408454,
  "seed": 852244866.5451264,
  "weight_decay": 0.006011255960794263
}