{
  "beta_1": 0.15185821466487565,
  "beta_2": 0.8514958239144536,
  "epsilon": 2.4291077672241013e-05,
  "lr": 0.00045277657364959213,
  "seed": 356105714.67274415,
  "weight_decay": 1.4393349958619045e-07
}