{
  "beta_1": 0.7066581622204344,
  "beta_2": 0.7332616256820274,
  "epsilon": 5.609429581953864e-10,
  "lr": 0.000263195189256135,
  "seed": 1450138956.449412,
  "weight_decay": 1.994340997488636e-05
}