{
  "beta_1": 0.9426292506427171,
  "beta_2": 0.2585356986859895,
  "epsilon": 0.00016374501959323122,
  "lr": 0.07158442902525701,
  "seed": 113600392.23391801,
  "weight_decay": 1.5534883242194492e-08
}