{
  "beta_1": 0.9256324369816743,
  "beta_2": 0.9078696787583314,
  "epsilon": 2.7874312607213267e-07,
  "lr": 3.8423620419864634e-05,
  "seed": 2030631546,
  "weight_decay": 2.5305934997248465e-07
}