{
  "beta_1": 0.5180618922481683,
  "beta_2": 0.5191473414511071,
  "epsilon": 7.320283145238565e-09,
  "lr": 8.061567815645008e-05,
  "seed": 1024607740,
  "weight_decay": 1.646120635223883e-05
}