{
  "beta_1": 0.6271575312193781,
  "beta_2": 0.8429729016656599,
  "epsilon": 1.9801400389241254e-08,
  "lr": 0.0010203477525081044,
  "seed": 527012972.7775104,
  "weight_decay": 0.003129963533658458
}