{
  "beta1": 0.7838010130526419,
  "beta2": 0.9718731674057811,
  "epsilon": 1.8943227003988583e-07,
  "lr": 0.0002479966632856043,
  "seed": 115812351,
  "weight_decay": 0.00024540642060943475,
  "x_beta1": 1.1561038379255457,
  "x_beta2": 3.4374816048787
}