{
  "beta_1": 0.6948699718945309,
  "beta_2": 0.2663661215482045,
  "epsilon": 1.1967644673097951e-05,
  "lr": 3.766592308034004e-05,
  "seed": 1298325578.901006,
  "weight_decay": 0.008797033266650324
}