{
  "beta_1": 0.4022868687756752,
  "beta_2": 0.9879889158631153,
  "epsilon": 1.2318663016094772e-09,
  "lr": 1.888242547739849e-06,
  "seed": 1515943172.563932,
  "weight_decay": 5.2673566363400884e-08
}