{
  "beta_1": 0.3265092467827391,
  "beta_2": 0.4371584399251375,
  "epsilon": 3.323342002424696e-05,
  "lr": 6.982701127796022e-06,
  "seed": 528817043,
  "weight_decay": 2.3456999385118102e-07
}