{
  "beta_1": 0.6404486893255663,
  "beta_2": 0.5190833387448537,
  "epsilon": 0.0005420070753182574,
  "lr": 0.013697231097655825,
  "seed": 64044084,
  "weight_decay": 1.1586081526234536e-08
}