{
  "beta_1": 0.7561477688029796,
  "beta_2": 0.7943984002039687,
  "epsilon": 8.982328387874412e-09,
  "lr": 0.0006090293401731599,
  "seed": 1167429521.533498,
  "weight_decay": 6.35105331976212e-07
}