{
  "beta_1": 0.6671418809248318,
  "beta_2": 0.40717117652400636,
  "epsilon": 1.9450262818252013e-05,
  "lr": 0.009145708734043752,
  "seed": 1494624913,
  "weight_decay": 3.6462725234501134e-06
}