{
  "beta_1": 0.6177947751161191,
  "beta_2": 0.742161888053491,
  "epsilon": 3.0248210840965292e-06,
  "lr": 0.03645644787745808,
  "seed": 782022670,
  "weight_decay": 0.004252531000539469
}