{
  "beta_1": 0.7305554027969421,
  "beta_2": 0.7325307336570841,
  "epsilon": 5.0947213743036e-09,
  "lr": 0.0003389270820957834,
  "seed": 646516813.7410462,
  "weight_decay": 1.401887840427601e-08
}