{
  "beta_1": 0.6827096379238795,
  "beta_2": 0.23361927058415397,
  "epsilon": 0.00014842018199295434,
  "lr": 0.002447680420140644,
  "seed": 165832223,
  "weight_decay": 4.722572302346136e-06
}