{
  "beta_1": 0.27843502006191456,
  "beta_2": 0.8232677596932232,
  "epsilon": 6.301913180946318e-09,
  "lr": 1.457322587975164e-05,
  "seed": 1887797426,
  "weight_decay": 2.929499100865687e-05
}