{
  "beta_1": 0.26101571467280876,
  "beta_2": 0.10124567420184483,
  "epsilon": 2.038933854344197e-05,
  "lr": 0.0011135134708706823,
  "seed": 1911499737,
  "weight_decay": 1.558481639688658e-05
}