{
  "beta_1": 0.37762087861919336,
  "beta_2": 0.6520010842940143,
  "epsilon": 6.23411184323156e-09,
  "lr": 4.83519935425314e-05,
  "seed": 2079008183,
  "weight_decay": 0.0006245092565049772
}