{
  "beta_1": 0.608278737830111,
  "beta_2": 0.5679628575383123,
  "epsilon": 0.0006505517354194918,
  "lr": 3.611045632130079e-05,
  "seed": 497465892,
  "weight_decay": 0.0003162988674139181
}