{
  "beta_1": 0.6186493538391264,
  "beta_2": 0.8846145980418674,
  "epsilon": 2.0285289353080805e-06,
  "lr": 0.0009760633560996039,
  "seed": 441267206.2629237,
  "weight_decay": 2.558807036153662e-07
}