{
  "beta_1": 0.481636374988925,
  "beta_2": 0.8519887995272837,
  "epsilon": 8.764713950369683e-08,
  "lr": 0.001214011240128084,
  "seed": 65871533,
  "weight_decay": 7.878713505432396e-07
}