{
  "beta_1": 0.1993498670363404,
  "beta_2": 0.3443379151032029,
  "epsilon": 4.238346675693343e-09,
  "lr": 0.005115094404035463,
  "seed": 1267911490,
  "weight_decay": 1.1201322393300797e-05
}