{
  "beta_1": 0.8669632684985177,
  "beta_2": 0.9861206418247594,
  "epsilon": 1.232247550021619e-10,
  "lr": 0.0017004147256430326,
  "seed": 87335205.76460876,
  "weight_decay": 8.400925753561737e-05
}