{
  "beta_1": 0.6223957241907134,
  "beta_2": 0.17528533030115245,
  "epsilon": 2.4640603949807403e-07,
  "lr": 0.004559372433087985,
  "seed": 928562676,
  "weight_decay": 4.50282238000007e-06
}