{
  "beta_1": 0.6998662074712506,
  "beta_2": 0.9797750425871304,
  "epsilon": 7.804124188248109e-05,
  "lr": 0.0012476932322555948,
  "seed": 64482564,
  "weight_decay": 2.191082373005203e-08
}