{
  "beta_1": 0.7163071769918269,
  "beta_2": 0.6981341998230802,
  "epsilon": 2.0928578273313523e-08,
  "lr": 0.03203117555028557,
  "seed": 1800305653,
  "weight_decay": 4.7916075979339425e-08
}