{
  "beta_1": 0.7214555877947073,
  "beta_2": 0.6226936997526237,
  "epsilon": 1.669737187422775e-08,
  "lr": 3.519991126018816e-05,
  "seed": 1260585973,
  "weight_decay": 7.387409344176892e-05
}