{
  "beta_1": 0.812043361924334,
  "beta_2": 0.7915920030547969,
  "epsilon": 3.6424765810843246e-06,
  "lr": 2.6907375211133423e-06,
  "seed": 1888373936,
  "weight_decay": 7.701146258272233e-07
}