{
  "beta_1": 0.8978650327276464,
  "beta_2": 0.7524732732085476,
  "epsilon": 5.044289211723102e-10,
  "lr": 0.014019049907568406,
  "seed": 1084345136.0192027,
  "weight_decay": 1.0509674862554355e-06
}