{
  "beta_1": 0.29147543491226124,
  "beta_2": 0.8760500516761702,
  "epsilon": 1.0021265161413702e-06,
  "lr": 0.004956241461321312,
  "seed": 1230145472,
  "weight_decay": 4.76893090535283e-05
}