{
  "beta1": 0.1000086137393404,
  "beta2": 0.15079029843812672,
  "epsilon": 4.6136935058741516e-10,
  "lr": 0.00029960981227989086,
  "seed": 1492942587,
  "weight_decay": 8.992004183415597e-06,
  "x_beta1": -9.244536164609299,
  "x_beta2": -2.2531864239369654
}