{
  "beta_1": 0.2558276667464677,
  "beta_2": 0.18301344528671487,
  "epsilon": 1.504193267324038e-08,
  "lr": 0.007359262850424875,
  "seed": 145401199,
  "weight_decay": 9.189376389573498e-08
}