{
  "beta_1": 0.8126086073140941,
  "beta_2": 0.4378083861615065,
  "epsilon": 8.432175490362556e-08,
  "lr": 0.016436138799548496,
  "seed": 427092361.92742497,
  "weight_decay": 0.004188315030709246
}