{
  "beta_1": 0.12414853176273122,
  "beta_2": 0.7349981964803756,
  "epsilon": 1.096294898593022e-09,
  "lr": 2.1730696876421203e-05,
  "seed": 1292251295.9546924,
  "weight_decay": 1.4737002306248e-05
}