{
  "beta_1": 0.18583777794176862,
  "beta_2": 0.8977315267004896,
  "epsilon": 3.2310804961854683e-09,
  "lr": 0.005165444942067646,
  "seed": 749474408,
  "weight_decay": 2.1639965423979386e-08
}