{
  "beta_1": 0.5340510163665668,
  "beta_2": 0.960160529282281,
  "epsilon": 1.6043965751980353e-08,
  "lr": 0.00024197111624298356,
  "seed": 1413230627,
  "weight_decay": 0.0019193279911551883
}