{
  "beta_1": 0.181549209908754,
  "beta_2": 0.8573676253311324,
  "epsilon": 1.2311738169096788e-07,
  "lr": 0.0005682332517561288,
  "seed": 624522140.723954,
  "weight_decay": 0.0007374896777974468
}