{
  "beta1": 0.26693669786185736,
  "beta2": 0.1018134133869197,
  "epsilon": 0.000539916499223283,
  "lr": 0.003512344183735548,
  "seed": 1614514038,
  "weight_decay": 3.942605839972884e-07,
  "x_beta1": -1.1826018421721074,
  "x_beta2": 2.0911746496154997
}