{
  "beta_1": 0.9425794457258497,
  "beta_2": 0.11613582716709964,
  "epsilon": 2.7467351053112977e-07,
  "lr": 4.221666426909504e-06,
  "seed": 1031451971.9030119,
  "weight_decay": 4.8892650569838676e-08
}