{
  "beta_1": 0.35918441312860105,
  "beta_2": 0.5321063355613835,
  "epsilon": 4.956165518404701e-10,
  "lr": 0.0029728654444500435,
  "seed": 144319678,
  "weight_decay": 0.0011925957274677398
}