{
  "beta_1": 0.9507497778712622,
  "beta_2": 0.9585232614861909,
  "epsilon": 1.6666798394518388e-05,
  "lr": 0.00010453488405777093,
  "seed": 396682986,
  "weight_decay": 6.204043331127778e-05
}