{
  "beta_1": 0.9716639940094823,
  "beta_2": 0.3889702025820577,
  "epsilon": 2.420343691793988e-10,
  "lr": 0.003988638474591385,
  "seed": 1068331427,
  "weight_decay": 3.795636150164513e-08
}