{
  "beta1": 0.10013213617797467,
  "beta2": 0.1244764781649703,
  "epsilon": 4.798264854071432e-06,
  "lr": 8.788311080976069e-05,
  "seed": 408384093,
  "weight_decay": 0.0006314810734278058,
  "x_beta1": -8.82505827923979,
  "x_beta2": -3.5769952127252314
}