{
  "beta_1": 0.6989059682698251,
  "beta_2": 0.6547481108286929,
  "epsilon": 1.479027408708228e-06,
  "lr": 5.064631003712594e-06,
  "seed": 1099922717,
  "weight_decay": 0.0014230746089307275
}