{
  "beta_1": 0.5661486207246315,
  "beta_2": 0.32810829051317003,
  "epsilon": 0.00043656416805874966,
  "lr": 0.0002618693454798184,
  "seed": 314912156.39013344,
  "weight_decay": 0.00288341942662696
}