{
  "beta_1": 0.5265686265735189,
  "beta_2": 0.39358726918878373,
  "epsilon": 2.045262738627298e-07,
  "lr": 0.004201049956831918,
  "seed": 999328905,
  "weight_decay": 8.014477086195982e-07
}