{
  "beta_1": 0.23877258208225413,
  "beta_2": 0.6079286749329647,
  "epsilon": 0.0008641118507751013,
  "lr": 0.00035630743517446974,
  "seed": 855774790,
  "weight_decay": 1.6302510301850745e-08
}