{
  "beta_1": 0.1266499408649986,
  "beta_2": 0.38513127256787194,
  "epsilon": 1.680067125879295e-10,
  "lr": 2.525787292785963e-05,
  "seed": 1666393238,
  "weight_decay": 4.565189561926808e-07
}