{
  "beta_1": 0.6947705000021167,
  "beta_2": 0.48563325006717917,
  "epsilon": 2.2032384991484874e-05,
  "lr": 2.8537965968057707e-05,
  "seed": 232626757.01525423,
  "weight_decay": 1.1089090256836508e-07
}