{
  "beta_1": 0.6543239215823385,
  "beta_2": 0.7327681620600245,
  "epsilon": 0.0009643611129177571,
  "lr": 1.635552271136938e-05,
  "seed": 1089969215,
  "weight_decay": 4.387351645961206e-05
}