{
  "beta_1": 0.32294954261233966,
  "beta_2": 0.4710038294268938,
  "epsilon": 7.0775854740152965e-09,
  "lr": 0.0003360674666616558,
  "seed": 72495414.58243641,
  "weight_decay": 2.3364306726279364e-07
}