{
  "beta_1": 0.16095144341734963,
  "beta_2": 0.7205954321189847,
  "epsilon": 2.871509145803155e-10,
  "lr": 0.00033253638400166535,
  "seed": 1049211870.550883,
  "weight_decay": 5.582359562126776e-06
}