{
  "beta_1": 0.35410293070072674,
  "beta_2": 0.3497856918428158,
  "epsilon": 0.0005678692153493581,
  "lr": 0.0034749104568578396,
  "seed": 779605076.9422598,
  "weight_decay": 6.544240450393378e-05
}