{
  "beta_1": 0.7832110840969986,
  "beta_2": 0.7322609457167057,
  "epsilon": 2.320713091203935e-08,
  "lr": 5.735354249731981e-06,
  "seed": 1881650301.5234401,
  "weight_decay": 0.0028454993645370043
}