{
  "beta_1": 0.3321961699964444,
  "beta_2": 0.8661288809020229,
  "epsilon": 1.7003848677870365e-08,
  "lr": 0.023194461536218777,
  "seed": 1917253734,
  "weight_decay": 8.303658085579543e-07
}