{
  "beta_1": 0.5993895805010085,
  "beta_2": 0.6010289391395215,
  "epsilon": 2.4507940492291e-09,
  "lr": 0.017337120091331055,
  "seed": 2071166727,
  "weight_decay": 0.0040196311102799545
}