{
  "beta_1": 0.6460975723974137,
  "beta_2": 0.5663009620641559,
  "epsilon": 1.6415349715994785e-10,
  "lr": 4.6744648938550996e-06,
  "seed": 754382865,
  "weight_decay": 5.065436681556008e-06
}