{
  "beta_1": 0.6958218409246177,
  "beta_2": 0.4362600184801442,
  "epsilon": 1.0686382042330267e-06,
  "lr": 9.089529704419544e-05,
  "seed": 1441147706,
  "weight_decay": 2.8727624129021327e-06
}