{
  "beta_1": 0.1571664692260662,
  "beta_2": 0.876929372722974,
  "epsilon": 5.757890534301195e-06,
  "lr": 0.005540047319738341,
  "seed": 396730254,
  "weight_decay": 0.004168023130607075
}