{
  "beta_1": 0.36953163730129546,
  "beta_2": 0.8004915407675633,
  "epsilon": 1.0469470930016353e-10,
  "lr": 0.00016333590119650538,
  "seed": 1396468295,
  "weight_decay": 4.124953712193135e-07
}