{
  "beta_1": 0.2648951984692606,
  "beta_2": 0.13918217048943202,
  "epsilon": 9.733342636288298e-08,
  "lr": 0.002594509585877666,
  "seed": 721481086,
  "weight_decay": 3.1714181642818935e-06
}