{
  "beta_1": 0.6039147208268726,
  "beta_2": 0.8841925299948026,
  "epsilon": 0.0002581198430338261,
  "lr": 0.007454246746127209,
  "seed": 1209237750,
  "weight_decay": 1.6227848471399343e-07
}