{
  "beta_1": 0.48757648256692876,
  "beta_2": 0.42187464230967064,
  "epsilon": 2.7541850401931114e-06,
  "lr": 0.09848656800027093,
  "seed": 1115060654.4013557,
  "weight_decay": 0.00027734795746309226
}