{
  "beta_1": 0.25464981691527244,
  "beta_2": 0.1904060103608328,
  "epsilon": 9.384538227991656e-10,
  "lr": 0.06207512142238494,
  "seed": 1119573126.136887,
  "weight_decay": 4.680235337525779e-08
}