{
  "beta_1": 0.27939556401213006,
  "beta_2": 0.26373122273241967,
  "epsilon": 1.497588395244881e-06,
  "lr": 7.076269515810442e-05,
  "seed": 499106559,
  "weight_decay": 4.633352294146184e-06
}