{
  "beta_1": 0.6022664520166672,
  "beta_2": 0.7496689422979416,
  "epsilon": 2.0988012044298913e-10,
  "lr": 7.495693611939369e-05,
  "seed": 2132102968,
  "weight_decay": 1.7568997048013936e-08
}