{
  "beta_1": 0.9798098126076371,
  "beta_2": 0.7294567832370255,
  "epsilon": 6.474793596397275e-06,
  "lr": 0.00030912658812985353,
  "seed": 1225221029.4174695,
  "weight_decay": 0.007122124282414153
}