{
  "beta_1": 0.751367359530409,
  "beta_2": 0.4676476160808759,
  "epsilon": 1.41656221457688e-08,
  "lr": 7.393985918191659e-06,
  "seed": 636750612,
  "weight_decay": 0.00010055863143533995
}