{
  "beta_1": 0.8299054514566014,
  "beta_2": 0.7857479249422188,
  "epsilon": 1.0743525735801773e-05,
  "lr": 3.494083564846267e-05,
  "seed": 2107032895,
  "weight_decay": 6.442316274015167e-05
}