{
  "beta_1": 0.7807098877852368,
  "beta_2": 0.7400198013406,
  "epsilon": 9.44228185298728e-09,
  "lr": 0.00023234194387401885,
  "seed": 362905974,
  "weight_decay": 0.0037216371206004275
}