{
  "beta_1": 0.431002384408246,
  "beta_2": 0.21773525461589494,
  "epsilon": 7.387402705920102e-09,
  "lr": 1.2086683296257538e-05,
  "seed": 1019174053,
  "weight_decay": 2.3504012300449302e-07
}