{
  "beta_1": 0.3835454710796049,
  "beta_2": 0.47680871218963095,
  "epsilon": 1.522054828443175e-08,
  "lr": 0.0003509622754038866,
  "seed": 1788345687,
  "weight_decay": 1.6358495713776624e-08
}