{
  "beta_1": 0.23982006978972678,
  "beta_2": 0.14071995049595634,
  "epsilon": 3.511118345533479e-06,
  "lr": 0.008893947480654654,
  "seed": 226826052,
  "weight_decay": 0.0012756881706028063
}