{
  "beta_1": 0.5028867766390775,
  "beta_2": 0.639925481794539,
  "epsilon": 0.0008193258886089951,
  "lr": 0.09225523871927908,
  "seed": 335497979,
  "weight_decay": 0.002233225760720362
}