{
  "beta_1": 0.4271641439701983,
  "beta_2": 0.4050942868331372,
  "epsilon": 2.8274506151206827e-08,
  "lr": 0.0012762810481937263,
  "seed": 1761748119,
  "weight_decay": 7.571842680473784e-05
}