{
  "beta1": 0.9989591544222561,
  "beta2": 0.9996488369878893,
  "epsilon": 6.503436823540091e-05,
  "lr": 0.0010397443602129957,
  "seed": 64482564,
  "weight_decay": 2.7388529662565033e-08,
  "x_beta1": 9.999194318479235,
  "x_beta2": 8.18365760607084
}