{
  "beta_1": 0.5720937846072071,
  "beta_2": 0.7584066145676222,
  "epsilon": 4.0267084264054265e-07,
  "lr": 0.00017782761654004073,
  "seed": 206346009,
  "weight_decay": 0.0009126596377739439
}