{
  "beta_1": 0.649407711564067,
  "beta_2": 0.8982967630710932,
  "epsilon": 8.387072928946857e-06,
  "lr": 2.133504608750847e-06,
  "seed": 149073005.47070903,
  "weight_decay": 3.074472337896279e-08
}