{
  "beta_1": 0.2143022220895845,
  "beta_2": 0.6399345983116689,
  "epsilon": 3.8080680071981064e-08,
  "lr": 0.006199807877635418,
  "seed": 1153481183,
  "weight_decay": 8.051219791030495e-06
}