{
  "beta_1": 0.403534765573067,
  "beta_2": 0.9081487039269748,
  "epsilon": 6.8058612613857374e-06,
  "lr": 0.001781685191532235,
  "seed": 2016819468.2028866,
  "weight_decay": 0.0005791863634158912
}