{
  "beta_1": 0.5283187436471568,
  "beta_2": 0.38252056271015733,
  "epsilon": 2.10898325511026e-06,
  "lr": 0.002435058660787619,
  "seed": 425485912,
  "weight_decay": 1.5747508835533338e-06
}