{
  "beta_1": 0.10895981872917795,
  "beta_2": 0.8895129750292474,
  "epsilon": 1.8019238089115922e-05,
  "lr": 6.613669467124107e-05,
  "seed": 2134051813,
  "weight_decay": 3.6359644088378656e-05
}