{
  "beta_1": 0.6619296793143917,
  "beta_2": 0.8382257837338288,
  "epsilon": 3.602066735465799e-08,
  "lr": 0.06478682888026711,
  "seed": 1795338780,
  "weight_decay": 0.007337161752878881
}