{
  "beta1": 0.10007973268644757,
  "beta2": 0.10029941201094487,
  "epsilon": 2.350415452304725e-05,
  "lr": 0.0075711146827845644,
  "seed": 261808149,
  "weight_decay": 3.943735356237417e-07,
  "x_beta1": 3.5766556987288087,
  "x_beta2": -9.609462677737872
}