{
  "beta_1": 0.580151795584795,
  "beta_2": 0.6852635064720374,
  "epsilon": 0.0006261260202725967,
  "lr": 4.443538365397833e-06,
  "seed": 917622346.8810754,
  "weight_decay": 1.870056694078317e-08
}