{
  "beta_1": 0.6824589041320329,
  "beta_2": 0.9870150421156149,
  "epsilon": 4.656019053268393e-06,
  "lr": 0.005332343915641555,
  "seed": 1335413379,
  "weight_decay": 5.999252530446249e-07
}