{
  "beta_1": 0.6182420159291931,
  "beta_2": 0.9747808107501444,
  "epsilon": 6.287748358315896e-05,
  "lr": 0.004707641753423465,
  "seed": 2126664420.7921526,
  "weight_decay": 0.003634230843011151
}