{
  "beta_1": 0.784118843856166,
  "beta_2": 0.45264854795191667,
  "epsilon": 5.271941679529305e-10,
  "lr": 0.0005484952757988446,
  "seed": 467334834.92520016,
  "weight_decay": 1.0271168207958392e-06
}