{
  "beta_1": 0.5601137980466642,
  "beta_2": 0.5950776075621296,
  "epsilon": 1.3761497670880753e-10,
  "lr": 0.0004822940033566824,
  "seed": 386707622,
  "weight_decay": 5.644835073356945e-07
}