{
  "beta_1": 0.3876072857854119,
  "beta_2": 0.29618324913378846,
  "epsilon": 4.446125330059296e-09,
  "lr": 1.6006718573630318e-06,
  "seed": 1832984345,
  "weight_decay": 0.0002905925912278105
}