{
  "beta_1": 0.41306227569041865,
  "beta_2": 0.1914829331557416,
  "epsilon": 4.913879615911679e-05,
  "lr": 0.08051187593743862,
  "seed": 1259463766,
  "weight_decay": 4.855314151502282e-05
}