{
  "beta_1": 0.560330707837448,
  "beta_2": 0.7327705427582656,
  "epsilon": 1.3114279824051496e-08,
  "lr": 0.0007557241651065178,
  "seed": 1738220810,
  "weight_decay": 0.0013271785139237875
}