{
  "beta_1": 0.9868227939711423,
  "beta_2": 0.5671801946404819,
  "epsilon": 1.5962576734580967e-10,
  "lr": 4.010287311076336e-06,
  "seed": 1878840695,
  "weight_decay": 7.619891245188851e-06
}