{
  "beta_1": 0.5955258208839173,
  "beta_2": 0.5021701822861698,
  "epsilon": 1.5422584479133914e-06,
  "lr": 3.7043827136898024e-06,
  "seed": 453288966,
  "weight_decay": 0.004329570770204826
}