{
  "beta_1": 0.36901576623299004,
  "beta_2": 0.6218261533975474,
  "epsilon": 2.7552780817391773e-10,
  "lr": 0.0007899821616810973,
  "seed": 815119793.4440323,
  "weight_decay": 1.3819191209564862e-07
}