{
  "beta_1": 0.19214335502255264,
  "beta_2": 0.8109411027120311,
  "epsilon": 2.5330018996894937e-06,
  "lr": 0.0004613170859836579,
  "seed": 966093352.3558602,
  "weight_decay": 0.003559352269918835
}