{
  "beta_1": 0.15609746481212194,
  "beta_2": 0.8136187320816329,
  "epsilon": 4.0222738427402897e-10,
  "lr": 5.803459813962146e-06,
  "seed": 1525784547,
  "weight_decay": 0.004468945919371599
}