{
  "beta_1": 0.7291909208653652,
  "beta_2": 0.7206008893021337,
  "epsilon": 4.0034501916758583e-07,
  "lr": 0.05724504000044739,
  "seed": 175018604,
  "weight_decay": 0.001784947802592485
}