{
  "beta_1": 0.9657150092622889,
  "beta_2": 0.954393585007114,
  "epsilon": 1.6601709381891692e-09,
  "lr": 0.0461649049286067,
  "seed": 1337420235,
  "weight_decay": 0.002014757240931439
}