{
  "beta_1": 0.12055963963634586,
  "beta_2": 0.4038727950793062,
  "epsilon": 0.00010076631703670623,
  "lr": 5.476285746980251e-05,
  "seed": 1311626392.5505722,
  "weight_decay": 3.836311893939089e-06
}