{
  "beta_1": 0.34672243299977146,
  "beta_2": 0.4674107704689263,
  "epsilon": 0.0009556785955253108,
  "lr": 7.5720735852981625e-06,
  "seed": 525308262,
  "weight_decay": 3.564799493931467e-05
}