{
  "beta_1": 0.23054643733257807,
  "beta_2": 0.4816340316440356,
  "epsilon": 1.1262617441931658e-08,
  "lr": 1.2232245641572736e-06,
  "seed": 1740328914,
  "weight_decay": 9.215198449991352e-05
}