{
  "beta_1": 0.4836378212188973,
  "beta_2": 0.10203764332665582,
  "epsilon": 4.065005889793473e-05,
  "lr": 0.0007122348311281541,
  "seed": 290784958,
  "weight_decay": 7.960059587246646e-06
}