{
  "beta_1": 0.495408896601243,
  "beta_2": 0.3673669803310925,
  "epsilon": 1.3293633329621411e-08,
  "lr": 0.00020398594002871172,
  "seed": 859875732,
  "weight_decay": 1.3694719934722948e-07
}