{
  "beta_1": 0.8162199842674804,
  "beta_2": 0.20755974436183633,
  "epsilon": 6.375096889383016e-10,
  "lr": 0.0008015043440319694,
  "seed": 755359871.6072223,
  "weight_decay": 0.00524493278400571
}