{
  "beta_1": 0.39743954192109454,
  "beta_2": 0.8711791613326917,
  "epsilon": 8.545702815790354e-08,
  "lr": 4.829121229175213e-06,
  "seed": 1383427231,
  "weight_decay": 4.104133527608634e-05
}