{
  "beta_1": 0.9472284718824346,
  "beta_2": 0.12181229767036802,
  "epsilon": 5.368164083599354e-07,
  "lr": 0.0011027028543668241,
  "seed": 1956508545.9118721,
  "weight_decay": 1.6932166559600273e-05
}