{
  "beta_1": 0.12728213001605854,
  "beta_2": 0.16185805445445234,
  "epsilon": 7.011671573917936e-09,
  "lr": 0.003133537495428907,
  "seed": 1963102092.940339,
  "weight_decay": 3.5841715712200276e-06
}