{
  "beta_1": 0.8098369728159149,
  "beta_2": 0.9943594913602534,
  "epsilon": 2.360966555132385e-10,
  "lr": 1.1456394415535927e-05,
  "seed": 314083633,
  "weight_decay": 0.004653068489590775
}