{
  "beta_1": 0.673502246160005,
  "beta_2": 0.7013797169806832,
  "epsilon": 6.122417210699176e-09,
  "lr": 0.0006753981074585085,
  "seed": 1953220442.2938406,
  "weight_decay": 2.1187987112096597e-05
}