{
  "beta1": 0.1993250349887754,
  "beta2": 0.9998155650433842,
  "epsilon": 8.764713950369683e-08,
  "lr": 0.001214011240128084,
  "seed": 65871533,
  "weight_decay": 7.878713505432396e-07,
  "x_beta1": -2.085807697406148,
  "x_beta2": 9.27396359980949
}