{
  "beta_1": 0.5871152947840138,
  "beta_2": 0.6674092443283335,
  "epsilon": 0.00018208254521419047,
  "lr": 0.012751480949376217,
  "seed": 831252475,
  "weight_decay": 4.700253359470006e-06
}