{
  "beta_1": 0.7221256805082037,
  "beta_2": 0.8426983128025364,
  "epsilon": 3.498926332740762e-10,
  "lr": 0.06651531241859976,
  "seed": 1067798792,
  "weight_decay": 0.002236280735477834
}