{
  "beta_1": 0.2627181390479507,
  "beta_2": 0.47763108140676347,
  "epsilon": 4.446723881473016e-07,
  "lr": 6.215928861899117e-05,
  "seed": 34545012,
  "weight_decay": 0.004821349274379358
}