{
  "beta_1": 0.9147320706829281,
  "beta_2": 0.4460701807202194,
  "epsilon": 0.00014469266506647675,
  "lr": 0.009679194375518976,
  "seed": 2040679519.516597,
  "weight_decay": 2.8743055117662044e-05
}