{
  "beta_1": 0.5412830664652964,
  "beta_2": 0.6050298237789069,
  "epsilon": 3.300605350236188e-07,
  "lr": 7.968468935535108e-06,
  "seed": 1835029903,
  "weight_decay": 7.608377088143427e-05
}