{
  "beta_1": 0.9686018276401072,
  "beta_2": 0.8192191849683347,
  "epsilon": 4.499209733157969e-09,
  "lr": 0.00042689773207479974,
  "seed": 1424038601.2383401,
  "weight_decay": 0.002266773178386117
}