{
  "beta_1": 0.6360771247724449,
  "beta_2": 0.25704865612080274,
  "epsilon": 1.4758222282002248e-07,
  "lr": 0.0027493738548830813,
  "seed": 1712046172,
  "weight_decay": 0.0001425612397306845
}