{
  "beta_1": 0.36286448244558456,
  "beta_2": 0.34004702256160935,
  "epsilon": 0.0001763615259005249,
  "lr": 0.00029329625707783766,
  "seed": 807913731,
  "weight_decay": 3.7164428288612195e-05
}