{
  "beta1": 0.10000936724195,
  "beta2": 0.10555932660687745,
  "epsilon": 4.86155862782986e-07,
  "lr": 0.00014673752641244985,
  "seed": 1392011481,
  "weight_decay": 5.654469165252267e-08,
  "x_beta1": -11.471809189840776,
  "x_beta2": -5.08060978196475
}