{
  "beta_1": 0.5475857393014787,
  "beta_2": 0.8095784600554569,
  "epsilon": 8.290341603348681e-07,
  "lr": 0.00503834888159752,
  "seed": 1397608512,
  "weight_decay": 6.173965857431331e-07
}