{
  "beta_1": 0.6338504618199468,
  "beta_2": 0.9140865022686312,
  "epsilon": 0.00023524761263939116,
  "lr": 0.010270714111764806,
  "seed": 940224022,
  "weight_decay": 0.003733648358671338
}