{
  "beta_1": 0.36513698912464265,
  "beta_2": 0.231925578440685,
  "epsilon": 1.6983253195485027e-10,
  "lr": 0.006789829564679396,
  "seed": 1707041136,
  "weight_decay": 0.003957395524298361
}