{
  "beta_1": 0.324895459298075,
  "beta_2": 0.4031177534583149,
  "epsilon": 7.246803352197559e-10,
  "lr": 1.3985680000845343e-05,
  "seed": 434519079,
  "weight_decay": 8.882379807747186e-07
}