{
  "beta1": 0.9929307669031241,
  "beta2": 0.10000341361906506,
  "epsilon": 2.8151836107335736e-05,
  "lr": 0.08757993133375576,
  "seed": 1461630221,
  "weight_decay": 0.00011748544880706442,
  "x_beta1": 4.99127679530117,
  "x_beta2": -12.482262093776866
}