{
  "beta_1": 0.9214533606689979,
  "beta_2": 0.2583083134767108,
  "epsilon": 6.487901888226685e-09,
  "lr": 0.00022330094719219556,
  "seed": 63761664.2255429,
  "weight_decay": 3.203196020067449e-07
}