{
  "beta_1": 0.5839697355333086,
  "beta_2": 0.27631099662453373,
  "epsilon": 2.810956997987999e-08,
  "lr": 0.007316566987235002,
  "seed": 1494624913,
  "weight_decay": 2.917018018760091e-06
}