{
  "beta_1": 0.674584125296685,
  "beta_2": 0.7368323096474931,
  "epsilon": 3.022815199458588e-09,
  "lr": 0.012960326210743436,
  "seed": 1155223143,
  "weight_decay": 4.103334513459197e-08
}