{
  "beta_1": 0.9402691432846388,
  "beta_2": 0.5195897565332238,
  "epsilon": 7.69427941060675e-07,
  "lr": 2.2026361843596328e-05,
  "seed": 710883626.4680394,
  "weight_decay": 0.00010167272529162293
}