{
  "beta1": 0.10000592266749321,
  "beta2": 0.999738839744419,
  "epsilon": 6.451711347792997e-09,
  "lr": 0.00024672104200141134,
  "seed": 2139184216,
  "weight_decay": 1.9055198332351906e-06,
  "x_beta1": -11.930244787891775,
  "x_beta2": 8.627460575929133
}