{
  "beta_1": 0.7074046490396767,
  "beta_2": 0.7272322898869907,
  "epsilon": 1.775280965028546e-06,
  "lr": 0.005920901558648536,
  "seed": 1592248586.4123828,
  "weight_decay": 0.0036279193207555977
}