{
  "beta_1": 0.6759783190442528,
  "beta_2": 0.5287861862034193,
  "epsilon": 2.8844896273909433e-08,
  "lr": 0.0007428901120103123,
  "seed": 1875257416,
  "weight_decay": 2.5187466099740994e-06
}