{
  "beta_1": 0.32515030405845674,
  "beta_2": 0.3516393184198586,
  "epsilon": 4.461570573820794e-07,
  "lr": 9.361406392571756e-06,
  "seed": 1597967854.1830463,
  "weight_decay": 0.0004108510779410912
}