{
  "beta_1": 0.5073752078765972,
  "beta_2": 0.9535487116378221,
  "epsilon": 1.7738683683757304e-08,
  "lr": 0.0012325601210093993,
  "seed": 717417400,
  "weight_decay": 0.00021855821253828975
}