{
  "beta_1": 0.730931821121768,
  "beta_2": 0.7640075863794716,
  "epsilon": 3.397373578354752e-08,
  "lr": 0.004550278307615512,
  "seed": 23893899,
  "weight_decay": 3.668234463498507e-08
}