{
  "beta_1": 0.837395259828881,
  "beta_2": 0.2814240320652966,
  "epsilon": 2.0714470535215413e-09,
  "lr": 4.112375592727157e-05,
  "seed": 687405858,
  "weight_decay": 2.55290409522579e-07
}