{
  "beta_1": 0.4042399797849373,
  "beta_2": 0.4407647768843449,
  "epsilon": 1.2141887977783302e-10,
  "lr": 0.002096092298596749,
  "seed": 744974640,
  "weight_decay": 4.3947053046877374e-08
}