{
  "beta_1": 0.4880084576124456,
  "beta_2": 0.24875266037418892,
  "epsilon": 5.158954879541949e-07,
  "lr": 0.010472915764156076,
  "seed": 1575101228,
  "weight_decay": 1.5259210712132857e-08
}