{
  "beta_1": 0.6049372590628803,
  "beta_2": 0.7820121021123662,
  "epsilon": 4.646085306568449e-06,
  "lr": 0.00016231906949994404,
  "seed": 1376936608,
  "weight_decay": 3.001831436805692e-06
}