{
  "beta_1": 0.18186527535643754,
  "beta_2": 0.2723879374569579,
  "epsilon": 8.441788001180736e-10,
  "lr": 0.0011801225490129495,
  "seed": 78583292,
  "weight_decay": 0.0010608197967959035
}