{
  "beta_1": 0.8197323848725235,
  "beta_2": 0.6736685204838232,
  "epsilon": 1.95987702459737e-07,
  "lr": 2.26824200069467e-06,
  "seed": 1028047488,
  "weight_decay": 0.0005646770507929394
}