{
  "beta_1": 0.12144054708606228,
  "beta_2": 0.15344846009238697,
  "epsilon": 3.9003830792528135e-05,
  "lr": 0.010748036504602295,
  "seed": 1719024562,
  "weight_decay": 4.5833826876291486e-08
}