{
  "beta_1": 0.7687946504892732,
  "beta_2": 0.6311245098848633,
  "epsilon": 6.0725735721202585e-09,
  "lr": 0.0018201816390282343,
  "seed": 1032378356,
  "weight_decay": 2.916528326563329e-06
}