{
  "beta_1": 0.6707107107564112,
  "beta_2": 0.7742727038546624,
  "epsilon": 8.438828614544316e-10,
  "lr": 0.00037543297172561575,
  "seed": 1344047575.233537,
  "weight_decay": 6.601096557241046e-07
}