{
  "beta_1": 0.4343417171568299,
  "beta_2": 0.319717466470714,
  "epsilon": 7.088908572534354e-05,
  "lr": 0.0016156818007439263,
  "seed": 1471594021,
  "weight_decay": 2.5953099769313946e-07
}