{
  "beta_1": 0.4798876969737945,
  "beta_2": 0.6919736074352034,
  "epsilon": 5.611894675786626e-08,
  "lr": 0.00021902751420934562,
  "seed": 119700312,
  "weight_decay": 8.642236732736702e-05
}