{
  "beta_1": 0.21293747049426992,
  "beta_2": 0.1388222581347446,
  "epsilon": 3.221854311274732e-09,
  "lr": 3.7450939073386175e-06,
  "seed": 1564151946,
  "weight_decay": 0.003876683073667024
}