{
  "beta1": 0.10018172728974707,
  "beta2": 0.9996073509714722,
  "epsilon": 1.442084286402563e-08,
  "lr": 0.0036540633545180273,
  "seed": 1204228095,
  "weight_decay": 0.00026178674281126217,
  "x_beta1": -12.249113751139925,
  "x_beta2": 7.709510048880347
}