{
  "beta_1": 0.5883494026478411,
  "beta_2": 0.660343595782205,
  "epsilon": 8.506690287041224e-05,
  "lr": 0.012221251386151334,
  "seed": 1471594021,
  "weight_decay": 2.0762479815451158e-07
}