{
  "beta_1": 0.2414996500307143,
  "beta_2": 0.5620400624796155,
  "epsilon": 2.69967432189525e-07,
  "lr": 0.010064356906752404,
  "seed": 2023195166.0684457,
  "weight_decay": 2.396742693803642e-07
}