{
  "beta_1": 0.7735496873429563,
  "beta_2": 0.4690516207119494,
  "epsilon": 0.000701920022478093,
  "lr": 4.676187045548711e-05,
  "seed": 796815803,
  "weight_decay": 0.0008017493817133465
}