{
  "beta_1": 0.8597315274017617,
  "beta_2": 0.8229770847635005,
  "epsilon": 7.409275347110233e-05,
  "lr": 0.0019482861338437714,
  "seed": 554512122.7305864,
  "weight_decay": 6.385523419383879e-05
}