{
  "beta1": 0.1000086137393404,
  "beta2": 0.15079029843812672,
  "epsilon": 1.0874498584105657e-06,
  "lr": 3.439722377995364e-06,
  "seed": 1492942587,
  "weight_decay": 1.1240005229269496e-05,
  "x_beta1": -11.555670205761622,
  "x_beta2": -2.8164830299212067
}