{
  "beta_1": 0.4670439056614748,
  "beta_2": 0.7235636611045081,
  "epsilon": 8.773874244002387e-06,
  "lr": 3.894057395367832e-05,
  "seed": 148576869,
  "weight_decay": 5.336604926849872e-06
}