{
  "beta_1": 0.37106552672145277,
  "beta_2": 0.7413773338489925,
  "epsilon": 2.8312985276699037e-05,
  "lr": 1.248437705692022e-05,
  "seed": 931208818.6343315,
  "weight_decay": 4.660351608415011e-05
}