{
  "beta_1": 0.3648718550625587,
  "beta_2": 0.6406995465362733,
  "epsilon": 0.00036105510553659383,
  "lr": 3.3446093735413952e-06,
  "seed": 757189753,
  "weight_decay": 0.00016089751006335067
}