{
  "beta_1": 0.8104684425726358,
  "beta_2": 0.32677950787100907,
  "epsilon": 0.00014113597424810794,
  "lr": 0.0957842167229837,
  "seed": 618473911,
  "weight_decay": 0.00016925446962540516
}