{
  "beta_1": 0.7063543446257272,
  "beta_2": 0.516566615157213,
  "epsilon": 8.302823106813122e-07,
  "lr": 0.0005389329726844136,
  "seed": 1661070507,
  "weight_decay": 0.0003906165201725337
}