{
  "beta_1": 0.4008101474991941,
  "beta_2": 0.15945276513397807,
  "epsilon": 1.4918992388866543e-10,
  "lr": 2.3689030640643796e-06,
  "seed": 265590534.335446,
  "weight_decay": 1.3755864170260062e-08
}