{
  "beta_1": 0.1703558581926779,
  "beta_2": 0.17722291107758895,
  "epsilon": 2.1041715781089565e-05,
  "lr": 0.0012826107793115632,
  "seed": 1356840591,
  "weight_decay": 5.453258459736405e-06
}