{
  "beta_1": 0.9058988910452802,
  "beta_2": 0.41940393648059726,
  "epsilon": 1.58998210877794e-09,
  "lr": 4.230701704302349e-05,
  "seed": 1908596185,
  "weight_decay": 0.004000343474780021
}