{
  "beta_1": 0.22217310751741917,
  "beta_2": 0.8839307024937224,
  "epsilon": 0.0006813170345907818,
  "lr": 0.045854993715471304,
  "seed": 16936995,
  "weight_decay": 1.6031086717486093e-05
}