{
  "beta_1": 0.8152729313166069,
  "beta_2": 0.6754067465926499,
  "epsilon": 7.264593540114401e-10,
  "lr": 0.053347216680714044,
  "seed": 820711925,
  "weight_decay": 0.00055471595784418
}