{
  "beta_1": 0.2511090484523082,
  "beta_2": 0.6713003507874379,
  "epsilon": 3.1895185192723094e-05,
  "lr": 0.0034505622823213507,
  "seed": 384273730,
  "weight_decay": 0.0001554091139617586
}