{
  "beta_1": 0.9558524267066085,
  "beta_2": 0.7055482320578162,
  "epsilon": 4.306092241699311e-06,
  "lr": 1.162085694917852e-06,
  "seed": 1933907074,
  "weight_decay": 0.006939874931511782
}