{
  "beta1": 0.7838010130526419,
  "beta2": 0.9718731674057811,
  "epsilon": 1.5154581603190868e-07,
  "lr": 0.00029759599594272515,
  "seed": 115812351,
  "weight_decay": 0.00019632513648754781,
  "x_beta1": 0.9248830703404366,
  "x_beta2": 2.7499852839029604
}