{
  "beta_1": 0.2689883697265748,
  "beta_2": 0.8039287946146366,
  "epsilon": 9.484812843436808e-09,
  "lr": 0.029560957293566212,
  "seed": 126039533,
  "weight_decay": 0.0005148449700260096
}