{
  "beta_1": 0.9830131749062665,
  "beta_2": 0.4412373977282915,
  "epsilon": 1.1012802257220512e-10,
  "lr": 5.573693646589767e-06,
  "seed": 644407810,
  "weight_decay": 8.331633361013633e-08
}