{
  "beta_1": 0.35387707950010905,
  "beta_2": 0.5044939618715768,
  "epsilon": 3.86162146550211e-07,
  "lr": 2.954336249350885e-06,
  "seed": 556897527,
  "weight_decay": 1.0249439965173015e-05
}