{
  "beta_1": 0.9228428191088007,
  "beta_2": 0.8844480632381357,
  "epsilon": 2.3166957327418604e-09,
  "lr": 0.0035331714619859303,
  "seed": 1417953128,
  "weight_decay": 5.65673492893081e-07
}