{
  "beta_1": 0.21956261940062766,
  "beta_2": 0.19370923083907668,
  "epsilon": 2.2298345183481962e-10,
  "lr": 6.620408538664067e-06,
  "seed": 400330481,
  "weight_decay": 0.0003295841520566324
}