{
  "beta_1": 0.5237421979715556,
  "beta_2": 0.7506669960604159,
  "epsilon": 4.893152399446745e-05,
  "lr": 0.005035539610460727,
  "seed": 1790900427,
  "weight_decay": 0.0019251020337299866
}