{
  "beta_1": 0.3681461534403381,
  "beta_2": 0.16306088497641946,
  "epsilon": 9.954380882298323e-09,
  "lr": 7.402808998298046e-05,
  "seed": 987959859,
  "weight_decay": 0.0003013998654933224
}