{
  "beta1": 0.4416338429585991,
  "beta2": 0.10014086511731075,
  "epsilon": 2.7311993573670746e-05,
  "lr": 4.56385144411672e-05,
  "seed": 1412825408,
  "weight_decay": 2.4489613186024965e-05,
  "x_beta1": -8.596970849077216,
  "x_beta2": -10.514495473040094
}