{
  "beta_1": 0.5686455999442263,
  "beta_2": 0.3890717903585177,
  "epsilon": 1.7903206160658169e-09,
  "lr": 0.0015559857389861457,
  "seed": 197949026.7832293,
  "weight_decay": 5.019730884256957e-07
}