{
  "beta_1": 0.7591550661999872,
  "beta_2": 0.9516080361880864,
  "epsilon": 9.430779401118325e-10,
  "lr": 2.7322765765962502e-05,
  "seed": 1803066731.958347,
  "weight_decay": 7.296833804055109e-07
}