{
  "beta_1": 0.7822256961378776,
  "beta_2": 0.5067390212695325,
  "epsilon": 0.00033785805740443555,
  "lr": 0.0077022133086849616,
  "seed": 22716257.22438939,
  "weight_decay": 9.126287344188356e-07
}