{
  "beta_1": 0.3787904548667197,
  "beta_2": 0.12726197706404466,
  "epsilon": 2.4424797590204964e-10,
  "lr": 0.00014187520401047176,
  "seed": 246611699.63948905,
  "weight_decay": 2.6164037889121207e-07
}