{
  "beta_1": 0.7634184746342143,
  "beta_2": 0.8350063262593621,
  "epsilon": 7.325888972848434e-08,
  "lr": 0.010922859081868646,
  "seed": 1846505066,
  "weight_decay": 2.1571385165646624e-05
}