{
  "beta_1": 0.7713344618517708,
  "beta_2": 0.7768233216051285,
  "epsilon": 7.924647648054425e-07,
  "lr": 0.0014414982791360305,
  "seed": 1990299145,
  "weight_decay": 1.8917982037334667e-07
}