{
  "beta_1": 0.8866983750885409,
  "beta_2": 0.6830935902089095,
  "epsilon": 1.0030982044884005e-10,
  "lr": 0.00020805495859714803,
  "seed": 1840231281,
  "weight_decay": 0.003068543323081778
}