{
  "beta_1": 0.39115895476366425,
  "beta_2": 0.7714284700469191,
  "epsilon": 2.560027994126753e-05,
  "lr": 0.0014255096297690587,
  "seed": 1998104829,
  "weight_decay": 1.6392465530333223e-08
}