{
  "beta1": 0.9988436937387137,
  "beta2": 0.9997421955443988,
  "epsilon": 3.001533362939864e-09,
  "lr": 1.6367051664240256e-05,
  "seed": 1629100420,
  "weight_decay": 3.586430514429443e-05,
  "x_beta1": 8.657047135489867,
  "x_beta2": 8.648506908114557
}