{
  "beta_1": 0.47225878008729527,
  "beta_2": 0.5963221239650891,
  "epsilon": 1.7501560943500333e-09,
  "lr": 4.007351669383939e-05,
  "seed": 791012892,
  "weight_decay": 1.4624741440689438e-05
}