{
  "beta_1": 0.3340868432504603,
  "beta_2": 0.6327745889507322,
  "epsilon": 1.0248750548900597e-06,
  "lr": 1.5899026419188344e-06,
  "seed": 960445393,
  "weight_decay": 0.001241868423214234
}