{
  "beta_1": 0.3444725423789491,
  "beta_2": 0.6215653966826906,
  "epsilon": 2.7617022505823373e-10,
  "lr": 0.0008649758211046862,
  "seed": 507332352,
  "weight_decay": 5.03568935958579e-06
}