{
  "beta_1": 0.4263673691448172,
  "beta_2": 0.8092373350530508,
  "epsilon": 0.00021000776762426863,
  "lr": 0.030665475843360275,
  "seed": 1975634887,
  "weight_decay": 1.0577160920339954e-06
}