{
  "beta_1": 0.928311854400798,
  "beta_2": 0.34544950434392574,
  "epsilon": 0.00045169153477669205,
  "lr": 0.0020873387010395,
  "seed": 2088016552,
  "weight_decay": 1.233677371695124e-05
}