{
  "beta_1": 0.6230429714618846,
  "beta_2": 0.9699192690967962,
  "epsilon": 2.7002500254721694e-05,
  "lr": 4.518234622805039e-05,
  "seed": 1476844896,
  "weight_decay": 3.2733226441337476e-05
}