{
  "beta_1": 0.3671531568715958,
  "beta_2": 0.7214766409882014,
  "epsilon": 2.01347438362933e-10,
  "lr": 0.001354835541385023,
  "seed": 214820047.45859542,
  "weight_decay": 8.881652459439265e-07
}