{
  "beta_1": 0.5835315431851397,
  "beta_2": 0.885064558481066,
  "epsilon": 1.5122653850230459e-09,
  "lr": 0.001472201554600193,
  "seed": 2084479650.2201903,
  "weight_decay": 7.972630349762943e-05
}