{
  "beta_1": 0.39776783502048085,
  "beta_2": 0.8074670112089904,
  "epsilon": 1.0413718681597504e-07,
  "lr": 0.0002569250923668988,
  "seed": 2050023572,
  "weight_decay": 0.00022105823379885077
}