{
  "beta_1": 0.7394879983431959,
  "beta_2": 0.8760458487002579,
  "epsilon": 2.307381716117509e-06,
  "lr": 0.00013167173818080826,
  "seed": 1328307326,
  "weight_decay": 1.8891081563609987e-06
}