{
  "beta_1": 0.9570357223506604,
  "beta_2": 0.5979780939701598,
  "epsilon": 7.589269566154912e-09,
  "lr": 0.00278492526644788,
  "seed": 1663928610,
  "weight_decay": 2.200248732739044e-06
}