{
  "beta_1": 0.18582609718756732,
  "beta_2": 0.5807326548677015,
  "epsilon": 0.0005728347346366437,
  "lr": 6.668997103575314e-06,
  "seed": 1998466684,
  "weight_decay": 1.7370061877781177e-05
}