{
  "beta_1": 0.7136749689768951,
  "beta_2": 0.6997601851331573,
  "epsilon": 0.0001896693179314484,
  "lr": 0.01992418898340034,
  "seed": 831252475,
  "weight_decay": 1.6513716569286559e-06
}