{
  "beta1": 0.16048439760539765,
  "beta2": 0.8253518631619436,
  "epsilon": 2.90668752086239e-08,
  "lr": 0.0001362232358725086,
  "seed": 1634044171,
  "weight_decay": 0.005122918367585186,
  "x_beta1": -3.155097297167711,
  "x_beta2": 1.139565044970702
}