{
  "beta_1": 0.5146272006298673,
  "beta_2": 0.7644186520031547,
  "epsilon": 7.823500233729718e-10,
  "lr": 3.8081918630294624e-06,
  "seed": 1213892041.3508935,
  "weight_decay": 7.216298945903733e-08
}