{
  "beta1": 0.7778134221512559,
  "beta2": 0.21121414693091345,
  "epsilon": 1.9668793812764178e-05,
  "lr": 0.00057784874669624,
  "seed": 1639966292,
  "weight_decay": 5.491964612911342e-06,
  "x_beta1": 0.716713902398467,
  "x_beta2": -1.8805540693368965
}