{
  "beta1": 0.10000098794409558,
  "beta2": 0.11603921616577592,
  "epsilon": 4.829215842924708e-06,
  "lr": 0.000411950272720485,
  "seed": 1541349949,
  "weight_decay": 0.00017431121091504337,
  "x_beta1": 9.308764197050722,
  "x_beta2": -4.811115398533524
}