{
  "beta_1": 0.2699330477377441,
  "beta_2": 0.771101157517149,
  "epsilon": 0.0009798885165922691,
  "lr": 0.0002284770989809374,
  "seed": 1817460141.7324803,
  "weight_decay": 0.0029136520785188785
}