{
  "beta_1": 0.734210333381209,
  "beta_2": 0.9026027562051727,
  "epsilon": 2.984828411775527e-07,
  "lr": 0.000706872929947252,
  "seed": 796526127,
  "weight_decay": 0.0013746437316004385
}