{
  "beta_1": 0.2949013063391658,
  "beta_2": 0.5673607272283802,
  "epsilon": 8.776550498155933e-10,
  "lr": 0.0014774766001837093,
  "seed": 61558837.97957162,
  "weight_decay": 4.193961698327392e-07
}