{
  "beta_1": 0.9165310345061728,
  "beta_2": 0.4991429637871877,
  "epsilon": 4.025067939894862e-10,
  "lr": 0.0002411103672836928,
  "seed": 1210802029.8164468,
  "weight_decay": 1.0797992452007135e-06
}