{
  "beta_1": 0.6531521977630852,
  "beta_2": 0.3841510824429044,
  "epsilon": 6.259866229868996e-09,
  "lr": 1.9648989726956636e-06,
  "seed": 511601552,
  "weight_decay": 3.154511835762464e-06
}