{
  "beta_1": 0.99594816011167,
  "beta_2": 0.56819024775835,
  "epsilon": 8.204543559496323e-08,
  "lr": 0.0030234699506840874,
  "seed": 1374465099,
  "weight_decay": 6.328441622804148e-08
}