{
  "beta_1": 0.2728716953614726,
  "beta_2": 0.5331449789554554,
  "epsilon": 1.040945767520226e-06,
  "lr": 0.015850131254635958,
  "seed": 825319543,
  "weight_decay": 0.0010789561385653043
}