{
  "beta_1": 0.2472620740966814,
  "beta_2": 0.5721731835408994,
  "epsilon": 2.266417532321024e-06,
  "lr": 0.0017624759512181246,
  "seed": 44627868.45057146,
  "weight_decay": 9.925454883729041e-08
}