{
  "beta_1": 0.5230696020662733,
  "beta_2": 0.2510812316305175,
  "epsilon": 2.998800288433812e-06,
  "lr": 0.004282839400101491,
  "seed": 680510024,
  "weight_decay": 0.00026565495273617873
}