{
  "beta1": 0.9989898704295094,
  "beta2": 0.10001741822707284,
  "epsilon": 1.756193233474051e-05,
  "lr": 0.09423866034266061,
  "seed": 1011354417,
  "weight_decay": 6.681222773574767e-05,
  "x_beta1": 11.393568128172687,
  "x_beta2": -10.852502378236254
}