{
  "beta_1": 0.4767708177991862,
  "beta_2": 0.34415945260013386,
  "epsilon": 8.913870829308374e-05,
  "lr": 0.027848079317635797,
  "seed": 613191037,
  "weight_decay": 2.8368328220442646e-06
}