{
  "beta_1": 0.9275998716923289,
  "beta_2": 0.7556957275693503,
  "epsilon": 1.4998510738189363e-09,
  "lr": 0.00044546635281047647,
  "seed": 1232273026.288019,
  "weight_decay": 0.005888749680920805
}