{
  "beta_1": 0.9036870885407776,
  "beta_2": 0.3599686308675363,
  "epsilon": 4.280076232038854e-06,
  "lr": 3.648178299368623e-06,
  "seed": 1221259106,
  "weight_decay": 0.0001854001419837553
}