{
  "beta_1": 0.16127601861748136,
  "beta_2": 0.5117127909477532,
  "epsilon": 7.915890310301642e-08,
  "lr": 0.05606461666821105,
  "seed": 124683082.27784309,
  "weight_decay": 3.2381676802198396e-08
}