{
  "beta_1": 0.19890770435118935,
  "beta_2": 0.7167719456795006,
  "epsilon": 4.840087391384897e-10,
  "lr": 1.603120865843787e-05,
  "seed": 604559445.5872638,
  "weight_decay": 0.0006429406414887388
}