{
  "beta_1": 0.8852236698652257,
  "beta_2": 0.573770751147871,
  "epsilon": 1.5779292908548586e-09,
  "lr": 0.00019584304940910828,
  "seed": 972869766.1999799,
  "weight_decay": 1.80514406304684e-06
}