{
  "beta_1": 0.31715817717891176,
  "beta_2": 0.97448166115913,
  "epsilon": 2.7533106491140373e-06,
  "lr": 2.123840759931914e-05,
  "seed": 1586695222.8379917,
  "weight_decay": 0.00022280601393235693
}