{
  "beta1": 0.8604198331638268,
  "beta2": 0.9998292609952482,
  "epsilon": 0.00028450397689717255,
  "lr": 0.013282792655600227,
  "seed": 831252475,
  "weight_decay": 1.4394902219031238e-07,
  "x_beta1": -1.3881910248230884,
  "x_beta2": 7.56077055978082
}