{
  "beta_1": 0.2592829713054826,
  "beta_2": 0.3049116528436494,
  "epsilon": 3.123813588711701e-07,
  "lr": 0.0010579317222764032,
  "seed": 370776347.13368905,
  "weight_decay": 1.4947965144326696e-08
}