{
  "beta_1": 0.6949041255890925,
  "beta_2": 0.2928120541618606,
  "epsilon": 1.6054931053357274e-07,
  "lr": 7.606176626314535e-06,
  "seed": 253695414,
  "weight_decay": 3.660722577995612e-07
}