{
  "beta1": 0.9904072151755302,
  "beta2": 0.722432755114507,
  "epsilon": 0.00045842894012938307,
  "lr": 0.0020155132741351634,
  "seed": 2046040495,
  "weight_decay": 0.000419437906736995,
  "x_beta1": 5.568907231200426,
  "x_beta2": -7.672076219622335
}