{
  "beta_1": 0.6479880678745156,
  "beta_2": 0.22619098595558376,
  "epsilon": 1.6756254313194044e-10,
  "lr": 0.0015989886839673979,
  "seed": 157288519.87104705,
  "weight_decay": 1.7414519674672818e-05
}