{
  "beta1": 0.7778134221512559,
  "beta2": 0.21121414693091345,
  "epsilon": 1.9668793812764178e-05,
  "lr": 0.004657188458572039,
  "seed": 1639966292,
  "weight_decay": 0.0003110099747543322,
  "x_beta1": 1.0750708535977003,
  "x_beta2": -1.8805540693368965
}