{
  "beta_1": 0.401365263321964,
  "beta_2": 0.11812435816902636,
  "epsilon": 7.884999269345617e-09,
  "lr": 0.00038051700590266744,
  "seed": 665150266,
  "weight_decay": 1.4929888393172882e-06
}