{
  "beta_1": 0.7111534051847419,
  "beta_2": 0.5028225675978316,
  "epsilon": 2.7630914385033172e-09,
  "lr": 0.007774027173819791,
  "seed": 749474408,
  "weight_decay": 3.163524884999374e-05
}