{
  "beta_1": 0.14946498361407384,
  "beta_2": 0.10549197596452822,
  "epsilon": 1.895914752374769e-08,
  "lr": 0.0001408401883834151,
  "seed": 1996090752.649715,
  "weight_decay": 3.952237161701049e-07
}