{
  "beta_1": 0.5397617025234736,
  "beta_2": 0.11341885550548667,
  "epsilon": 5.301789152385172e-10,
  "lr": 0.003461118622032875,
  "seed": 1692489708,
  "weight_decay": 0.007871419600215071
}