{
  "beta_1": 0.3235604828547003,
  "beta_2": 0.804852570498573,
  "epsilon": 6.10098145210495e-06,
  "lr": 2.429435193975575e-06,
  "seed": 735175227,
  "weight_decay": 0.00025204345805684335
}