{
  "beta_1": 0.22915051749096207,
  "beta_2": 0.9988661273344484,
  "epsilon": 5.900470815716871e-06,
  "lr": 0.09599333281935606,
  "seed": 2038179374.6455913,
  "weight_decay": 1.0489550091160081e-06
}