{
  "beta_1": 0.9743838698057615,
  "beta_2": 0.9469971460081453,
  "epsilon": 4.448360846177512e-07,
  "lr": 0.0002800421621629934,
  "seed": 1914695829.6116753,
  "weight_decay": 3.841151409711004e-05
}