{
  "beta1": 0.9899825000070646,
  "beta2": 0.965251913767061,
  "epsilon": 1.479027408708228e-06,
  "lr": 5.064631003712594e-06,
  "seed": 1099922717,
  "weight_decay": 0.0014230746089307275,
  "x_beta1": 4.592034666607317,
  "x_beta2": 3.2177782015832346
}