{
  "beta_1": 0.4632659110123807,
  "beta_2": 0.7502270320081572,
  "epsilon": 5.176866534616077e-07,
  "lr": 0.0050611869678666085,
  "seed": 1272484759,
  "weight_decay": 0.00043513127598182773
}