{
  "beta_1": 0.890891550646976,
  "beta_2": 0.8096162513770718,
  "epsilon": 1.351823529014081e-07,
  "lr": 1.8699850864940037e-05,
  "seed": 1860519383,
  "weight_decay": 0.00012984360489012126
}