{
  "beta1": 0.11548804111649921,
  "beta2": 0.10001855778248331,
  "epsilon": 1.859072116989129e-10,
  "lr": 0.00040537162497445974,
  "seed": 55602800,
  "weight_decay": 2.5994253204429143e-05,
  "x_beta1": 10.981532882059591,
  "x_beta2": -8.631303248647924
}