{
  "beta_1": 0.2738839988975557,
  "beta_2": 0.48896782443228615,
  "epsilon": 2.9168436209229694e-09,
  "lr": 0.0010608915849900987,
  "seed": 1007944445,
  "weight_decay": 0.00012047980027050971
}