{
  "beta_1": 0.13934618181546282,
  "beta_2": 0.26061989032437893,
  "epsilon": 1.2479392938938257e-08,
  "lr": 0.09243731463350413,
  "seed": 1162969076,
  "weight_decay": 1.0228472255939923e-08
}