{
  "beta_1": 0.1893138967262552,
  "beta_2": 0.25884426029988705,
  "epsilon": 3.478543126577547e-05,
  "lr": 6.210131494071688e-05,
  "seed": 864477432,
  "weight_decay": 0.0008569534719056944
}