{
  "beta_1": 0.5102317984839534,
  "beta_2": 0.8794626379134066,
  "epsilon": 1.515088623637576e-08,
  "lr": 0.0006897266271353277,
  "seed": 1593202681,
  "weight_decay": 1.723993710870108e-05
}