{
  "beta_1": 0.6023747525482706,
  "beta_2": 0.3537362321601696,
  "epsilon": 1.6566002840826224e-07,
  "lr": 0.00994295950599649,
  "seed": 2021851637,
  "weight_decay": 6.159327760559206e-05
}