{
  "beta_1": 0.3686113069835232,
  "beta_2": 0.3026606865411611,
  "epsilon": 0.0007780015177466606,
  "lr": 3.468398242372384e-05,
  "seed": 484441040.59935784,
  "weight_decay": 6.232751063478602e-08
}