{
  "beta_1": 0.5029310172067467,
  "beta_2": 0.5826712661680823,
  "epsilon": 6.250238286006066e-09,
  "lr": 0.00035037179420158783,
  "seed": 315773226,
  "weight_decay": 0.0015766342719673377
}