{
  "beta_1": 0.8522357975465529,
  "beta_2": 0.43437989878141925,
  "epsilon": 0.00010316316375776919,
  "lr": 0.005520436417572633,
  "seed": 1857520122.1701565,
  "weight_decay": 1.5467730438127263e-05
}