{
  "beta_1": 0.6037638919118171,
  "beta_2": 0.6499021966736384,
  "epsilon": 8.578832142273895e-09,
  "lr": 0.0011715014152121842,
  "seed": 1912919849.2402,
  "weight_decay": 0.003096121870246139
}