{
  "beta_1": 0.8788195329014727,
  "beta_2": 0.8412143843031926,
  "epsilon": 1.4642370276706848e-07,
  "lr": 0.0005980825014350868,
  "seed": 404505675.4558609,
  "weight_decay": 1.1936864700617658e-06
}