{
  "beta_1": 0.18508422375916117,
  "beta_2": 0.34601412354289585,
  "epsilon": 4.704530586286891e-08,
  "lr": 5.107885979378669e-06,
  "seed": 1619647145.2476988,
  "weight_decay": 0.0024781291529024255
}