{
  "beta_1": 0.3527747860404491,
  "beta_2": 0.7211088046971035,
  "epsilon": 3.042658996881755e-08,
  "lr": 0.0035035923124206196,
  "seed": 574488603,
  "weight_decay": 1.967390595763825e-05
}