{
  "beta1": 0.30699169690309036,
  "beta2": 0.9998636765593114,
  "epsilon": 1.818106348365091e-08,
  "lr": 1.0256665409290585e-06,
  "seed": 1593202681,
  "weight_decay": 1.3791949686960864e-05,
  "x_beta1": -1.4483031280308452,
  "x_beta2": 12.14104233417398
}