{
  "beta1": 0.10000442826963328,
  "beta2": 0.9998745908762173,
  "epsilon": 1.286518744956225e-10,
  "lr": 0.01760416158656326,
  "seed": 1305787681,
  "weight_decay": 0.00042959955664523914,
  "x_beta1": -9.776819585508136,
  "x_beta2": 12.569882850670748
}