{
  "beta_1": 0.3381405052805533,
  "beta_2": 0.8648984856675406,
  "epsilon": 1.1039619093992236e-08,
  "lr": 4.287838085462849e-06,
  "seed": 1032473410,
  "weight_decay": 6.327217388365127e-07
}