{
  "beta_1": 0.47950825206638437,
  "beta_2": 0.5458130079152651,
  "epsilon": 1.6162837710781525e-08,
  "lr": 3.999346723216512e-05,
  "seed": 125010559,
  "weight_decay": 0.00011210463862289884
}