{
  "beta_1": 0.23678369018607964,
  "beta_2": 0.9225036176389672,
  "epsilon": 3.583168259911674e-07,
  "lr": 0.01295072128494335,
  "seed": 939030806,
  "weight_decay": 6.399915610191218e-07
}