{
  "beta_1": 0.4180273905109876,
  "beta_2": 0.5477863911152654,
  "epsilon": 1.901192985360081e-10,
  "lr": 0.0032899448475131442,
  "seed": 472369615,
  "weight_decay": 2.0726998306496675e-08
}