{
  "beta_1": 0.7049436812575967,
  "beta_2": 0.4580665020761646,
  "epsilon": 7.55963729465522e-08,
  "lr": 0.002332330860344152,
  "seed": 1654361752,
  "weight_decay": 3.196273705772941e-05
}