{
  "beta_1": 0.6224509449222291,
  "beta_2": 0.8668980322459189,
  "epsilon": 0.00038326594630292554,
  "lr": 0.0021609927462447466,
  "seed": 260102950.0746046,
  "weight_decay": 0.001096834007796577
}