{
  "beta_1": 0.6587222682642273,
  "beta_2": 0.7688161913437315,
  "epsilon": 0.00023698388960970143,
  "lr": 3.5439385862564805e-05,
  "seed": 1290297467,
  "weight_decay": 0.00023097646866612292
}