{
  "beta_1": 0.7967062535746782,
  "beta_2": 0.25452194215560303,
  "epsilon": 0.00016480423598232995,
  "lr": 7.276107052010687e-06,
  "seed": 1988537506,
  "weight_decay": 3.732391147274633e-05
}