{
  "beta_1": 0.7949997347788255,
  "beta_2": 0.5100128236487642,
  "epsilon": 3.8773218176235793e-10,
  "lr": 0.00033223599235331503,
  "seed": 916850669,
  "weight_decay": 1.689769382972706e-07
}