{
  "beta_1": 0.8565582532169226,
  "beta_2": 0.8169441547102178,
  "epsilon": 7.641772910143642e-09,
  "lr": 0.0011546681994896515,
  "seed": 1370796969,
  "weight_decay": 0.002957775049686238
}