{
  "beta_1": 0.47935467976674584,
  "beta_2": 0.5223516023443677,
  "epsilon": 8.64709332675725e-10,
  "lr": 0.0007846439037161299,
  "seed": 305866816.6293923,
  "weight_decay": 6.628590655018946e-07
}