{
  "beta_1": 0.1012691838612244,
  "beta_2": 0.502920315654941,
  "epsilon": 5.35803189310763e-07,
  "lr": 0.01474018413730501,
  "seed": 712917307.6551052,
  "weight_decay": 8.866957223746809e-08
}