{
  "beta_1": 0.5735727047099521,
  "beta_2": 0.2581737969585852,
  "epsilon": 0.0008680381799010576,
  "lr": 3.6067601019082886e-06,
  "seed": 692147925,
  "weight_decay": 0.00019765923403536182
}