{
  "beta_1": 0.27267636724969024,
  "beta_2": 0.6215765743626981,
  "epsilon": 2.2958273679205654e-05,
  "lr": 2.753834133512764e-06,
  "seed": 137911701.72326595,
  "weight_decay": 0.0023792490123357803
}