{
  "beta_1": 0.6235378581132104,
  "beta_2": 0.7756540664176045,
  "epsilon": 6.946042216558636e-08,
  "lr": 5.203961931885537e-06,
  "seed": 675344324,
  "weight_decay": 5.8215283211220645e-08
}