{
  "beta_1": 0.37657115764613036,
  "beta_2": 0.4530053413652917,
  "epsilon": 1.6875227197994298e-07,
  "lr": 4.4957764213950304e-05,
  "seed": 1708257821,
  "weight_decay": 1.5943257569619867e-06
}