{
  "beta_1": 0.3696995821640945,
  "beta_2": 0.5131044346522224,
  "epsilon": 2.0263558190569215e-07,
  "lr": 0.009471805510045395,
  "seed": 1343274253.9516084,
  "weight_decay": 2.6338256481183504e-05
}