{
  "beta_1": 0.25972926302744537,
  "beta_2": 0.5514504099888748,
  "epsilon": 6.562745586459884e-05,
  "lr": 0.003256831836043835,
  "seed": 1830537762,
  "weight_decay": 0.0026229035841574956
}