{
  "beta_1": 0.8970584353704192,
  "beta_2": 0.9472578199600334,
  "epsilon": 3.9770124687817153e-10,
  "lr": 7.847528457569667e-06,
  "seed": 1385264856,
  "weight_decay": 0.0021969042926218148
}