{
  "beta_1": 0.2040663611152049,
  "beta_2": 0.7335768960570926,
  "epsilon": 0.0007678252407086511,
  "lr": 0.00046950243658202623,
  "seed": 965879265,
  "weight_decay": 1.7176441677898597e-05
}