{
  "beta_1": 0.15487460953931506,
  "beta_2": 0.7420709241824288,
  "epsilon": 0.000261492643105743,
  "lr": 0.010972614296981724,
  "seed": 252803768.62386957,
  "weight_decay": 4.4645081512393976e-08
}