{
  "beta_1": 0.6433423954300718,
  "beta_2": 0.5222929395413479,
  "epsilon": 8.341859468601258e-10,
  "lr": 0.0021655428451369443,
  "seed": 1709768728.699665,
  "weight_decay": 0.0055136577061503265
}