{
  "beta_1": 0.2389454408045699,
  "beta_2": 0.46100650650671327,
  "epsilon": 1.4110394473078827e-06,
  "lr": 0.042271332713796815,
  "seed": 1311840085,
  "weight_decay": 1.936240352382555e-07
}