{
  "beta_1": 0.9468403085459288,
  "beta_2": 0.9443413948783806,
  "epsilon": 4.533828664039668e-09,
  "lr": 0.0010762234225505066,
  "seed": 961139326.0580378,
  "weight_decay": 0.0012857373370328087
}