{
  "beta_1": 0.23246882687520026,
  "beta_2": 0.4760270986990227,
  "epsilon": 0.0009794322831513237,
  "lr": 0.006109409758603371,
  "seed": 72326698,
  "weight_decay": 0.0011871932066797228
}