{
  "beta_1": 0.8237211839305911,
  "beta_2": 0.9764026690021222,
  "epsilon": 7.933166330267107e-06,
  "lr": 9.04360656792954e-05,
  "seed": 159547976.79126891,
  "weight_decay": 3.900145314805029e-08
}