{
  "beta_1": 0.1572259695638454,
  "beta_2": 0.24200547210152198,
  "epsilon": 0.000305316267688937,
  "lr": 0.0070503669325272305,
  "seed": 1605592675,
  "weight_decay": 2.0109976930229824e-06
}