{
  "beta_1": 0.6121408452403722,
  "beta_2": 0.4185883844079862,
  "epsilon": 3.588661498286896e-09,
  "lr": 0.0018282439069566873,
  "seed": 52051083,
  "weight_decay": 0.00028512562622787013
}