{
  "beta_1": 0.9770515761492216,
  "beta_2": 0.2432086536580784,
  "epsilon": 1.585970706527233e-10,
  "lr": 0.0015423989741871356,
  "seed": 1979203924,
  "weight_decay": 0.0006934861790840799
}