{
  "beta1": 0.9125390172096247,
  "beta2": 0.10000908042511933,
  "epsilon": 2.9568724739768884e-07,
  "lr": 0.0036474979464703877,
  "seed": 928562676,
  "weight_decay": 5.403386856000084e-06,
  "x_beta1": 1.7923765504498008,
  "x_beta2": -9.203126258929839
}