{
  "beta_1": 0.786080899706511,
  "beta_2": 0.13537659126311757,
  "epsilon": 1.4697484789137096e-10,
  "lr": 2.522815393722683e-05,
  "seed": 1161449588,
  "weight_decay": 2.6044151331412056e-06
}