{
  "beta_1": 0.11558769220436085,
  "beta_2": 0.1689003062944911,
  "epsilon": 1.1789073200300996e-10,
  "lr": 1.1722728737128281e-05,
  "seed": 2013741723,
  "weight_decay": 1.2940106337048795e-05
}