{
  "beta1": 0.10043163873843682,
  "beta2": 0.9997440996211845,
  "epsilon": 2.198755666623044e-06,
  "lr": 0.00011112610803560468,
  "seed": 677261997,
  "weight_decay": 4.593223322041662e-07,
  "x_beta1": -13.208610005076089,
  "x_beta2": -12.125075385100725
}