{
  "beta_1": 0.995681005101379,
  "beta_2": 0.5234205727659337,
  "epsilon": 1.8493765392858049e-07,
  "lr": 0.0005226032107343567,
  "seed": 2024340138,
  "weight_decay": 6.636187984917312e-08
}