{
  "beta_1": 0.7653997173933909,
  "beta_2": 0.6471002429416078,
  "epsilon": 1.1777399508143325e-10,
  "lr": 0.0005889005789776558,
  "seed": 533371056.75109404,
  "weight_decay": 0.00013049891495383315
}