{
  "beta_1": 0.6309204050304946,
  "beta_2": 0.7750512663030005,
  "epsilon": 1.4071960520308318e-09,
  "lr": 5.63578990187009e-05,
  "seed": 484807613.3293565,
  "weight_decay": 0.0005425901947071903
}