{
  "beta_1": 0.7308779736168067,
  "beta_2": 0.22659762660905086,
  "epsilon": 8.856747368475505e-07,
  "lr": 0.00031111101021352126,
  "seed": 2064355045,
  "weight_decay": 1.7264740030896226e-06
}