{
  "beta_1": 0.9351830505244909,
  "beta_2": 0.9405929990008611,
  "epsilon": 2.0955443502833957e-07,
  "lr": 0.0021306538047653717,
  "seed": 740747893.4861063,
  "weight_decay": 2.073727762291434e-08
}