{
  "beta_1": 0.3744303263632638,
  "beta_2": 0.7558086927153715,
  "epsilon": 3.2067380611594303e-06,
  "lr": 0.0019782789848124785,
  "seed": 247007407,
  "weight_decay": 1.8854767091376672e-05
}