{
  "beta_1": 0.8491467583580039,
  "beta_2": 0.807357542039241,
  "epsilon": 5.572421223211981e-09,
  "lr": 8.032544036556572e-06,
  "seed": 588728246,
  "weight_decay": 0.0016853549774373427
}