{
  "beta_1": 0.7192446692667854,
  "beta_2": 0.44696851447292163,
  "epsilon": 4.350468151155162e-10,
  "lr": 0.000608795098178842,
  "seed": 456514231.5295068,
  "weight_decay": 0.000526876913542585
}