{
  "beta_1": 0.845489989687559,
  "beta_2": 0.7075741911775928,
  "epsilon": 1.163811540236249e-08,
  "lr": 0.006999591221641368,
  "seed": 273288911,
  "weight_decay": 1.6912339969688908e-08
}