{
  "beta_1": 0.49969457541486395,
  "beta_2": 0.6800135047304611,
  "epsilon": 0.00015266506652023937,
  "lr": 0.009008380890088768,
  "seed": 211860346.757433,
  "weight_decay": 6.589431225217129e-06
}