{
  "beta_1": 0.4921377466384158,
  "beta_2": 0.7931070975229437,
  "epsilon": 3.3359258029855587e-06,
  "lr": 0.0029019242762836355,
  "seed": 231571165.20557752,
  "weight_decay": 0.004269181854343866
}