{
  "beta_1": 0.7335216844005689,
  "beta_2": 0.9964463024308994,
  "epsilon": 3.668906459778702e-08,
  "lr": 0.0009110423901816123,
  "seed": 674175532,
  "weight_decay": 8.289464015609372e-07
}