{
  "beta_1": 0.9718717802762563,
  "beta_2": 0.6456433586087327,
  "epsilon": 1.723983024776947e-05,
  "lr": 0.0010917286694615673,
  "seed": 543049520.3776459,
  "weight_decay": 0.0002964447460047975
}