{
  "beta_1": 0.6297434607860801,
  "beta_2": 0.7383618227760425,
  "epsilon": 1.175403954118794e-10,
  "lr": 0.0009970866491436441,
  "seed": 547393578.3040593,
  "weight_decay": 0.0007867034005654033
}