{
  "beta_1": 0.7115467096835533,
  "beta_2": 0.4959837139861847,
  "epsilon": 6.446949306366798e-07,
  "lr": 0.0007344406543137335,
  "seed": 2053688564,
  "weight_decay": 6.331118865550925e-08
}