{
  "beta1": 0.10072874413984526,
  "beta2": 0.10223636796055804,
  "epsilon": 2.3439829798683046e-09,
  "lr": 0.0011992651295826286,
  "seed": 735090432,
  "weight_decay": 2.669142906130562e-08,
  "x_beta1": -8.540285606492588,
  "x_beta2": -4.795953855875487
}