{
  "beta_1": 0.8632736999565905,
  "beta_2": 0.5762708763957771,
  "epsilon": 6.572737195886987e-06,
  "lr": 6.254317249713917e-05,
  "seed": 452144905,
  "weight_decay": 1.9026398759340913e-05
}