{
  "beta_1": 0.39048058750417647,
  "beta_2": 0.21802240033217243,
  "epsilon": 2.947837831234366e-10,
  "lr": 0.00037838166202263615,
  "seed": 1707730698.8716414,
  "weight_decay": 0.0005140363763498194
}