{
  "beta_1": 0.9297119760976155,
  "beta_2": 0.9543164453533222,
  "epsilon": 1.5650814100828227e-09,
  "lr": 0.0009692580842102401,
  "seed": 792804171.3369168,
  "weight_decay": 7.151038123152947e-08
}