{
  "beta_1": 0.9768834171369786,
  "beta_2": 0.1928693400691498,
  "epsilon": 2.949194547231906e-08,
  "lr": 0.0010564737223445306,
  "seed": 573018734.6279213,
  "weight_decay": 0.0034540116027002676
}