{
  "beta1": 0.1000231287593549,
  "beta2": 0.1024037298157105,
  "epsilon": 2.062368808301935e-06,
  "lr": 0.0003510657332188542,
  "seed": 737344689,
  "weight_decay": 4.1961323177492377e-07,
  "x_beta1": -12.68152289883759,
  "x_beta2": -4.738069874947996
}