{
  "beta1": 0.100014258689566,
  "beta2": 0.10003096238712811,
  "epsilon": 1.5449720432865804e-10,
  "lr": 0.022269669372538985,
  "seed": 2112488486,
  "weight_decay": 7.855902613000496e-07,
  "x_beta1": -11.051655937746435,
  "x_beta2": -10.277231368584701
}