{
  "beta_1": 0.4502793330856565,
  "beta_2": 0.2763596034751406,
  "epsilon": 0.0005420298417320304,
  "lr": 2.6651509174435645e-06,
  "seed": 2088016552,
  "weight_decay": 9.869418973560992e-06
}