{
  "beta_1": 0.8957513057560943,
  "beta_2": 0.7651389145290901,
  "epsilon": 7.143892776587786e-07,
  "lr": 9.589252143039977e-06,
  "seed": 2032685428.3637335,
  "weight_decay": 0.00040960518326537196
}