{
  "beta_1": 0.6829422345482284,
  "beta_2": 0.9095470583632574,
  "epsilon": 0.0006599373162308382,
  "lr": 2.4955878995528613e-05,
  "seed": 346914848,
  "weight_decay": 6.57495767821535e-08
}