{
  "beta_1": 0.5995797039253696,
  "beta_2": 0.4033580685720415,
  "epsilon": 5.705866311296494e-10,
  "lr": 1.0146676798675813e-06,
  "seed": 1131975445,
  "weight_decay": 0.001387802643215416
}