{
  "beta_1": 0.7452232783189984,
  "beta_2": 0.8478955183648678,
  "epsilon": 6.67903950286436e-08,
  "lr": 1.1382219449062453e-05,
  "seed": 1880434710,
  "weight_decay": 2.610226441076949e-06
}