{
  "beta_1": 0.2752346839057944,
  "beta_2": 0.5702745926066979,
  "epsilon": 0.00011362424406325348,
  "lr": 3.624262954895876e-05,
  "seed": 2067990,
  "weight_decay": 0.007158188748764583
}