{
  "beta_1": 0.4369569790438007,
  "beta_2": 0.33340492158137247,
  "epsilon": 1.1105225970830377e-09,
  "lr": 1.3406549201456914e-05,
  "seed": 1537057453,
  "weight_decay": 2.4279646648410936e-06
}