{
  "beta_1": 0.5570656187041026,
  "beta_2": 0.11065800775958573,
  "epsilon": 6.005234231997404e-06,
  "lr": 0.0010096074670866092,
  "seed": 1941631134,
  "weight_decay": 5.912292510564524e-07
}