{
  "beta_1": 0.3555810285973001,
  "beta_2": 0.4045251167732155,
  "epsilon": 6.888960023733327e-06,
  "lr": 0.00018896828095626986,
  "seed": 2096636253,
  "weight_decay": 3.4607114427641745e-07
}