{
  "beta_1": 0.11734458729525821,
  "beta_2": 0.9796565335632127,
  "epsilon": 0.00012016474367738315,
  "lr": 0.00028343033595284176,
  "seed": 1144744157.286631,
  "weight_decay": 5.434004462907439e-07
}