{
  "beta_1": 0.45928835103089516,
  "beta_2": 0.6591372952108295,
  "epsilon": 0.0004388021961797852,
  "lr": 0.0036314277072962207,
  "seed": 1653953099,
  "weight_decay": 5.086966466397864e-07
}