{
  "beta_1": 0.46076898135040467,
  "beta_2": 0.3887410430504262,
  "epsilon": 3.19480440299507e-07,
  "lr": 0.02408954560575929,
  "seed": 601126595,
  "weight_decay": 0.002241637112561483
}