{
  "beta_1": 0.3887424123080603,
  "beta_2": 0.43085933348333194,
  "epsilon": 0.0005018348931659898,
  "lr": 5.438395928298219e-05,
  "seed": 1103047614.0921955,
  "weight_decay": 1.4081321263287748e-06
}