{
  "beta_1": 0.33029450367092233,
  "beta_2": 0.1653393080840601,
  "epsilon": 2.826688116552944e-10,
  "lr": 0.001375238210423896,
  "seed": 1651293815.1345274,
  "weight_decay": 0.0023643244717305024
}