{
  "beta_1": 0.2568474470896345,
  "beta_2": 0.5610477837529205,
  "epsilon": 0.00019779684868503246,
  "lr": 2.1752040997100074e-05,
  "seed": 1645446927.2770395,
  "weight_decay": 1.2114069362825936e-05
}