{
  "beta_1": 0.3840186457798159,
  "beta_2": 0.2045110571729692,
  "epsilon": 1.4256190634434312e-05,
  "lr": 2.0167965165206173e-06,
  "seed": 1708072091,
  "weight_decay": 1.1766532774641997e-05
}