{
  "beta_1": 0.7560790203322123,
  "beta_2": 0.7258755443537535,
  "epsilon": 1.1316162579773446e-10,
  "lr": 0.0015046873486310609,
  "seed": 1415352941.8525102,
  "weight_decay": 0.0011788554208328104
}