{
  "beta_1": 0.2716666031884196,
  "beta_2": 0.4146442570212987,
  "epsilon": 1.4682857604942488e-06,
  "lr": 1.55929102802102e-05,
  "seed": 334920849,
  "weight_decay": 6.658481122749895e-08
}