{
  "beta_1": 0.7087934603764808,
  "beta_2": 0.9982779988292367,
  "epsilon": 1.2784330498241521e-05,
  "lr": 0.0005235751861498384,
  "seed": 539198720,
  "weight_decay": 7.386070209394918e-08
}