{
  "beta_1": 0.4803834580921339,
  "beta_2": 0.7227640345195384,
  "epsilon": 1.5505855781039566e-06,
  "lr": 0.015038609062255267,
  "seed": 2043609760,
  "weight_decay": 0.00012702532774076143
}