{
  "beta_1": 0.11349115017157717,
  "beta_2": 0.7316612145027376,
  "epsilon": 2.367974766799792e-06,
  "lr": 9.551461289903333e-05,
  "seed": 72418791,
  "weight_decay": 2.9508457817228423e-07
}