{
  "beta1": 0.6397913610615935,
  "beta2": 0.11770173725515962,
  "epsilon": 5.156329027766491e-10,
  "lr": 0.0003930341615302255,
  "seed": 63091702,
  "weight_decay": 0.0011198321624706828,
  "x_beta1": -4.568598064535924,
  "x_beta2": -3.7524038723193427
}