{
  "beta_1": 0.9758204314156541,
  "beta_2": 0.2538990834582969,
  "epsilon": 0.0001584838594933808,
  "lr": 0.00022575944057750917,
  "seed": 104167178,
  "weight_decay": 0.0008175103081078361
}