{
  "beta1": 0.5844034131535563,
  "beta2": 0.8950040969446832,
  "epsilon": 2.2785885856491907e-06,
  "lr": 9.411302992066716e-06,
  "seed": 260676448,
  "weight_decay": 1.4261363131768653e-07,
  "x_beta1": 0.14938760662508285,
  "x_beta2": 1.2962424378289588
}