{
  "beta_1": 0.44656863893336285,
  "beta_2": 0.5219347907031197,
  "epsilon": 3.8762018053703016e-05,
  "lr": 0.0012548375656005414,
  "seed": 1614959417,
  "weight_decay": 2.7472356337092555e-05
}