{
  "beta1": 0.9967350315416345,
  "beta2": 0.9997204763954092,
  "epsilon": 7.68074553780103e-08,
  "lr": 1.553855278185938e-05,
  "seed": 661482959,
  "weight_decay": 0.00016990028018128386,
  "x_beta1": 5.981199591204744,
  "x_beta2": 8.519532711101453
}