{
  "beta_1": 0.14523095874373976,
  "beta_2": 0.5499675041931161,
  "epsilon": 3.4926075830853984e-07,
  "lr": 0.009694175018522445,
  "seed": 1439881797,
  "weight_decay": 0.0006593678445672552
}