{
  "beta_1": 0.4659812268946605,
  "beta_2": 0.3241146393742245,
  "epsilon": 4.3693892751701755e-07,
  "lr": 0.0010974011850260412,
  "seed": 604601374.9789269,
  "weight_decay": 3.1596723018221588e-06
}