{
  "beta_1": 0.7015596469865215,
  "beta_2": 0.7043097890949093,
  "epsilon": 4.809197321493245e-08,
  "lr": 2.197405514740748e-05,
  "seed": 2090404329,
  "weight_decay": 0.0032312617195044547
}