{
  "beta_1": 0.4291960280105601,
  "beta_2": 0.6233021073638363,
  "epsilon": 9.145609351141285e-07,
  "lr": 0.008301240069801395,
  "seed": 1381767329,
  "weight_decay": 6.628279676310994e-05
}