{
  "beta_1": 0.1092247663888962,
  "beta_2": 0.580646987728524,
  "epsilon": 0.0008540385931686172,
  "lr": 0.0002711420460576706,
  "seed": 918670891,
  "weight_decay": 1.5618940479885945e-06
}