{
  "beta_1": 0.47664485666470935,
  "beta_2": 0.6862027244618766,
  "epsilon": 1.0361166759952145e-10,
  "lr": 7.050241960173899e-05,
  "seed": 831252475,
  "weight_decay": 1.4394902219031238e-07
}