{
  "beta_1": 0.7259949577253447,
  "beta_2": 0.30934441488016157,
  "epsilon": 4.0686350699035716e-07,
  "lr": 2.5892002246282656e-06,
  "seed": 1591509021,
  "weight_decay": 1.4290566469418614e-07
}