{
  "beta1": 0.9857042818953516,
  "beta2": 0.9997173431716554,
  "epsilon": 1.2393296327565917e-06,
  "lr": 0.00024900865210977693,
  "seed": 14633724,
  "weight_decay": 0.00013762196003371153,
  "x_beta1": -2.0556934574903316,
  "x_beta2": 6.801781433947316
}