{
  "beta_1": 0.19469397542179415,
  "beta_2": 0.10192793932422542,
  "epsilon": 0.00041118946724757766,
  "lr": 0.00052383545675687,
  "seed": 44466847.36165993,
  "weight_decay": 3.368553864105764e-05
}