{
  "beta_1": 0.8567554684569781,
  "beta_2": 0.6166710313601519,
  "epsilon": 2.8383244365058175e-07,
  "lr": 2.7995606822979742e-05,
  "seed": 1669254808,
  "weight_decay": 2.4864536458162553e-06
}