{
  "beta1": 0.9988436937387137,
  "beta2": 0.9997421955443988,
  "epsilon": 2.4012266903518917e-09,
  "lr": 1.3093641331392206e-05,
  "seed": 1629100420,
  "weight_decay": 2.8691444115435546e-05,
  "x_beta1": 10.38845656258784,
  "x_beta2": -4.874123425891803
}