{
  "beta_1": 0.6232120110470568,
  "beta_2": 0.5860552640337644,
  "epsilon": 1.204644483414744e-06,
  "lr": 0.05125898333739172,
  "seed": 1086418454,
  "weight_decay": 0.005542213007388917
}