{
  "beta_1": 0.7325843255857334,
  "beta_2": 0.5863448041946955,
  "epsilon": 8.703424063188155e-10,
  "lr": 1.2437590018709323e-06,
  "seed": 1371716831,
  "weight_decay": 0.0037666825014364674
}