{
  "beta_1": 0.5917894402586478,
  "beta_2": 0.382946197976725,
  "epsilon": 8.590830095564921e-05,
  "lr": 0.00017112734734324388,
  "seed": 1794994291,
  "weight_decay": 0.00010282335949845088
}