{
  "beta_1": 0.6702783970246442,
  "beta_2": 0.24712196267065312,
  "epsilon": 3.3923910954883116e-10,
  "lr": 0.0034828774420445816,
  "seed": 1870663791.5893276,
  "weight_decay": 4.82221068671291e-05
}