{
  "beta_1": 0.3043770089967429,
  "beta_2": 0.8613443098015237,
  "epsilon": 0.0002651863099055291,
  "lr": 5.850088288711208e-06,
  "seed": 1811388531.337098,
  "weight_decay": 2.3525472386111713e-08
}