{
  "beta_1": 0.6129811374755563,
  "beta_2": 0.9656880336569273,
  "epsilon": 2.186431672813283e-08,
  "lr": 0.00038466573803822956,
  "seed": 601464020.8665589,
  "weight_decay": 0.004774717936291412
}