{
  "beta_1": 0.17581378562234154,
  "beta_2": 0.7921103369834378,
  "epsilon": 5.8437276876943635e-06,
  "lr": 7.402590119012069e-06,
  "seed": 624621083.333487,
  "weight_decay": 0.001167104079586601
}