{
  "beta_1": 0.6591796648227258,
  "beta_2": 0.8412341462282332,
  "epsilon": 0.00030312518186190787,
  "lr": 5.2715848345192197e-05,
  "seed": 1580855501,
  "weight_decay": 1.2953490416363853e-07
}