{
  "beta_1": 0.9337457516114761,
  "beta_2": 0.6988064668337727,
  "epsilon": 2.2331296689351532e-08,
  "lr": 2.3218605852884317e-05,
  "seed": 1767552864,
  "weight_decay": 1.2989368281896982e-07
}