{
  "beta_1": 0.9049629036213448,
  "beta_2": 0.8587081050738183,
  "epsilon": 4.795166924138749e-05,
  "lr": 0.001017564158687256,
  "seed": 336428141,
  "weight_decay": 0.0045176841542264425
}