{
  "beta1": 0.7838010130526419,
  "beta2": 0.9718731674057811,
  "epsilon": 1.2123665282552694e-07,
  "lr": 0.00015871786450278677,
  "seed": 115812351,
  "weight_decay": 7.10732478182978e-08,
  "x_beta1": 1.6647895266127857,
  "x_beta2": 2.1999882271223683
}