{
  "beta_1": 0.21775448725889726,
  "beta_2": 0.8224107162821888,
  "epsilon": 4.829733750350667e-10,
  "lr": 0.0005668896618519615,
  "seed": 652426507.8616678,
  "weight_decay": 4.433719409360739e-08
}