{
  "beta_1": 0.5258077726223505,
  "beta_2": 0.26437662912122567,
  "epsilon": 1.5197318107365767e-05,
  "lr": 0.031048611768035955,
  "seed": 929129717.0799538,
  "weight_decay": 2.2732245774518046e-08
}