{
  "beta_1": 0.9655646756003192,
  "beta_2": 0.9448271980905568,
  "epsilon": 9.60932802938739e-10,
  "lr": 0.00037670090515109437,
  "seed": 2027881683.7581067,
  "weight_decay": 1.0745305984961894e-05
}