{
  "beta_1": 0.3157270597763354,
  "beta_2": 0.6158799356875995,
  "epsilon": 1.705110268410748e-07,
  "lr": 7.752216896221183e-06,
  "seed": 1948034382,
  "weight_decay": 0.0005934574126727414
}