{
  "beta_1": 0.49170205390434885,
  "beta_2": 0.7186783811262584,
  "epsilon": 1.771937046232554e-08,
  "lr": 0.0013797625323065587,
  "seed": 450071891.27443665,
  "weight_decay": 0.00021495398213673057
}