{
  "beta_1": 0.38425362088158843,
  "beta_2": 0.5675651549217289,
  "epsilon": 2.910427435813728e-06,
  "lr": 0.09430363405449653,
  "seed": 1449843222,
  "weight_decay": 0.0003880616210410071
}