{
  "beta_1": 0.993759468170388,
  "beta_2": 0.6620523685921134,
  "epsilon": 4.392925312168844e-06,
  "lr": 4.232553561236374e-05,
  "seed": 235263912.01416925,
  "weight_decay": 4.451516819682735e-05
}