{
  "beta_1": 0.42274217980477935,
  "beta_2": 0.6996249379163568,
  "epsilon": 1.760528268029427e-05,
  "lr": 0.00012640337764489084,
  "seed": 717538912.6196861,
  "weight_decay": 7.812464312607429e-05
}