{
  "beta_1": 0.26238500196618697,
  "beta_2": 0.8208801426992989,
  "epsilon": 0.0003669626974173144,
  "lr": 0.052186035952783344,
  "seed": 103935286,
  "weight_decay": 3.264271955414693e-06
}