{
  "beta_1": 0.6055656383840828,
  "beta_2": 0.48154178971231876,
  "epsilon": 2.4645334638062497e-09,
  "lr": 0.0025382274377603593,
  "seed": 1110395536,
  "weight_decay": 5.509917195996603e-07
}