{
  "beta_1": 0.7295284308475306,
  "beta_2": 0.6289288162181642,
  "epsilon": 1.2802868206319496e-07,
  "lr": 0.004206450224954068,
  "seed": 1661101559,
  "weight_decay": 1.4399100214217937e-08
}