{
  "beta_1": 0.3856020366328117,
  "beta_2": 0.6482076146118866,
  "epsilon": 0.0002456542975144945,
  "lr": 0.009045791684946614,
  "seed": 374645952.0000297,
  "weight_decay": 1.6479211110004055e-06
}