{
  "beta_1": 0.12438312211222789,
  "beta_2": 0.4948530138239142,
  "epsilon": 3.700404761654102e-05,
  "lr": 4.252718671542908e-06,
  "seed": 53977733,
  "weight_decay": 9.404007913450279e-07
}