{
  "beta_1": 0.5118266582537482,
  "beta_2": 0.7775075655109094,
  "epsilon": 8.238387795851871e-05,
  "lr": 0.0003078936386698948,
  "seed": 605199184.9959723,
  "weight_decay": 2.831968049886191e-06
}