{
  "beta_1": 0.1004521213352263,
  "beta_2": 0.3418522878126413,
  "epsilon": 2.086934293243218e-10,
  "lr": 0.013322523377027488,
  "seed": 941219359,
  "weight_decay": 2.789111743394319e-08
}