{
  "beta1": 0.10000107028492551,
  "beta2": 0.11654599034381172,
  "epsilon": 1.1989334121721633e-05,
  "lr": 3.076856007415209e-05,
  "seed": 2044239969,
  "weight_decay": 0.006764611633755381,
  "x_beta1": -13.641112224383734,
  "x_beta2": -3.97758224002488
}