{
  "beta_1": 0.9003127500307687,
  "beta_2": 0.9669984437809516,
  "epsilon": 9.625633657592288e-10,
  "lr": 0.0001623729476661601,
  "seed": 858081516,
  "weight_decay": 1.9538528684339357e-05
}