{
  "beta_1": 0.8769388490652078,
  "beta_2": 0.242767855037973,
  "epsilon": 1.0894443672146708e-05,
  "lr": 0.0005385416443657258,
  "seed": 1659806096,
  "weight_decay": 2.731147587775928e-05
}