{
  "beta_1": 0.9529033178149698,
  "beta_2": 0.7730273704671458,
  "epsilon": 2.37572537740281e-10,
  "lr": 0.0013142755897272847,
  "seed": 1034323232.1776284,
  "weight_decay": 1.3019377266728036e-06
}