{
  "beta_1": 0.6803845174016758,
  "beta_2": 0.5005523437757259,
  "epsilon": 3.944668654946507e-10,
  "lr": 0.004819582699484267,
  "seed": 2009491443.1850548,
  "weight_decay": 1.2543312682433033e-05
}