{
  "beta_1": 0.9815511216966394,
  "beta_2": 0.8312760173351513,
  "epsilon": 3.0622803059449315e-10,
  "lr": 1.3949148492598546e-05,
  "seed": 282345579,
  "weight_decay": 1.8762782357279927e-06
}