{
  "beta_1": 0.6556267095143573,
  "beta_2": 0.23733452689417167,
  "epsilon": 7.001666048847302e-08,
  "lr": 0.0002456687217057171,
  "seed": 1363458910,
  "weight_decay": 0.002424929497987346
}