{
  "beta1": 0.9988983755910738,
  "beta2": 0.10001678587042656,
  "epsilon": 7.296513377002029e-08,
  "lr": 3.466743520399215e-06,
  "seed": 1115497371,
  "weight_decay": 5.38172397583016e-06,
  "x_beta1": 9.087641513825089,
  "x_beta2": -10.889482785315096
}