{
  "beta_1": 0.5785663306012719,
  "beta_2": 0.4321890076095999,
  "epsilon": 1.6431798698303645e-07,
  "lr": 2.619430272338996e-05,
  "seed": 737344689,
  "weight_decay": 1.444659933972988e-05
}