{
  "beta_1": 0.8677579810656071,
  "beta_2": 0.6171528247471733,
  "epsilon": 9.433572515727856e-05,
  "lr": 0.0019198258607274542,
  "seed": 2016800727,
  "weight_decay": 3.835402172751568e-06
}