{
  "beta_1": 0.22627447402307502,
  "beta_2": 0.2888849706305887,
  "epsilon": 5.170629186764678e-08,
  "lr": 0.014219354617401245,
  "seed": 248838108,
  "weight_decay": 7.213136083647081e-08
}