{
  "beta_1": 0.2656678215234019,
  "beta_2": 0.4968257966472611,
  "epsilon": 2.40537126410786e-10,
  "lr": 4.8069785334878756e-06,
  "seed": 1139668919.7448514,
  "weight_decay": 2.7699696527735527e-05
}