{
  "beta_1": 0.5161321112792177,
  "beta_2": 0.6655726984168893,
  "epsilon": 1.248974530342676e-07,
  "lr": 0.0008521291284125422,
  "seed": 1442000213.0518272,
  "weight_decay": 1.3114480136551745e-07
}