{
  "beta_1": 0.7325243986790155,
  "beta_2": 0.2365888201722155,
  "epsilon": 1.880052229960663e-08,
  "lr": 0.0003777337196987247,
  "seed": 1813999177,
  "weight_decay": 0.0021142996257062304
}