{
  "beta_1": 0.1687077485731167,
  "beta_2": 0.488394986105403,
  "epsilon": 6.2997657144250676e-06,
  "lr": 2.9093448927093186e-06,
  "seed": 1455615390,
  "weight_decay": 5.653695654725046e-07
}