{
  "beta_1": 0.5565833890439013,
  "beta_2": 0.9717151025255276,
  "epsilon": 7.056111681895355e-10,
  "lr": 0.00015602890506875936,
  "seed": 403031772,
  "weight_decay": 0.00012687534373054897
}