{
  "beta1": 0.11336781168534613,
  "beta2": 0.10001493122291545,
  "epsilon": 4.913879615911679e-05,
  "lr": 0.08051187593743862,
  "seed": 1259463766,
  "weight_decay": 4.855314151502282e-05,
  "x_beta1": -4.193452022848383,
  "x_beta2": -11.006567814653643
}