{
  "beta_1": 0.9497495168690464,
  "beta_2": 0.7562877929861243,
  "epsilon": 0.0010629034123654944,
  "lr": 0.005268516275603322,
  "seed": 1614514038,
  "weight_decay": 1.5171411172267158e-08
}