{
  "beta1": 0.7462905748634987,
  "beta2": 0.11422695760059123,
  "epsilon": 6.206812790456159e-05,
  "lr": 0.0001601783215847324,
  "seed": 2129776212,
  "weight_decay": 1.532980159755204e-08,
  "x_beta1": 1.126810677013443,
  "x_beta2": 6.27397298372699
}