{
  "beta_1": 0.14788009342584768,
  "beta_2": 0.9641868278663112,
  "epsilon": 1.1865712436269449e-08,
  "lr": 0.0005840393029081926,
  "seed": 267748988.84968442,
  "weight_decay": 5.58004281022002e-06
}