{
  "beta_1": 0.1666645978146145,
  "beta_2": 0.7060093082955091,
  "epsilon": 5.081604739291099e-06,
  "lr": 6.931752734478955e-06,
  "seed": 1004744142.5877929,
  "weight_decay": 1.6362610058844674e-06
}