{
  "beta_1": 0.154265981763666,
  "beta_2": 0.2901616861421051,
  "epsilon": 8.777041150899302e-06,
  "lr": 0.0005938083841124556,
  "seed": 14391743,
  "weight_decay": 3.28466117094562e-05
}