{
  "beta_1": 0.5884021519100237,
  "beta_2": 0.5862139630778056,
  "epsilon": 0.0002485662693558442,
  "lr": 1.369859960326733e-06,
  "seed": 170688073,
  "weight_decay": 0.00020526202701291502
}