{
  "beta_1": 0.847865806257905,
  "beta_2": 0.6132959899900632,
  "epsilon": 2.1065907998306998e-08,
  "lr": 0.0018525203221070692,
  "seed": 1170688876,
  "weight_decay": 0.007389242155007184
}