{
  "beta_1": 0.3049002605333325,
  "beta_2": 0.7432054198491072,
  "epsilon": 3.8324430100156465e-10,
  "lr": 0.004778584267467505,
  "seed": 1221466790,
  "weight_decay": 0.005186591589511977
}