{
  "beta_1": 0.5003153792949517,
  "beta_2": 0.4996857166554562,
  "epsilon": 2.003079699987838e-08,
  "lr": 1.5790475080427068e-05,
  "seed": 856697929,
  "weight_decay": 5.453196430831822e-07
}