{
  "beta_1": 0.7967858156085239,
  "beta_2": 0.8998541510168023,
  "epsilon": 4.289203059689837e-06,
  "lr": 0.0008852106718067054,
  "seed": 164406930.4662074,
  "weight_decay": 0.009727840255027709
}