{
  "beta_1": 0.657318058528993,
  "beta_2": 0.955836666294766,
  "epsilon": 2.2047862894868614e-07,
  "lr": 0.0006784003691514299,
  "seed": 1091855238.1275842,
  "weight_decay": 6.726144809833721e-05
}