{
  "beta_1": 0.6270748126553122,
  "beta_2": 0.38591781646653645,
  "epsilon": 3.2612132109239826e-06,
  "lr": 0.0027697002992637908,
  "seed": 1141047161,
  "weight_decay": 1.100457301568023e-07
}