{
  "beta1": 0.10000097165840899,
  "beta2": 0.10003835600348408,
  "epsilon": 3.409627742548482e-06,
  "lr": 0.00854526700122515,
  "seed": 310193659,
  "weight_decay": 6.947111588926136e-07,
  "x_beta1": -13.73778820001395,
  "x_beta2": -10.063085241469476
}