{
  "beta_1": 0.7671774246067443,
  "beta_2": 0.5667163381356141,
  "epsilon": 0.0003428776068494488,
  "lr": 0.00010279132737586411,
  "seed": 1722668763.335289,
  "weight_decay": 9.041999086433175e-05
}