{
  "beta_1": 0.7864564191799318,
  "beta_2": 0.754466829431989,
  "epsilon": 4.1433800163512917e-07,
  "lr": 0.0008149439880334085,
  "seed": 1424305908,
  "weight_decay": 1.139030318419917e-06
}