{
  "beta1": 0.26693669786185736,
  "beta2": 0.1018134133869197,
  "epsilon": 0.0007086022749103298,
  "lr": 0.003512344183735548,
  "seed": 1614514038,
  "weight_decay": 1.5171411172267158e-08,
  "x_beta1": -1.1826018421721074,
  "x_beta2": -4.9640444534787385
}