{
  "beta_1": 0.4541846831777048,
  "beta_2": 0.7403809873138126,
  "epsilon": 5.990833819815367e-08,
  "lr": 0.01808648670994074,
  "seed": 328346874,
  "weight_decay": 1.1782933594723327e-05
}