{
  "beta1": 0.9947694848234387,
  "beta2": 0.11092575136811415,
  "epsilon": 1.461353227278096e-10,
  "lr": 0.0003643519736549987,
  "seed": 1885244355,
  "weight_decay": 3.0160707709609807e-05,
  "x_beta1": 5.3542423494528695,
  "x_beta2": -4.398945754695891
}