{
  "beta_1": 0.38326525830369595,
  "beta_2": 0.797892783736075,
  "epsilon": 4.930552568050609e-10,
  "lr": 0.0004754278129723389,
  "seed": 1225783748,
  "weight_decay": 1.4175095224079778e-07
}