{
  "beta_1": 0.7114030481758814,
  "beta_2": 0.5564813585953355,
  "epsilon": 1.2238056088843826e-05,
  "lr": 1.1465740049086844e-05,
  "seed": 65703746.52990088,
  "weight_decay": 6.358494183598931e-07
}