{
  "beta_1": 0.324075398318882,
  "beta_2": 0.29087919517868965,
  "epsilon": 1.8528389783322533e-09,
  "lr": 0.00478077991752077,
  "seed": 263833113.11635146,
  "weight_decay": 0.009574884132904369
}