{
  "beta_1": 0.14753874383133853,
  "beta_2": 0.8892143860578647,
  "epsilon": 4.0136665689175865e-05,
  "lr": 0.0011506523186731378,
  "seed": 198801717,
  "weight_decay": 0.003089225176922618
}