{
  "beta_1": 0.8561074461760682,
  "beta_2": 0.6243433917169223,
  "epsilon": 1.6322313565492805e-09,
  "lr": 2.037244893563425e-06,
  "seed": 2090816429,
  "weight_decay": 0.00030634623685976226
}