{
  "beta_1": 0.8361191155631726,
  "beta_2": 0.5869216346229001,
  "epsilon": 0.0006384449315229054,
  "lr": 3.9393868798450656e-05,
  "seed": 950656947,
  "weight_decay": 4.082616394707328e-05
}