{
  "beta_1": 0.3903401392066175,
  "beta_2": 0.5867401460430135,
  "epsilon": 1.1703873728995303e-06,
  "lr": 0.009972719146858829,
  "seed": 178862912,
  "weight_decay": 0.0003517956235324962
}