{
  "beta_1": 0.20673409877049137,
  "beta_2": 0.8117352323865453,
  "epsilon": 1.3008823572600848e-06,
  "lr": 0.0009566562210122024,
  "seed": 1374825508,
  "weight_decay": 6.241568157326924e-05
}