{
  "beta_1": 0.5485761969372013,
  "beta_2": 0.18194955209166838,
  "epsilon": 0.00018213400524248426,
  "lr": 0.0004162812815990566,
  "seed": 108100493,
  "weight_decay": 3.884267568338341e-06
}