{
  "beta_1": 0.17785745025559346,
  "beta_2": 0.19611583143633193,
  "epsilon": 0.0004948796693120208,
  "lr": 0.00199266745364877,
  "seed": 150750856,
  "weight_decay": 0.003021689738731075
}