{
  "beta_1": 0.9897584188284799,
  "beta_2": 0.8631510367939518,
  "epsilon": 1.8425123733435624e-07,
  "lr": 0.09766971109168465,
  "seed": 1792255003.8080242,
  "weight_decay": 2.1092565472760844e-06
}