{
  "beta_1": 0.2910325472615801,
  "beta_2": 0.6212963945492951,
  "epsilon": 3.2599362500541425e-10,
  "lr": 0.050527002175364176,
  "seed": 1186663866,
  "weight_decay": 2.0827931890922348e-07
}