{
  "beta_1": 0.9891784011783485,
  "beta_2": 0.9501428935237135,
  "epsilon": 1.798507362354714e-07,
  "lr": 0.0022625673943227767,
  "seed": 41991193.00394319,
  "weight_decay": 8.986181986619804e-07
}