{
  "beta_1": 0.823363443361979,
  "beta_2": 0.5529139303987834,
  "epsilon": 0.0006365230673150456,
  "lr": 1.4391414070839622e-06,
  "seed": 1337121625.2676113,
  "weight_decay": 0.0033633667405672195
}