{
  "beta_1": 0.30132255858323265,
  "beta_2": 0.20812501275747713,
  "epsilon": 1.8466355480980272e-09,
  "lr": 0.0017726875030044118,
  "seed": 688686613.5933443,
  "weight_decay": 2.1772684842792208e-07
}