{
  "beta_1": 0.900072894188628,
  "beta_2": 0.19887119405288464,
  "epsilon": 0.00010543977753466639,
  "lr": 0.04272790194447977,
  "seed": 489755079,
  "weight_decay": 1.881448969024359e-08
}