{
  "beta_1": 0.8171510797967895,
  "beta_2": 0.14719431822209356,
  "epsilon": 5.403324916944663e-09,
  "lr": 3.3775983170240077e-06,
  "seed": 1673084748,
  "weight_decay": 2.1420436346177305e-05
}