{
  "beta_1": 0.8190562207430705,
  "beta_2": 0.48147511258376074,
  "epsilon": 6.640709799826967e-07,
  "lr": 0.0030429916982766397,
  "seed": 1289052255,
  "weight_decay": 3.4886582162582042e-06
}