{
  "beta_1": 0.5169211320330459,
  "beta_2": 0.6157272492678977,
  "epsilon": 1.4141480570913742e-06,
  "lr": 0.022922198571660737,
  "seed": 1629061388,
  "weight_decay": 9.92995226381365e-06
}