{
  "beta_1": 0.45133943925404796,
  "beta_2": 0.22055694748469049,
  "epsilon": 0.0002243617730639264,
  "lr": 0.00013483438771477203,
  "seed": 665255184.5609876,
  "weight_decay": 2.362924843995485e-06
}