{
  "beta_1": 0.3504983393274579,
  "beta_2": 0.7463437375033185,
  "epsilon": 5.215298639959166e-06,
  "lr": 0.0001978447970852759,
  "seed": 1413089521.5678294,
  "weight_decay": 1.3533987192831746e-07
}