{
  "beta_1": 0.12073501268265605,
  "beta_2": 0.7500903398505908,
  "epsilon": 1.916700760187509e-06,
  "lr": 0.047336072259307416,
  "seed": 1864555251.3924806,
  "weight_decay": 0.00014662153165732016
}