{
  "beta_1": 0.6174279134371218,
  "beta_2": 0.5669039908945219,
  "epsilon": 2.552937356171755e-10,
  "lr": 0.00031647346345907434,
  "seed": 224148943.75211766,
  "weight_decay": 0.007504663741426152
}