{
  "beta_1": 0.9536983440220673,
  "beta_2": 0.8366715621903478,
  "epsilon": 9.31377386047519e-09,
  "lr": 7.901835975170258e-05,
  "seed": 2072690615,
  "weight_decay": 3.99848750088984e-06
}