{
  "beta_1": 0.23935621260737075,
  "beta_2": 0.36833993187145764,
  "epsilon": 1.6937368680005594e-08,
  "lr": 0.019554325252024257,
  "seed": 1360452965,
  "weight_decay": 3.3244948335785794e-07
}