{
  "beta_1": 0.7050656593554774,
  "beta_2": 0.1245668691362567,
  "epsilon": 1.568922420294682e-07,
  "lr": 0.006097055416682973,
  "seed": 1350253204,
  "weight_decay": 3.525921951095417e-08
}