{
  "beta_1": 0.30994414306476764,
  "beta_2": 0.8105784169143792,
  "epsilon": 3.867992566371487e-08,
  "lr": 1.0256665409290568e-06,
  "seed": 899709310.8054754,
  "weight_decay": 7.669774726608906e-07
}