{
  "beta_1": 0.28858109319943365,
  "beta_2": 0.9903048474754464,
  "epsilon": 4.799443076189902e-06,
  "lr": 0.0038271082053715193,
  "seed": 1323700917,
  "weight_decay": 0.000527531327344796
}