{
  "beta_1": 0.8234301674521006,
  "beta_2": 0.7489848385899414,
  "epsilon": 1.655625245483162e-08,
  "lr": 1.6654728431471934e-05,
  "seed": 65647083,
  "weight_decay": 0.0030788832289722332
}