{
  "beta_1": 0.388913521741198,
  "beta_2": 0.2639317759733445,
  "epsilon": 2.0001739144314108e-06,
  "lr": 5.189182317915937e-05,
  "seed": 1274904502,
  "weight_decay": 0.00047593842916607716
}