{
  "beta_1": 0.5822138353631678,
  "beta_2": 0.4211611371267481,
  "epsilon": 4.6234809499435786e-10,
  "lr": 0.0005530825171903927,
  "seed": 1180651997,
  "weight_decay": 1.4708246477405174e-08
}