{
  "beta_1": 0.8940142206904806,
  "beta_2": 0.9773366288841584,
  "epsilon": 6.581101349521117e-06,
  "lr": 0.0003960316803495792,
  "seed": 290838145.5427906,
  "weight_decay": 2.6696439930291018e-05
}