{
  "beta_1": 0.38289828763847966,
  "beta_2": 0.12550797679308703,
  "epsilon": 2.7566233210762276e-09,
  "lr": 0.0006477486458863071,
  "seed": 55656277.69944485,
  "weight_decay": 2.0021954196869867e-07
}