{
  "beta_1": 0.6257749266391036,
  "beta_2": 0.19767669428044693,
  "epsilon": 6.479801602978424e-10,
  "lr": 3.818549890109357e-05,
  "seed": 1499797901,
  "weight_decay": 9.315731694111913e-08
}