{
  "beta_1": 0.40309826318024133,
  "beta_2": 0.25591848577367027,
  "epsilon": 1.2094210254585205e-08,
  "lr": 0.00023940369959767944,
  "seed": 746736544.5105178,
  "weight_decay": 1.2376246268778288e-08
}