{
  "beta_1": 0.7936217919450674,
  "beta_2": 0.5659609999918077,
  "epsilon": 3.6001212624045835e-06,
  "lr": 6.344166435593484e-05,
  "seed": 533231495,
  "weight_decay": 2.065372174258459e-07
}