{
  "beta_1": 0.3427579027903887,
  "beta_2": 0.5560719101253528,
  "epsilon": 3.3313318702224824e-09,
  "lr": 0.0046828091275100975,
  "seed": 1008789378,
  "weight_decay": 4.3753398741470017e-07
}