{
  "beta_1": 0.6531665527455043,
  "beta_2": 0.26816883933256797,
  "epsilon": 0.00018326890117191036,
  "lr": 0.004876760936915017,
  "seed": 722844511.0037102,
  "weight_decay": 2.5298752424655714e-08
}