{
  "beta_1": 0.14320140318073465,
  "beta_2": 0.5998050499873566,
  "epsilon": 3.437261857703172e-09,
  "lr": 1.5485680882981793e-06,
  "seed": 1255025612,
  "weight_decay": 0.0012557763750045906
}