{
  "beta_1": 0.6346661286152511,
  "beta_2": 0.5962621729053971,
  "epsilon": 5.492758322867278e-05,
  "lr": 0.012035689271513496,
  "seed": 1168700974,
  "weight_decay": 3.628814165773239e-05
}