{
  "beta_1": 0.33582802086488284,
  "beta_2": 0.6307404671358067,
  "epsilon": 3.7491596418015164e-06,
  "lr": 1.8675581839260278e-06,
  "seed": 1098916166,
  "weight_decay": 0.003641413387227928
}