{
  "beta_1": 0.5340111071537199,
  "beta_2": 0.43988868407115056,
  "epsilon": 0.0001467196963851229,
  "lr": 0.02156175996621541,
  "seed": 1549959716,
  "weight_decay": 2.6155925729500188e-06
}