{
  "beta_1": 0.9486695966714912,
  "beta_2": 0.8682358137806403,
  "epsilon": 6.537903738700255e-10,
  "lr": 1.7078674214739127e-05,
  "seed": 694041588.305856,
  "weight_decay": 1.0298392282305943e-07
}