{
  "beta_1": 0.30452311607936755,
  "beta_2": 0.44061637388081754,
  "epsilon": 8.494357787223761e-06,
  "lr": 4.688955332337029e-06,
  "seed": 878367884,
  "weight_decay": 1.3582974788387057e-07
}