{
  "beta1": 0.10000541652633066,
  "beta2": 0.11044984180993377,
  "epsilon": 0.00013206988291115067,
  "lr": 0.008212488247661666,
  "seed": 104167178,
  "weight_decay": 0.0006812585900898635,
  "x_beta1": -12.01957757679389,
  "x_beta2": -4.444016631531959
}