{
  "beta_1": 0.5578589350092265,
  "beta_2": 0.9268391734385677,
  "epsilon": 2.991997378679474e-08,
  "lr": 0.000916288729700069,
  "seed": 2135626473.6666725,
  "weight_decay": 7.443089761171644e-08
}