{
  "beta_1": 0.21598538317892238,
  "beta_2": 0.3739275118829566,
  "epsilon": 0.00025595463977317316,
  "lr": 0.00032170575884708113,
  "seed": 2014509025,
  "weight_decay": 0.008522621357170176
}