{
  "beta_1": 0.5353441714870772,
  "beta_2": 0.7421763799176041,
  "epsilon": 2.9082229612809766e-06,
  "lr": 0.0008548035089713514,
  "seed": 242503871.10409102,
  "weight_decay": 6.626939133780212e-06
}