{
  "beta_1": 0.7153284432725034,
  "beta_2": 0.953629580332998,
  "epsilon": 7.385840084619655e-10,
  "lr": 1.6078132871847842e-06,
  "seed": 1687331694,
  "weight_decay": 1.3159292669334879e-08
}