{
  "beta_1": 0.5793936425392285,
  "beta_2": 0.7110252603024131,
  "epsilon": 2.275773407110728e-10,
  "lr": 0.0010683565898556473,
  "seed": 1638486160.3048546,
  "weight_decay": 0.0002528347910182316
}