{
  "beta_1": 0.8296966269926876,
  "beta_2": 0.48197629840968625,
  "epsilon": 5.2011736005843994e-09,
  "lr": 0.007428407535559687,
  "seed": 326851684,
  "weight_decay": 3.408228964975252e-08
}