{
  "beta_1": 0.9474496607260479,
  "beta_2": 0.32968127447164663,
  "epsilon": 0.00010273686364572087,
  "lr": 8.054908475246778e-06,
  "seed": 431870487,
  "weight_decay": 0.0001521572234230085
}