{
  "beta_1": 0.6184216329602225,
  "beta_2": 0.4719183852469413,
  "epsilon": 2.970469698904772e-07,
  "lr": 0.0009737448161707934,
  "seed": 233935700.60164806,
  "weight_decay": 0.007979339664345091
}