{
  "beta_1": 0.9622730919799465,
  "beta_2": 0.6126522248990105,
  "epsilon": 5.595792694729961e-08,
  "lr": 2.26149481392103e-06,
  "seed": 1496673229.648424,
  "weight_decay": 3.418998544755758e-06
}