{
  "beta_1": 0.6048898179914036,
  "beta_2": 0.8577534055773457,
  "epsilon": 0.0002370866474143105,
  "lr": 0.016603490819500282,
  "seed": 831252475,
  "weight_decay": 1.7993627773789045e-07
}