{
  "beta_1": 0.933211089072545,
  "beta_2": 0.8793340807212967,
  "epsilon": 6.220271887475146e-06,
  "lr": 0.00020067682122798717,
  "seed": 981486121,
  "weight_decay": 1.8580172328798145e-05
}