{
  "beta_1": 0.10284252615247665,
  "beta_2": 0.8888991858380227,
  "epsilon": 9.032440540656902e-09,
  "lr": 2.093999249695081e-06,
  "seed": 1338473341,
  "weight_decay": 0.004673682467188905
}