{
  "beta_1": 0.6131229301924139,
  "beta_2": 0.6673294843813836,
  "epsilon": 5.017146813805683e-06,
  "lr": 0.0014645658635261906,
  "seed": 962287051.799263,
  "weight_decay": 6.019029795609928e-06
}