{
  "beta_1": 0.726535210789664,
  "beta_2": 0.44613841469607984,
  "epsilon": 2.3074211416801524e-08,
  "lr": 1.1811292013768748e-06,
  "seed": 1173743661,
  "weight_decay": 6.235244738501926e-05
}