{
  "beta_1": 0.9651450703709653,
  "beta_2": 0.42558478563256263,
  "epsilon": 0.00011622088903595482,
  "lr": 5.0438183853710665e-06,
  "seed": 357604475.27772564,
  "weight_decay": 0.006806958625605977
}