{
  "beta_1": 0.56496143556527,
  "beta_2": 0.13449054369764885,
  "epsilon": 1.8304670728768983e-05,
  "lr": 0.031538780145429005,
  "seed": 154346209,
  "weight_decay": 2.0443018324719845e-06
}