{
  "beta_1": 0.9846892995797348,
  "beta_2": 0.27786390248890164,
  "epsilon": 4.32212532253907e-09,
  "lr": 7.71566124575431e-05,
  "seed": 1833610264.9359639,
  "weight_decay": 1.0583988163464425e-07
}