{
  "beta_1": 0.3043507238753258,
  "beta_2": 0.19160666492422734,
  "epsilon": 3.1850349188665067e-09,
  "lr": 0.0005042211303928204,
  "seed": 1467763239.8484147,
  "weight_decay": 4.1917461909407724e-07
}