{
  "beta_1": 0.4374601308325926,
  "beta_2": 0.7038265762458892,
  "epsilon": 4.743581205847716e-09,
  "lr": 0.0448908522079477,
  "seed": 1138437625,
  "weight_decay": 0.0003508992668654968
}