{
  "beta_1": 0.6735286767287052,
  "beta_2": 0.8559310331525567,
  "epsilon": 1.0358503622398935e-09,
  "lr": 0.01854634087585689,
  "seed": 2134878424,
  "weight_decay": 4.158931835370558e-05
}