{
  "beta_1": 0.19336881397435918,
  "beta_2": 0.12219410353461463,
  "epsilon": 3.667539290623347e-07,
  "lr": 1.5589940465347603e-06,
  "seed": 1212274574,
  "weight_decay": 0.0008378970429859004
}