{
  "beta_1": 0.678789971288113,
  "beta_2": 0.8786536886585934,
  "epsilon": 8.244319811256703e-06,
  "lr": 3.2587036537164512e-06,
  "seed": 1492700,
  "weight_decay": 1.1197111945052702e-08
}