{
  "beta_1": 0.8211979533124024,
  "beta_2": 0.5130154422350452,
  "epsilon": 1.7955729169623468e-06,
  "lr": 0.012156171065857698,
  "seed": 1134584861,
  "weight_decay": 1.7714047810277313e-05
}