{
  "beta_1": 0.9262822967703569,
  "beta_2": 0.13769060052910154,
  "epsilon": 2.966239538814183e-09,
  "lr": 0.003272428410931743,
  "seed": 321699267,
  "weight_decay": 8.324242186218982e-07
}