{
  "beta_1": 0.25024595297528224,
  "beta_2": 0.3696369208978061,
  "epsilon": 9.412001915635605e-05,
  "lr": 0.005501658444023225,
  "seed": 969676891,
  "weight_decay": 0.0010520718128432009
}