{
  "beta_1": 0.22585612205353991,
  "beta_2": 0.14726847433337092,
  "epsilon": 1.0734001813817362e-08,
  "lr": 0.028301636443585083,
  "seed": 1065401960,
  "weight_decay": 9.616723191441876e-06
}