{
  "beta_1": 0.5665590253939903,
  "beta_2": 0.7607207979239704,
  "epsilon": 3.104370117694621e-10,
  "lr": 0.000606613984487707,
  "seed": 630787326,
  "weight_decay": 0.0016668617785177804
}