{
  "beta_1": 0.855785919080607,
  "beta_2": 0.57439042910282,
  "epsilon": 3.4157320335718255e-07,
  "lr": 2.395142783981665e-06,
  "seed": 1423139496,
  "weight_decay": 3.382816100814717e-05
}