{
  "beta_1": 0.4166660161996425,
  "beta_2": 0.11630227624762247,
  "epsilon": 5.21047382658475e-07,
  "lr": 0.004785612956069086,
  "seed": 1450355896,
  "weight_decay": 1.5339190964712525e-08
}