{
  "beta_1": 0.386546491723299,
  "beta_2": 0.7593956065969923,
  "epsilon": 5.3053319037523764e-05,
  "lr": 0.057990914433704396,
  "seed": 2138241053,
  "weight_decay": 3.6730204827480473e-07
}