{
  "beta_1": 0.19330537801568423,
  "beta_2": 0.27245877335217505,
  "epsilon": 0.0007173114999209521,
  "lr": 6.781249460186473e-05,
  "seed": 1951438890,
  "weight_decay": 1.016065097831017e-06
}