{
  "beta1": 0.10037502252855311,
  "beta2": 0.2837936669701691,
  "epsilon": 4.592640015822219e-06,
  "lr": 8.764736855225705e-05,
  "seed": 2096636253,
  "weight_decay": 1.5311833353607463e-07,
  "x_beta1": -6.225307976726896,
  "x_beta2": -1.632017895020462
}