{
  "beta_1": 0.15237795664631953,
  "beta_2": 0.44289452148617203,
  "epsilon": 1.3167090284798384e-09,
  "lr": 0.0148045813444627,
  "seed": 1785559093,
  "weight_decay": 0.0012925213370061288
}