{
  "beta_1": 0.7530820916648808,
  "beta_2": 0.8459179014407742,
  "epsilon": 0.0003829872205434086,
  "lr": 0.004569437287032088,
  "seed": 108280189,
  "weight_decay": 1.1576253884117582e-05
}