{
  "beta_1": 0.3832930010168145,
  "beta_2": 0.317660805306898,
  "epsilon": 2.9709469028743523e-09,
  "lr": 9.941484642931616e-05,
  "seed": 1243718630,
  "weight_decay": 1.2307484069677842e-05
}