{
  "beta_1": 0.8897648039733907,
  "beta_2": 0.21778248425129643,
  "epsilon": 8.062671346265519e-09,
  "lr": 2.178038894567366e-06,
  "seed": 616997557,
  "weight_decay": 0.0017476877860928255
}