{
  "beta_1": 0.9842371924214802,
  "beta_2": 0.3214251591317875,
  "epsilon": 0.00025724138970433473,
  "lr": 0.0024740389703169115,
  "seed": 1946245995,
  "weight_decay": 0.0062450971273184845
}