{
  "beta_1": 0.3776173172937718,
  "beta_2": 0.45650685731809637,
  "epsilon": 2.8831383927022945e-09,
  "lr": 1.692674782862774e-05,
  "seed": 728416891,
  "weight_decay": 8.923465591206336e-07
}