{
  "beta_1": 0.5397282120449293,
  "beta_2": 0.8284188971919063,
  "epsilon": 1.0100680039456438e-05,
  "lr": 0.010664489948668929,
  "seed": 1502829409,
  "weight_decay": 3.744824392992303e-07
}