{
  "beta_1": 0.7936412383621518,
  "beta_2": 0.3449799026553253,
  "epsilon": 0.0008609122677916123,
  "lr": 0.014797029477284774,
  "seed": 921599809,
  "weight_decay": 7.711761594813041e-08
}