{
  "beta1": 0.9988936145669078,
  "beta2": 0.297930190621029,
  "epsilon": 2.3226809344869944e-10,
  "lr": 0.00011205262655302561,
  "seed": 92619014,
  "weight_decay": 1.974034529779392e-08,
  "x_beta1": 9.041851308422038,
  "x_beta2": -1.2659760006132093
}