{
  "beta_1": 0.8734664390528517,
  "beta_2": 0.6822298465527961,
  "epsilon": 1.6657090172774836e-10,
  "lr": 0.0014644776585216817,
  "seed": 452543796.0317508,
  "weight_decay": 0.0014028241290556867
}