{
  "beta1": 0.10021013211507768,
  "beta2": 0.10164678028923886,
  "epsilon": 0.00011779901488256633,
  "lr": 0.0057154361749288075,
  "seed": 522893467,
  "weight_decay": 1.6046521105123827e-06,
  "x_beta1": -8.361068093971262,
  "x_beta2": -6.301629968700043
}