{
  "beta_1": 0.6943386299940112,
  "beta_2": 0.4486086591085835,
  "epsilon": 7.80252007034996e-08,
  "lr": 0.0003462909501233075,
  "seed": 1966857726,
  "weight_decay": 3.109695505652531e-07
}