{
  "beta_1": 0.48591880066998894,
  "beta_2": 0.2737497620814121,
  "epsilon": 1.6272924467482993e-09,
  "lr": 6.570401136858957e-06,
  "seed": 1363182802,
  "weight_decay": 4.6767962500666695e-06
}