{
  "beta_1": 0.3043013885872733,
  "beta_2": 0.39101792194913965,
  "epsilon": 1.2659745035796823e-09,
  "lr": 0.0001318632343695513,
  "seed": 1886206996.8497949,
  "weight_decay": 2.0932493658429189e-07
}