{
  "beta_1": 0.8486205843966054,
  "beta_2": 0.3192134211781284,
  "epsilon": 9.040641241675256e-06,
  "lr": 0.00015260096549099515,
  "seed": 389891056.69984317,
  "weight_decay": 0.00017445175366423047
}