{
  "beta_1": 0.3564413349986859,
  "beta_2": 0.282508615060743,
  "epsilon": 9.778727638226481e-08,
  "lr": 0.0021554772403272046,
  "seed": 132168315.87430018,
  "weight_decay": 3.0578596368308594e-06
}