{
  "beta_1": 0.3556722411883587,
  "beta_2": 0.6069177312174782,
  "epsilon": 2.484125845949515e-08,
  "lr": 4.4716244332050635e-05,
  "seed": 1693004630,
  "weight_decay": 5.171590770032424e-05
}