{
  "beta_1": 0.10567417373318103,
  "beta_2": 0.4204062346118511,
  "epsilon": 1.1989334121721633e-05,
  "lr": 3.076856007415209e-05,
  "seed": 2044239969,
  "weight_decay": 0.006764611633755381
}