{
  "beta_1": 0.39533729843321397,
  "beta_2": 0.9384563670367034,
  "epsilon": 1.0923262061457507e-08,
  "lr": 1.644485095996292e-05,
  "seed": 1270396737,
  "weight_decay": 0.0011159787011413135
}