{
  "beta_1": 0.8332488130162249,
  "beta_2": 0.5783644692707631,
  "epsilon": 7.337798899039659e-05,
  "lr": 0.04945834793761475,
  "seed": 1972274392.653235,
  "weight_decay": 4.3120361501779503e-07
}