{
  "beta_1": 0.4409161933623512,
  "beta_2": 0.41865306799565083,
  "epsilon": 3.6500908992729974e-07,
  "lr": 1.7326274013552076e-05,
  "seed": 139788190,
  "weight_decay": 0.009363784286475337
}