{
  "beta_1": 0.41106113771369224,
  "beta_2": 0.8994060912866886,
  "epsilon": 4.535404123596074e-09,
  "lr": 0.023534903629443032,
  "seed": 2001263229.747739,
  "weight_decay": 0.005955328711272421
}