{
  "beta_1": 0.7031681150697506,
  "beta_2": 0.10510773928748568,
  "epsilon": 6.158626278470299e-08,
  "lr": 6.820110378218342e-05,
  "seed": 582321869,
  "weight_decay": 1.0009178952911663e-05
}