{
  "beta_1": 0.5624983948736305,
  "beta_2": 0.46670523237679273,
  "epsilon": 1.8859503909930218e-07,
  "lr": 0.004436787057160362,
  "seed": 1639966292,
  "weight_decay": 0.00010930846229636943
}