{
  "beta_1": 0.39170280466399443,
  "beta_2": 0.20801565134648317,
  "epsilon": 4.015786605703399e-08,
  "lr": 0.09358123362659077,
  "seed": 621932365,
  "weight_decay": 1.8432013410218638e-07
}