{
  "beta_1": 0.24423174659711114,
  "beta_2": 0.43861016327769,
  "epsilon": 1.3049798881902484e-06,
  "lr": 0.0024114662114533233,
  "seed": 1415333269.61199,
  "weight_decay": 0.006981776416572458
}