{
  "beta_1": 0.515535061118933,
  "beta_2": 0.6510539435136566,
  "epsilon": 0.000290951776853221,
  "lr": 0.00012818779917971723,
  "seed": 1465411161,
  "weight_decay": 2.7311058458874342e-06
}