{
  "beta_1": 0.1589436502037892,
  "beta_2": 0.682366283716868,
  "epsilon": 0.00022192958126552524,
  "lr": 0.00018567912574287942,
  "seed": 1251985516,
  "weight_decay": 0.004073979546373647
}