{
  "beta_1": 0.31065684237633073,
  "beta_2": 0.31680639136517197,
  "epsilon": 3.999535896824919e-06,
  "lr": 0.004783885256714399,
  "seed": 1323700917,
  "weight_decay": 0.0004396094394539967
}