{
  "beta_1": 0.6495459847396807,
  "beta_2": 0.6068214253430904,
  "epsilon": 1.637801292201942e-05,
  "lr": 0.0019026338844480282,
  "seed": 144319678,
  "weight_decay": 0.006790217040117928
}