{
  "beta1": 0.8445637871032767,
  "beta2": 0.15672031798680386,
  "epsilon": 7.843334929696338e-05,
  "lr": 0.004584715370019354,
  "seed": 969676891,
  "weight_decay": 0.001315089766054001,
  "x_beta1": 1.57301737665151,
  "x_beta2": -2.6990475927491033
}