{
  "beta1": 0.9989637691314817,
  "beta2": 0.11786342857312312,
  "epsilon": 0.00017394325838873798,
  "lr": 0.0005002368428282974,
  "seed": 1536638274,
  "weight_decay": 2.392672075190009e-05,
  "x_beta1": 10.119086534373212,
  "x_beta2": -3.8994779929456005
}