{
  "beta_1": 0.20989051384233076,
  "beta_2": 0.909384723723871,
  "epsilon": 0.0001135287905872814,
  "lr": 0.009777001108921067,
  "seed": 1471594021,
  "weight_decay": 1.6609983852360928e-07
}