{
  "beta_1": 0.15866428967164334,
  "beta_2": 0.5590250206959907,
  "epsilon": 9.424646735618766e-05,
  "lr": 0.0007905782217167621,
  "seed": 135121132,
  "weight_decay": 6.771672391316651e-05
}