{
  "beta_1": 0.9868706298369296,
  "beta_2": 0.8937243468759953,
  "epsilon": 1.1021748801963074e-07,
  "lr": 0.0005219268510369535,
  "seed": 833446797.9690933,
  "weight_decay": 1.746980373792082e-08
}