{
  "beta_1": 0.45029639408675404,
  "beta_2": 0.564315795552647,
  "epsilon": 2.4015264672070267e-05,
  "lr": 0.0007829632780370518,
  "seed": 1125405408,
  "weight_decay": 0.00220988819405246
}