{
  "beta_1": 0.7881137626241577,
  "beta_2": 0.9684025069282822,
  "epsilon": 7.700338431049346e-05,
  "lr": 0.013544633037902192,
  "seed": 965094761,
  "weight_decay": 0.001632052246757126
}