{
  "beta_1": 0.2495334403801647,
  "beta_2": 0.6488927588108793,
  "epsilon": 2.00104087552628e-08,
  "lr": 7.421089251637733e-05,
  "seed": 1531839948.9227846,
  "weight_decay": 2.476902636785394e-07
}