{
  "beta_1": 0.4049386178835672,
  "beta_2": 0.969202477062839,
  "epsilon": 5.706927251703447e-09,
  "lr": 0.0009643958344277121,
  "seed": 921955750.5036798,
  "weight_decay": 8.940643884052284e-08
}