{
  "beta_1": 0.9800721389403025,
  "beta_2": 0.888841704993321,
  "epsilon": 9.941598726853706e-10,
  "lr": 2.33806954576391e-05,
  "seed": 1016774281,
  "weight_decay": 5.847430489872569e-07
}