{
  "beta_1": 0.3812968371133917,
  "beta_2": 0.8284657545739014,
  "epsilon": 1.3713543190620109e-05,
  "lr": 0.0032766492398271863,
  "seed": 273990503.05264527,
  "weight_decay": 0.0017868310627418176
}