{
  "beta_1": 0.8824374699756188,
  "beta_2": 0.8011501667827131,
  "epsilon": 1.6449591378843192e-08,
  "lr": 0.001654448436825183,
  "seed": 1258869134.7213602,
  "weight_decay": 0.005583928413935879
}