{
  "beta_1": 0.7393189542344605,
  "beta_2": 0.766619987487579,
  "epsilon": 1.75549233319225e-08,
  "lr": 0.0023156504026338363,
  "seed": 1170688876,
  "weight_decay": 8.029659094029261e-05
}