{
  "beta_1": 0.6342459876886085,
  "beta_2": 0.9708272103193074,
  "epsilon": 2.5054868465500226e-10,
  "lr": 0.06975933696346463,
  "seed": 1774393794,
  "weight_decay": 2.7815771124956625e-07
}