{
  "beta_1": 0.6018448447342257,
  "beta_2": 0.29575755413243143,
  "epsilon": 1.7911191392294894e-08,
  "lr": 1.616766750917862e-06,
  "seed": 393155827,
  "weight_decay": 3.5305828928710266e-07
}