{
  "beta_1": 0.6684012092192417,
  "beta_2": 0.4900478737387417,
  "epsilon": 2.362580994755125e-08,
  "lr": 0.0010621867160891935,
  "seed": 899457151,
  "weight_decay": 1.3712394809241092e-08
}