{
  "beta1": 0.9988436937387137,
  "beta2": 0.9997421955443988,
  "epsilon": 4.9434855250104445e-09,
  "lr": 1.0474913065113766e-05,
  "seed": 1629100420,
  "weight_decay": 3.442973293852265e-05,
  "x_beta1": 12.466147875105406,
  "x_beta2": 1.6410419477069542
}