{
  "beta_1": 0.7607176405748822,
  "beta_2": 0.2917961411403013,
  "epsilon": 1.35647244371125e-06,
  "lr": 2.1298482894396377e-06,
  "seed": 1389025036.5884643,
  "weight_decay": 2.9841865697128926e-05
}