{
  "beta_1": 0.5634903673596907,
  "beta_2": 0.9047212019222153,
  "epsilon": 1.07838219857504e-08,
  "lr": 3.5264196209924935e-05,
  "seed": 386740164,
  "weight_decay": 0.000990993675339988
}