{
  "beta_1": 0.22783360346756615,
  "beta_2": 0.48612447058052877,
  "epsilon": 6.1024700230462215e-06,
  "lr": 0.0009127774466173303,
  "seed": 1489437269.9590096,
  "weight_decay": 0.009939485435155104
}