{
  "beta_1": 0.2232776910634509,
  "beta_2": 0.21486496430958069,
  "epsilon": 3.950272528198943e-08,
  "lr": 6.66005817895615e-06,
  "seed": 77533017,
  "weight_decay": 3.50662991969988e-08
}