{
  "beta_1": 0.5778028379391549,
  "beta_2": 0.7296219335352729,
  "epsilon": 0.00028603427105647285,
  "lr": 0.02322647693342784,
  "seed": 1513640206,
  "weight_decay": 5.657505091553021e-07
}