{
  "beta_1": 0.44211659075106857,
  "beta_2": 0.6091974163840295,
  "epsilon": 3.6346141032951336e-05,
  "lr": 0.008509772421817455,
  "seed": 2024178025.4576097,
  "weight_decay": 0.0014338659279210994
}