{
  "beta_1": 0.6294827931314688,
  "beta_2": 0.5936710451472577,
  "epsilon": 9.305854823811624e-08,
  "lr": 0.00435966261167831,
  "seed": 1230285486,
  "weight_decay": 2.6295540066130984e-08
}