{
  "beta_1": 0.38429843682733744,
  "beta_2": 0.9817712467171874,
  "epsilon": 1.361781817685462e-05,
  "lr": 0.0013101904165587744,
  "seed": 1444049922.562919,
  "weight_decay": 2.9093748891055752e-08
}