{
  "beta_1": 0.4470674694643021,
  "beta_2": 0.9622255438862338,
  "epsilon": 5.565428049833101e-09,
  "lr": 0.0011568656538203444,
  "seed": 198003243.62225792,
  "weight_decay": 0.00041571470408910996
}