{
  "beta_1": 0.4280804264327649,
  "beta_2": 0.18428480402393593,
  "epsilon": 2.838439453938412e-06,
  "lr": 0.003894058798116524,
  "seed": 2094059016.4641123,
  "weight_decay": 4.2087679717489486e-05
}