{
  "beta_1": 0.8766968406592992,
  "beta_2": 0.41877464584665725,
  "epsilon": 0.0003174202601263552,
  "lr": 0.007604158314790742,
  "seed": 1823288430,
  "weight_decay": 0.009499081432807593
}