{
  "beta_1": 0.8032920894810041,
  "beta_2": 0.6982147552180253,
  "epsilon": 0.00019049339566031914,
  "lr": 4.977833595942349e-06,
  "seed": 69229360,
  "weight_decay": 1.0077047158021313e-05
}