{
  "beta_1": 0.4457364062086919,
  "beta_2": 0.385735158112929,
  "epsilon": 3.2905175126386934e-07,
  "lr": 2.2216070102452028e-06,
  "seed": 1646783210,
  "weight_decay": 0.00053355241667226
}