{
  "beta_1": 0.22182103861822816,
  "beta_2": 0.7963411546192116,
  "epsilon": 2.1621200240081046e-08,
  "lr": 0.0020183209618361325,
  "seed": 1299363085,
  "weight_decay": 0.00021764092910700635
}