{
  "beta_1": 0.3158410275067014,
  "beta_2": 0.9195511142665123,
  "epsilon": 1.2116669009972863e-05,
  "lr": 0.0007105843239658103,
  "seed": 796225992.383438,
  "weight_decay": 0.003638423980768452
}