{
  "beta_1": 0.67507258588182,
  "beta_2": 0.5376224708402915,
  "epsilon": 1.048945491005888e-05,
  "lr": 0.004973323182141822,
  "seed": 1891546239,
  "weight_decay": 4.4195868442745254e-05
}