{
  "beta_1": 0.1833080128247539,
  "beta_2": 0.743138522293634,
  "epsilon": 3.878135601843862e-09,
  "lr": 4.74999199297906e-05,
  "seed": 1339142179.6750948,
  "weight_decay": 1.8148106608432018e-07
}