{
  "beta_1": 0.6631567639183991,
  "beta_2": 0.3967406417276166,
  "epsilon": 8.069656034329266e-09,
  "lr": 0.0004192211346267686,
  "seed": 1044813789,
  "weight_decay": 1.489469734556993e-07
}