{
  "beta_1": 0.45768535247991327,
  "beta_2": 0.8367266750177549,
  "epsilon": 5.0543635627450205e-06,
  "lr": 0.00034373676870931655,
  "seed": 2050762804.8554392,
  "weight_decay": 0.0013974199891572643
}