{
  "beta_1": 0.47451574382984174,
  "beta_2": 0.3783695476200001,
  "epsilon": 3.5846783371650734e-06,
  "lr": 0.0011499308726417913,
  "seed": 63202804,
  "weight_decay": 1.7632187887888884e-07
}