{
  "beta_1": 0.4582700525007446,
  "beta_2": 0.7946722958899612,
  "epsilon": 1.4337969472397704e-06,
  "lr": 0.021057967066204605,
  "seed": 1099172765,
  "weight_decay": 0.00014771543707402544
}