{
  "beta_1": 0.23082716975633605,
  "beta_2": 0.8043579035604794,
  "epsilon": 9.727366213343205e-09,
  "lr": 3.4114571638683856e-05,
  "seed": 116613670,
  "weight_decay": 2.2148446190392185e-05
}