{
  "beta_1": 0.4283079997231599,
  "beta_2": 0.9145058790069415,
  "epsilon": 7.249533816944338e-08,
  "lr": 0.0019751598022238223,
  "seed": 1054929289.7136583,
  "weight_decay": 3.847875460898377e-08
}