{
  "beta_1": 0.6908351624189432,
  "beta_2": 0.5300680871157716,
  "epsilon": 9.971695140354002e-07,
  "lr": 8.510092832519563e-05,
  "seed": 681058058,
  "weight_decay": 1.0143858417472623e-07
}