{
  "beta_1": 0.5880636995578914,
  "beta_2": 0.6327620819061831,
  "epsilon": 0.000610308703011812,
  "lr": 0.0012558099578106649,
  "seed": 2125996477.2280123,
  "weight_decay": 0.00023531333107336505
}