{
  "beta_1": 0.15718966228528164,
  "beta_2": 0.8395112264919263,
  "epsilon": 5.13297402899737e-07,
  "lr": 0.0004514009131399595,
  "seed": 736294153.6680092,
  "weight_decay": 1.7316850261160763e-07
}