{
  "beta_1": 0.44215014679868303,
  "beta_2": 0.7733330908484638,
  "epsilon": 5.225814733392424e-06,
  "lr": 0.02324227954202368,
  "seed": 697430259,
  "weight_decay": 1.7986494260263928e-07
}