{
  "beta_1": 0.33744888048547816,
  "beta_2": 0.4353161563073684,
  "epsilon": 0.00020301722440412175,
  "lr": 0.0011685152639191966,
  "seed": 434676249.6702622,
  "weight_decay": 0.004742586031770622
}