{
  "beta_1": 0.6067154932677113,
  "beta_2": 0.6074970435196001,
  "epsilon": 2.680515599250995e-08,
  "lr": 1.094537398084892e-05,
  "seed": 1588143331.294384,
  "weight_decay": 0.001557238281814513
}