{
  "beta1": 0.9965416506965656,
  "beta2": 0.9920410979329497,
  "epsilon": 6.403023501754519e-05,
  "lr": 0.00023123900717384206,
  "seed": 1112250308,
  "weight_decay": 0.0007169425348130501,
  "x_beta1": 5.899054641343531,
  "x_beta2": 4.731865294876313
}