{
  "beta_1": 0.2714423293174342,
  "beta_2": 0.5836592406842751,
  "epsilon": 3.6847538737776945e-06,
  "lr": 0.02266501137195445,
  "seed": 2057417723,
  "weight_decay": 0.0027123909297104374
}