{
  "beta_1": 0.39566497887611074,
  "beta_2": 0.47285856867975795,
  "epsilon": 5.077252876146109e-09,
  "lr": 4.092151021738432e-06,
  "seed": 834508812,
  "weight_decay": 0.007992134000038289
}