{
  "beta_1": 0.11680285387091915,
  "beta_2": 0.9798937370909727,
  "epsilon": 8.427162349479097e-07,
  "lr": 0.0010674368590673326,
  "seed": 611056446.3608357,
  "weight_decay": 0.00014407769552554815
}