{
  "beta_1": 0.8748327593390632,
  "beta_2": 0.816479202155942,
  "epsilon": 6.503436823540091e-05,
  "lr": 0.0010397443602129957,
  "seed": 64482564,
  "weight_decay": 2.7388529662565033e-08
}