{
  "beta1": 0.10000485696032989,
  "beta2": 0.11647895991406816,
  "epsilon": 5.932397876647477e-09,
  "lr": 6.669120357469751e-05,
  "seed": 658184380,
  "weight_decay": 3.80595371471344e-08,
  "x_beta1": -12.128620115100395,
  "x_beta2": -3.981717505567234
}