{
  "beta_1": 0.706304215674201,
  "beta_2": 0.45807228387028076,
  "epsilon": 1.7496113172056753e-09,
  "lr": 0.0006081099410129898,
  "seed": 1244037899,
  "weight_decay": 2.305655100014978e-05
}