{
  "beta_1": 0.6217944089417354,
  "beta_2": 0.4435384241086837,
  "epsilon": 9.804681380897709e-05,
  "lr": 4.735748606157124e-06,
  "seed": 887643226.175467,
  "weight_decay": 0.0012635379118412832
}