{
  "beta_1": 0.1581657121795623,
  "beta_2": 0.3029596449029248,
  "epsilon": 1.5269973561439446e-08,
  "lr": 0.000280357221995438,
  "seed": 1085736482,
  "weight_decay": 1.6795580830959366e-07
}