{
  "beta_1": 0.502896037524177,
  "beta_2": 0.2405250873034478,
  "epsilon": 3.2144705813912824e-06,
  "lr": 2.9494111890126673e-06,
  "seed": 1065579059,
  "weight_decay": 2.0956492237292205e-07
}