{
  "beta_1": 0.650043911146582,
  "beta_2": 0.7662340100947374,
  "epsilon": 0.00018286554479315635,
  "lr": 0.08154356859812563,
  "seed": 1250278956,
  "weight_decay": 1.6141751538669459e-07
}