{
  "beta_1": 0.5495669664181705,
  "beta_2": 0.963077799090891,
  "epsilon": 9.798153563142883e-08,
  "lr": 0.0015204690207718018,
  "seed": 954830744.7712815,
  "weight_decay": 1.7804013180618678e-06
}