{
  "beta_1": 0.5335742356634546,
  "beta_2": 0.26458248012180463,
  "epsilon": 2.2759994644725622e-05,
  "lr": 0.0006504806535332132,
  "seed": 1412825408,
  "weight_decay": 2.040801098835414e-05
}