{
  "beta_1": 0.7927041908591866,
  "beta_2": 0.6758492644022557,
  "epsilon": 5.670599788244792e-05,
  "lr": 0.0065065546174967424,
  "seed": 822381358.954249,
  "weight_decay": 0.009475408357135819
}