{
  "beta_1": 0.98990883122467,
  "beta_2": 0.5351756005942596,
  "epsilon": 8.821856913099263e-07,
  "lr": 1.0556448152389886e-06,
  "seed": 918796943,
  "weight_decay": 3.7883789214043736e-08
}