{
  "beta_1": 0.4062141783895409,
  "beta_2": 0.3530460687923632,
  "epsilon": 2.918130881551439e-06,
  "lr": 0.027109985742536275,
  "seed": 1521366406,
  "weight_decay": 1.1804613372634355e-08
}