{
  "beta_1": 0.238412511224962,
  "beta_2": 0.4938809500633261,
  "epsilon": 1.4195877949926931e-05,
  "lr": 0.0028929781641412263,
  "seed": 1069475800,
  "weight_decay": 0.005094982418647764
}