{
  "beta_1": 0.34110543830854806,
  "beta_2": 0.39502077074106384,
  "epsilon": 6.77465944546026e-05,
  "lr": 0.0021520389702576652,
  "seed": 1446119642,
  "weight_decay": 0.0004967744429460025
}