{
  "beta1": 0.10000592266749321,
  "beta2": 0.999738839744419,
  "epsilon": 5.161369078234398e-09,
  "lr": 0.0002960652504016936,
  "seed": 2139184216,
  "weight_decay": 1.5244158665881525e-06,
  "x_beta1": -1.5167325074191087,
  "x_beta2": 10.35295269111496
}