{
  "beta_1": 0.8619238950110489,
  "beta_2": 0.2737050720452342,
  "epsilon": 1.1073851771757728e-07,
  "lr": 1.7764951369761936e-06,
  "seed": 863684716,
  "weight_decay": 6.144543557662879e-07
}