{
  "beta_1": 0.7480910090067151,
  "beta_2": 0.5217047224134549,
  "epsilon": 2.4742541450466538e-09,
  "lr": 0.00030296051826122545,
  "seed": 910888838,
  "weight_decay": 1.4607561710054191e-05
}