{
  "beta_1": 0.7884422306725689,
  "beta_2": 0.3654223781597704,
  "epsilon": 1.978353432579413e-05,
  "lr": 0.00883021871567171,
  "seed": 712677452.0046778,
  "weight_decay": 1.3589120961295444e-07
}