{
  "beta_1": 0.29095656260886144,
  "beta_2": 0.9164804849048465,
  "epsilon": 5.759331691427883e-06,
  "lr": 0.004592529846445823,
  "seed": 1323700917,
  "weight_decay": 0.0004220250618758369
}