{
  "beta1": 0.1003619227847676,
  "beta2": 0.10108244214428032,
  "epsilon": 2.5451080964436792e-08,
  "lr": 0.00031907316986400786,
  "seed": 568479238,
  "weight_decay": 0.0006513116760175181,
  "x_beta1": -7.817204761325631,
  "x_beta2": -6.72186034182144
}