{
  "beta_1": 0.41999964936003753,
  "beta_2": 0.6929163659476759,
  "epsilon": 0.0005082540554471472,
  "lr": 0.004143756975492225,
  "seed": 405107074,
  "weight_decay": 8.298059257121417e-05
}