{
  "beta_1": 0.46367516982994794,
  "beta_2": 0.9737905112476012,
  "epsilon": 8.069656034329266e-09,
  "lr": 1.0704540776439661e-05,
  "seed": 1044813789,
  "weight_decay": 3.163524884999374e-05
}