{
  "beta_1": 0.31647392423107834,
  "beta_2": 0.8714461553576769,
  "epsilon": 1.7693516775745265e-08,
  "lr": 0.0008348278757844441,
  "seed": 1650082446,
  "weight_decay": 9.765063528271392e-06
}