{
  "beta_1": 0.8261085024205236,
  "beta_2": 0.5587308672393215,
  "epsilon": 1.1917449383993923e-06,
  "lr": 0.0007116918891150952,
  "seed": 1998589457.9360943,
  "weight_decay": 2.5620006432536945e-06
}