{
  "beta_1": 0.5237485236485965,
  "beta_2": 0.6625912722147743,
  "epsilon": 2.4271375730869553e-10,
  "lr": 1.0040147335928097e-05,
  "seed": 970770740,
  "weight_decay": 3.778378742603958e-08
}