{
  "beta_1": 0.6920379075612954,
  "beta_2": 0.5835057144311141,
  "epsilon": 4.1311342271121836e-07,
  "lr": 0.00013544853366817192,
  "seed": 1575355018,
  "weight_decay": 0.0026414612491236717
}