{
  "beta_1": 0.3400703028349311,
  "beta_2": 0.2691334869578723,
  "epsilon": 2.145606865927085e-08,
  "lr": 9.117599483188259e-06,
  "seed": 239184353.83325863,
  "weight_decay": 1.626318859287612e-06
}