{
  "beta_1": 0.8870744270375795,
  "beta_2": 0.6468055346571837,
  "epsilon": 6.17971277159933e-10,
  "lr": 1.1798785623558653e-06,
  "seed": 476173028,
  "weight_decay": 1.6914538166872825e-05
}