{
  "beta_1": 0.16701488187401037,
  "beta_2": 0.4939542045992493,
  "epsilon": 4.295182785774771e-10,
  "lr": 0.00013391538908414852,
  "seed": 1775216799.9495292,
  "weight_decay": 8.653822753563511e-07
}