{
  "beta_1": 0.4805436254433031,
  "beta_2": 0.48299921057659523,
  "epsilon": 0.0003708102317179938,
  "lr": 0.0036677722960154835,
  "seed": 969676891,
  "weight_decay": 5.3107165784637264e-05
}