{
  "beta_1": 0.7504117423779084,
  "beta_2": 0.19659154300783224,
  "epsilon": 1.1646616980757639e-08,
  "lr": 0.002464164517034697,
  "seed": 455175813,
  "weight_decay": 5.757533562136682e-06
}