{
  "beta_1": 0.26786974597613494,
  "beta_2": 0.2545852450010578,
  "epsilon": 4.745918301317982e-09,
  "lr": 5.335296285975801e-05,
  "seed": 658184380,
  "weight_decay": 0.0023942896363002655
}