{
  "beta_1": 0.867388246119843,
  "beta_2": 0.4568777025607552,
  "epsilon": 2.5001447018082412e-06,
  "lr": 0.004702915889893701,
  "seed": 1068417607.9860048,
  "weight_decay": 0.0034039907958404534
}