{
  "beta_1": 0.19159408657721577,
  "beta_2": 0.9286875104155292,
  "epsilon": 4.918618939996735e-07,
  "lr": 2.6267325352902075e-05,
  "seed": 256095460,
  "weight_decay": 0.007766800946365191
}