{
  "beta_1": 0.780550832608224,
  "beta_2": 0.8634999903158249,
  "epsilon": 3.386889114083729e-09,
  "lr": 0.0002741850542446992,
  "seed": 1416259783.9128888,
  "weight_decay": 2.140985360391361e-05
}