{
  "beta_1": 0.10133757844885635,
  "beta_2": 0.2348623943610392,
  "epsilon": 1.0020329527884208e-07,
  "lr": 0.0067693116159307735,
  "seed": 2132573269,
  "weight_decay": 2.309199035282548e-07
}