{
  "beta_1": 0.23002999723606382,
  "beta_2": 0.4193455192428086,
  "epsilon": 4.1225012852747035e-10,
  "lr": 0.025875044441062183,
  "seed": 1000041880,
  "weight_decay": 0.000557039832330089
}