{
  "beta_1": 0.9379907826073618,
  "beta_2": 0.44000279026885536,
  "epsilon": 1.2006661194635974e-08,
  "lr": 7.114319614288071e-05,
  "seed": 1451506658.3842974,
  "weight_decay": 1.569493102216217e-05
}