{
  "beta_1": 0.6712036233385739,
  "beta_2": 0.39577315252370604,
  "epsilon": 0.00021644394559649062,
  "lr": 0.02019159441005736,
  "seed": 2144411375,
  "weight_decay": 2.0726781586868097e-06
}