{
  "beta1": 0.8844905775645487,
  "beta2": 0.9998103049413828,
  "epsilon": 2.4215734704554036e-07,
  "lr": 0.004395750799188326,
  "seed": 131659844,
  "weight_decay": 3.239850928360218e-07,
  "x_beta1": 1.9243774497271442,
  "x_beta2": 9.213523568134525
}