{
  "beta_1": 0.5990422731685364,
  "beta_2": 0.631478531862957,
  "epsilon": 8.11355116881142e-06,
  "lr": 2.538791944751383e-06,
  "seed": 352594215,
  "weight_decay": 0.0011700793851264109
}