{
  "beta_1": 0.8054542297173681,
  "beta_2": 0.5348233136608889,
  "epsilon": 3.9461998456898044e-09,
  "lr": 0.005145889981437709,
  "seed": 814937743.7397262,
  "weight_decay": 4.511815240798861e-08
}