{
  "beta_1": 0.8439634107170774,
  "beta_2": 0.6836939226190222,
  "epsilon": 2.4627815999211625e-06,
  "lr": 8.036640655057848e-05,
  "seed": 408625915.8926555,
  "weight_decay": 0.0024218502250319264
}