{
  "beta_1": 0.5934381195135301,
  "beta_2": 0.6754890163251234,
  "epsilon": 1.0025747516783856e-05,
  "lr": 0.017140151483228498,
  "seed": 420412742,
  "weight_decay": 5.1912762877671234e-08
}