{
  "beta_1": 0.7246222416553347,
  "beta_2": 0.23346276798674423,
  "epsilon": 9.562286577977758e-05,
  "lr": 0.009263924140344477,
  "seed": 266766953,
  "weight_decay": 2.944707766424691e-07
}