{
  "beta_1": 0.6928170240711718,
  "beta_2": 0.6268790007074277,
  "epsilon": 4.0136665689175865e-05,
  "lr": 0.0011506523186731378,
  "seed": 198801717,
  "weight_decay": 0.0020594834512817455
}