{
  "beta_1": 0.3419209256812026,
  "beta_2": 0.39543454643601494,
  "epsilon": 4.599553527577068e-08,
  "lr": 0.002147766700727374,
  "seed": 102563815.82023714,
  "weight_decay": 2.401386739838018e-05
}