{
  "beta_1": 0.7307318763229644,
  "beta_2": 0.6811380156996932,
  "epsilon": 7.203275508112112e-09,
  "lr": 0.00027454859578913114,
  "seed": 2021818117.9177709,
  "weight_decay": 1.0912202739036342e-05
}