{
  "beta_1": 0.517779683367525,
  "beta_2": 0.4459853504172423,
  "epsilon": 4.331797488061537e-07,
  "lr": 0.003741756041879903,
  "seed": 1689720668,
  "weight_decay": 0.0005249188760411558
}