{
  "beta_1": 0.5776786569635811,
  "beta_2": 0.6266400580041438,
  "epsilon": 1.1927074685331056e-05,
  "lr": 0.005320055297091081,
  "seed": 564874517.5024773,
  "weight_decay": 0.0012389736383897777
}