{
  "beta_1": 0.6636290871407939,
  "beta_2": 0.2501273859995734,
  "epsilon": 1.127535055551236e-09,
  "lr": 0.0001356517096440122,
  "seed": 206177780,
  "weight_decay": 0.00020792830015195794
}