{
  "beta_1": 0.5852168421436612,
  "beta_2": 0.34408803721725945,
  "epsilon": 3.880580878248077e-09,
  "lr": 0.0002863562704547245,
  "seed": 570551040.0005628,
  "weight_decay": 0.008643978563970717
}