{
  "beta_1": 0.7640737870022343,
  "beta_2": 0.6954020791169107,
  "epsilon": 3.019643984114602e-10,
  "lr": 0.0008501905658318925,
  "seed": 1823942593.4026215,
  "weight_decay": 0.0014648395507829536
}