{
  "beta_1": 0.5046147939672294,
  "beta_2": 0.40646482316975885,
  "epsilon": 5.198054804012025e-06,
  "lr": 0.004893641021055704,
  "seed": 281743168,
  "weight_decay": 4.184181829102229e-08
}