{
  "beta_1": 0.9266426162026784,
  "beta_2": 0.6758902034351969,
  "epsilon": 3.1361533365854504e-06,
  "lr": 0.0005383508913235312,
  "seed": 443630247.1753946,
  "weight_decay": 4.519380573532397e-06
}