{
  "beta_1": 0.4011913444596874,
  "beta_2": 0.8046981429409188,
  "epsilon": 0.0002768719554138509,
  "lr": 0.00023083457138589616,
  "seed": 93661349,
  "weight_decay": 4.6222567038077296e-07
}