{
  "beta_1": 0.9555929460185563,
  "beta_2": 0.1390365370337026,
  "epsilon": 1.1968173465062823e-06,
  "lr": 0.012751480949376217,
  "seed": 831252475,
  "weight_decay": 0.00011093360496027488
}