{
  "beta_1": 0.6759271798844418,
  "beta_2": 0.8594060985778239,
  "epsilon": 2.428405782909831e-07,
  "lr": 0.0013215980572374576,
  "seed": 1163785555.0202367,
  "weight_decay": 1.0764943321794898e-08
}