{
  "beta_1": 0.9680250562929139,
  "beta_2": 0.9860276104895395,
  "epsilon": 3.2589692401946094e-07,
  "lr": 0.013070803263332634,
  "seed": 356762581,
  "weight_decay": 9.150545185541272e-06
}