{
  "beta_1": 0.20678757174530205,
  "beta_2": 0.7474896284655391,
  "epsilon": 7.618623117042292e-10,
  "lr": 0.036196058024869575,
  "seed": 1170601247,
  "weight_decay": 7.78660932081773e-07
}