{
  "beta_1": 0.5628434272706452,
  "beta_2": 0.5296355234801492,
  "epsilon": 0.0005241080174935054,
  "lr": 0.0043907620451988935,
  "seed": 602762933.8008462,
  "weight_decay": 0.0003660164434008926
}