{
  "beta1": 0.9988364802343633,
  "beta2": 0.199310103886036,
  "epsilon": 5.2011736005843994e-09,
  "lr": 0.007428407535559687,
  "seed": 326851684,
  "weight_decay": 3.408228964975252e-08,
  "x_beta1": 8.611922532405329,
  "x_beta2": -2.0871015090935643
}