{
  "beta_1": 0.7203735421625134,
  "beta_2": 0.2546232018072331,
  "epsilon": 2.470475116459282e-06,
  "lr": 0.026774218107882705,
  "seed": 1497411499.9732423,
  "weight_decay": 0.0012429186431079427
}