{
  "beta_1": 0.3673404386335348,
  "beta_2": 0.7454656460201201,
  "epsilon": 6.317699204684442e-10,
  "lr": 1.0676570125833652e-06,
  "seed": 1315485769.307293,
  "weight_decay": 2.7072184979053988e-06
}