{
  "beta_1": 0.807742593476408,
  "beta_2": 0.34742546129323854,
  "epsilon": 4.1516770643511635e-07,
  "lr": 0.000522504187203032,
  "seed": 63149234,
  "weight_decay": 2.9680823890149114e-08
}