{
  "beta_1": 0.5457455153862107,
  "beta_2": 0.913046707167149,
  "epsilon": 0.00021974154127901477,
  "lr": 0.0011294858469322285,
  "seed": 1278478449,
  "weight_decay": 0.0043277083742943164
}