{
  "beta_1": 0.6071202194800561,
  "beta_2": 0.3715348206390653,
  "epsilon": 7.773617013644247e-06,
  "lr": 7.375226310095207e-05,
  "seed": 372945886,
  "weight_decay": 1.3388981070239844e-06
}