{
  "beta_1": 0.1370959848367762,
  "beta_2": 0.8587809844623806,
  "epsilon": 8.215621238191307e-10,
  "lr": 0.015464319584875864,
  "seed": 219009713,
  "weight_decay": 1.247252947143993e-05
}