{
  "beta_1": 0.1925533606119763,
  "beta_2": 0.724966502167434,
  "epsilon": 2.2707223722237814e-06,
  "lr": 2.474157970410428e-06,
  "seed": 390893596,
  "weight_decay": 1.677905927100772e-08
}