{
  "beta_1": 0.9076071971049928,
  "beta_2": 0.8683832898286238,
  "epsilon": 1.8108867816777007e-08,
  "lr": 1.0012180012496945e-06,
  "seed": 1713247801,
  "weight_decay": 0.00011031331826865676
}