{
  "beta_1": 0.5124177009841259,
  "beta_2": 0.5234175372117659,
  "epsilon": 6.474105280782149e-09,
  "lr": 2.09665237868272e-06,
  "seed": 1858986473,
  "weight_decay": 7.368166456933155e-07
}