{
  "beta_1": 0.7376466477826464,
  "beta_2": 0.20047993144746823,
  "epsilon": 2.500698924421065e-07,
  "lr": 3.6978893210870037e-06,
  "seed": 432438347,
  "weight_decay": 0.00010851789604856014
}