{
  "beta_1": 0.8267188124191795,
  "beta_2": 0.9144010634838304,
  "epsilon": 3.4305959386218335e-10,
  "lr": 0.0016497369685997936,
  "seed": 747654798.4795464,
  "weight_decay": 0.0009752405450448191
}