{
  "beta_1": 0.9206778473941982,
  "beta_2": 0.16735975448047258,
  "epsilon": 1.198391022270709e-10,
  "lr": 0.007766500054243167,
  "seed": 1916214061,
  "weight_decay": 0.00011456166746289225
}