{
  "beta_1": 0.3900068130550356,
  "beta_2": 0.4009857563294854,
  "epsilon": 1.1356702359941546e-05,
  "lr": 0.0034715737969694713,
  "seed": 1069475800,
  "weight_decay": 0.004075985934918211
}