{
  "beta_1": 0.36529777088616555,
  "beta_2": 0.8881419926535199,
  "epsilon": 6.787363185133276e-06,
  "lr": 0.0009230866929575638,
  "seed": 643914757,
  "weight_decay": 2.588347927308732e-06
}