{
  "beta_1": 0.39813883134755856,
  "beta_2": 0.9799996347769778,
  "epsilon": 3.6204948744182057e-07,
  "lr": 0.00020582457924440267,
  "seed": 2063123914,
  "weight_decay": 4.146754211168821e-06
}