{
  "beta_1": 0.21967529351254922,
  "beta_2": 0.5969987909750093,
  "epsilon": 1.3279115744426688e-09,
  "lr": 9.896555746689748e-06,
  "seed": 1307228780.0457776,
  "weight_decay": 1.717978486431088e-05
}