{
  "beta1": 0.1003619227847676,
  "beta2": 0.10108244214428032,
  "epsilon": 3.054129715732415e-08,
  "lr": 0.0003828878038368094,
  "seed": 568479238,
  "weight_decay": 0.0007815740112210218,
  "x_beta1": -9.380645713590757,
  "x_beta2": -5.3774882734571525
}