{
  "beta_1": 0.7486969355899343,
  "beta_2": 0.7710837533473098,
  "epsilon": 3.1557349239572093e-10,
  "lr": 0.00013447082450607076,
  "seed": 2139184216,
  "weight_decay": 0.0003153498074497463
}