{
  "beta_1": 0.9258506007096408,
  "beta_2": 0.8895334978115389,
  "epsilon": 2.7113293840113853e-08,
  "lr": 0.0038322408068373927,
  "seed": 1610484328.8296425,
  "weight_decay": 3.06148228720725e-08
}