{
  "beta_1": 0.2929609145703488,
  "beta_2": 0.2116003216864098,
  "epsilon": 5.238073339843202e-06,
  "lr": 0.00013890763504450585,
  "seed": 677261997,
  "weight_decay": 2.55179073446759e-07
}