{
  "beta_1": 0.40391277524677627,
  "beta_2": 0.7826200604539134,
  "epsilon": 2.563114566671862e-05,
  "lr": 6.673229989402422e-05,
  "seed": 1407780554,
  "weight_decay": 2.6578102124660625e-06
}