{
  "beta_1": 0.8002545594469452,
  "beta_2": 0.6004332174136235,
  "epsilon": 6.429234465904605e-08,
  "lr": 0.007295759228374963,
  "seed": 438264924,
  "weight_decay": 9.881813485583047e-05
}