{
  "beta1": 0.7838010130526419,
  "beta2": 0.9718731674057811,
  "epsilon": 2.2731872404786298e-07,
  "lr": 0.00019839733062848344,
  "seed": 115812351,
  "weight_decay": 3.061880390119482e-08,
  "x_beta1": 0.9248830703404366,
  "x_beta2": 4.12497792585444
}