{
  "beta_1": 0.6437722340641523,
  "beta_2": 0.4629438535099204,
  "epsilon": 0.0003331534549657819,
  "lr": 0.00033077661243116304,
  "seed": 1169421264,
  "weight_decay": 8.365141801116671e-08
}