{
  "beta_1": 0.5615597200275683,
  "beta_2": 0.5430610305388918,
  "epsilon": 5.065892092003244e-09,
  "lr": 1.9219487776008305e-06,
  "seed": 28422214,
  "weight_decay": 4.146529396676463e-06
}