{
  "beta_1": 0.5236902355478669,
  "beta_2": 0.39068368494893424,
  "epsilon": 8.926038292000011e-10,
  "lr": 0.0006367688749578554,
  "seed": 601833513.1979539,
  "weight_decay": 1.5866171058023938e-07
}