{
  "beta_1": 0.5428912250619746,
  "beta_2": 0.22963775165296518,
  "epsilon": 1.191094726792266e-09,
  "lr": 0.0020070087531863785,
  "seed": 451145310.9665589,
  "weight_decay": 2.5257463300789907e-08
}