{
  "beta_1": 0.2944274430491798,
  "beta_2": 0.5958692736485495,
  "epsilon": 1.2856997732525228e-09,
  "lr": 7.462419193584395e-06,
  "seed": 706950083.7662599,
  "weight_decay": 2.7380278766641418e-08
}