{
  "beta_1": 0.150659363636795,
  "beta_2": 0.40696862703621706,
  "epsilon": 8.123511802187836e-06,
  "lr": 0.0034526427907975105,
  "seed": 1300196954,
  "weight_decay": 6.140700689793728e-08
}