{
  "beta_1": 0.7441594984932941,
  "beta_2": 0.2769568503858334,
  "epsilon": 1.048029514828758e-05,
  "lr": 0.0002646116718241813,
  "seed": 1598854482.0729535,
  "weight_decay": 2.433831341417581e-07
}