{
  "beta_1": 0.5960616204715911,
  "beta_2": 0.8366754668752362,
  "epsilon": 1.101184690754132e-08,
  "lr": 0.003879967508479994,
  "seed": 1566347135,
  "weight_decay": 0.003599660609373747
}