{
  "beta_1": 0.1376880681957244,
  "beta_2": 0.6533161887579731,
  "epsilon": 0.0005347328665325752,
  "lr": 1.9189487989831373e-05,
  "seed": 132720485.58649857,
  "weight_decay": 4.237748340759048e-06
}