{
  "beta_1": 0.5760907036295647,
  "beta_2": 0.5291868882862474,
  "epsilon": 9.914637062052734e-07,
  "lr": 6.807743358764527e-05,
  "seed": 14633724,
  "weight_decay": 2.953420106182041e-07
}