{
  "beta_1": 0.33877892638138873,
  "beta_2": 0.7396573942654404,
  "epsilon": 4.653695010853453e-09,
  "lr": 1.0439732751688698e-05,
  "seed": 632712568,
  "weight_decay": 1.2977779436682262e-08
}