{
  "beta_1": 0.3275962842905798,
  "beta_2": 0.2129041163712839,
  "epsilon": 0.00010601403265715728,
  "lr": 1.253413933403965e-06,
  "seed": 430047395,
  "weight_decay": 1.9731545445118932e-08
}