{
  "beta_1": 0.6212104137528252,
  "beta_2": 0.11061711279492471,
  "epsilon": 1.89268408370876e-05,
  "lr": 2.434183780081675e-05,
  "seed": 453169483,
  "weight_decay": 4.664079256528291e-07
}