{
  "beta_1": 0.8721431145151348,
  "beta_2": 0.9313647298961611,
  "epsilon": 8.11803640182344e-06,
  "lr": 0.028649479962049276,
  "seed": 1380373138,
  "weight_decay": 0.0014206485925230628
}