{
  "beta_1": 0.16109481181173457,
  "beta_2": 0.4784974231106969,
  "epsilon": 8.694074545295727e-07,
  "lr": 0.028519465538344065,
  "seed": 579187530,
  "weight_decay": 9.798946267016142e-06
}