{
  "beta_1": 0.6199560482280911,
  "beta_2": 0.6687270736615122,
  "epsilon": 3.0873010764823877e-09,
  "lr": 0.0011949895518014897,
  "seed": 1701439047.5721176,
  "weight_decay": 0.0017471427823607943
}