{
  "beta_1": 0.6337842984983794,
  "beta_2": 0.47694410017262356,
  "epsilon": 8.091784229535364e-09,
  "lr": 0.0005198067368035483,
  "seed": 2141703972.814361,
  "weight_decay": 0.0009431696914151266
}