{
  "beta_1": 0.24750279339936468,
  "beta_2": 0.6824022129672188,
  "epsilon": 3.314475008418717e-10,
  "lr": 1.8209285596100017e-06,
  "seed": 1347466289.3351765,
  "weight_decay": 0.0033958015999921982
}