{
  "beta_1": 0.3692652819146136,
  "beta_2": 0.3512584677724401,
  "epsilon": 7.144364513468562e-05,
  "lr": 0.0015550741169111026,
  "seed": 291914137,
  "weight_decay": 3.5550588747850663e-06
}