{
  "beta_1": 0.7865402739580318,
  "beta_2": 0.11994830076338853,
  "epsilon": 1.2698672481533682e-08,
  "lr": 0.0016734832201801772,
  "seed": 1008789378,
  "weight_decay": 5.250407848976402e-07
}