{
  "beta_1": 0.27580835622836875,
  "beta_2": 0.4523417019645686,
  "epsilon": 5.959767042009672e-09,
  "lr": 0.04563969100842644,
  "seed": 12229196,
  "weight_decay": 0.009817537064518935
}