{
  "beta_1": 0.6767876097651431,
  "beta_2": 0.32467237023269035,
  "epsilon": 6.118398945168795e-05,
  "lr": 1.4868731149472543e-05,
  "seed": 1822391796,
  "weight_decay": 9.741380681764136e-07
}