{
  "beta1": 0.7838010130526419,
  "beta2": 0.9718731674057811,
  "epsilon": 2.2731872404786298e-07,
  "lr": 0.00019839733062848344,
  "seed": 115812351,
  "weight_decay": 0.00019632513648754781,
  "x_beta1": -9.197657723985515,
  "x_beta2": 2.7499852839029604
}