{
  "beta_1": 0.6538411672279617,
  "beta_2": 0.15358712577210604,
  "epsilon": 4.3731132373032e-10,
  "lr": 9.292036486540846e-06,
  "seed": 44189656.368175045,
  "weight_decay": 0.00708814523839946
}