{
  "beta_1": 0.6845463844466082,
  "beta_2": 0.23117293175086848,
  "epsilon": 1.2807762539230925e-10,
  "lr": 1.3216970541272803e-06,
  "seed": 957826319,
  "weight_decay": 3.2692931792179397e-07
}