{
  "beta_1": 0.534954294222888,
  "beta_2": 0.961578913162068,
  "epsilon": 7.720405236912048e-06,
  "lr": 0.015292453677495602,
  "seed": 1204228095,
  "weight_decay": 0.005251778814693175
}