{
  "beta_1": 0.5508740343062485,
  "beta_2": 0.7123245833677259,
  "epsilon": 5.238660912034628e-08,
  "lr": 0.014511834019560032,
  "seed": 2026041218,
  "weight_decay": 0.001045549244021495
}