{
  "beta_1": 0.37138167650513243,
  "beta_2": 0.25879776350592676,
  "epsilon": 8.913404340702854e-07,
  "lr": 0.0006711384932723111,
  "seed": 567216723,
  "weight_decay": 5.63442509646632e-06
}