{
  "beta_1": 0.5231855364605846,
  "beta_2": 0.4862582164974192,
  "epsilon": 4.857020528966577e-07,
  "lr": 0.009854985897193998,
  "seed": 104167178,
  "weight_decay": 0.0005450068720718908
}