{
  "beta_1": 0.7891474130599249,
  "beta_2": 0.33722977651950276,
  "epsilon": 3.83310074446426e-05,
  "lr": 7.46961441459556e-05,
  "seed": 331809554.4934131,
  "weight_decay": 0.002335331463074992
}