{
  "beta_1": 0.9578136103819765,
  "beta_2": 0.12330269032301486,
  "epsilon": 5.286615211246072e-07,
  "lr": 0.0005618504168340581,
  "seed": 2110993754,
  "weight_decay": 1.0485876341029307e-05
}