{
  "beta1": 0.5533050949511131,
  "beta2": 0.1391618248705951,
  "epsilon": 2.253963547353444e-09,
  "lr": 5.700718711954425e-05,
  "seed": 777089578,
  "weight_decay": 1.2369180154962397e-08,
  "x_beta1": 0.01693074903211489,
  "x_beta2": -3.0900879473061877
}