{
  "beta_1": 0.8311647964439425,
  "beta_2": 0.8316186324156258,
  "epsilon": 3.001533362939864e-09,
  "lr": 1.6367051664240256e-05,
  "seed": 1629100420,
  "weight_decay": 3.586430514429443e-05
}