{
  "beta_1": 0.25181270699072145,
  "beta_2": 0.7922328610293968,
  "epsilon": 1.6901000411914362e-06,
  "lr": 2.77396793573604e-06,
  "seed": 586504476.2559394,
  "weight_decay": 8.161230165000234e-06
}