{
  "beta_1": 0.5609010613830265,
  "beta_2": 0.4413346274978984,
  "epsilon": 0.0001257456096232199,
  "lr": 0.00047079268667334724,
  "seed": 659432050,
  "weight_decay": 0.0002718314963084806
}