{
  "beta_1": 0.9475181408803501,
  "beta_2": 0.34645338383893637,
  "epsilon": 2.8268313126502396e-05,
  "lr": 0.011734371989780841,
  "seed": 1502297030,
  "weight_decay": 1.7494676375148988e-08
}