{
  "beta_1": 0.20914042645930928,
  "beta_2": 0.694350151510928,
  "epsilon": 3.8051781798326474e-07,
  "lr": 0.0026474503827743565,
  "seed": 367511695.72816485,
  "weight_decay": 0.0015421620579697157
}