{
  "beta_1": 0.532673523151197,
  "beta_2": 0.2587384735100987,
  "epsilon": 4.894307554407967e-10,
  "lr": 5.9263219745168246e-06,
  "seed": 695664733,
  "weight_decay": 0.002599193850538069
}