{
  "beta_1": 0.20566272789230422,
  "beta_2": 0.3570603954503626,
  "epsilon": 2.5779610103774188e-06,
  "lr": 0.0004388321665235677,
  "seed": 737344689,
  "weight_decay": 2.0767202136881168e-08
}