{
  "beta_1": 0.17457370708572914,
  "beta_2": 0.7657820762807295,
  "epsilon": 2.2880832815964015e-08,
  "lr": 1.3074580667872476e-05,
  "seed": 1207333150.4352617,
  "weight_decay": 2.82606453117234e-06
}