{
  "beta_1": 0.6396583037471382,
  "beta_2": 0.9308817752908939,
  "epsilon": 1.9972129748269352e-10,
  "lr": 0.014705097150157099,
  "seed": 462466507,
  "weight_decay": 0.0015383271439807172
}