{
  "beta_1": 0.17923393806410856,
  "beta_2": 0.30758585270996674,
  "epsilon": 1.8171105590050678e-06,
  "lr": 2.6641541614925877e-05,
  "seed": 1392011481,
  "weight_decay": 6.78536299830272e-08
}