{
  "beta_1": 0.19514222646433588,
  "beta_2": 0.47948313872845083,
  "epsilon": 1.0492057495608164e-07,
  "lr": 0.0002775208543993711,
  "seed": 108100493,
  "weight_decay": 9.859036224423829e-06
}