{
  "beta_1": 0.14906307564819754,
  "beta_2": 0.9564245153426976,
  "epsilon": 0.0002515214665958298,
  "lr": 0.04026972640812824,
  "seed": 320265599,
  "weight_decay": 2.5116940887607844e-08
}