{
  "beta_1": 0.7586045899637347,
  "beta_2": 0.6155551045138367,
  "epsilon": 1.1361820008244896e-07,
  "lr": 0.0009221345925448947,
  "seed": 1813379971,
  "weight_decay": 2.5107611945435467e-07
}