{
  "beta_1": 0.6788878423896768,
  "beta_2": 0.5471860406455319,
  "epsilon": 7.924314699530718e-06,
  "lr": 0.00011912793508495256,
  "seed": 31032430.674315877,
  "weight_decay": 0.0003396737913797887
}