{
  "beta_1": 0.6219244175724318,
  "beta_2": 0.6834847654867532,
  "epsilon": 3.5772078960165287e-06,
  "lr": 0.00019977770927133198,
  "seed": 24479413,
  "weight_decay": 9.517889565734446e-05
}