{
  "beta_1": 0.18423103537422564,
  "beta_2": 0.9763197950635347,
  "epsilon": 1.4085474160195099e-05,
  "lr": 0.00871186604552823,
  "seed": 877793543.4157337,
  "weight_decay": 0.00016747115858918048
}