{
  "beta_1": 0.3714217692409192,
  "beta_2": 0.33449940714918375,
  "epsilon": 0.000559915320330472,
  "lr": 4.866028202714086e-06,
  "seed": 1222693921,
  "weight_decay": 0.0024840769374861633
}