{
  "beta_1": 0.25897297806050634,
  "beta_2": 0.36101612614215906,
  "epsilon": 1.269013388677821e-07,
  "lr": 0.021450652210200784,
  "seed": 2132759511.6145167,
  "weight_decay": 3.3389438895616567e-06
}