{
  "beta_1": 0.26232876695696183,
  "beta_2": 0.9383893447725923,
  "epsilon": 1.2926067529402978e-09,
  "lr": 0.005718170345245072,
  "seed": 1797219260.330188,
  "weight_decay": 8.582802817504826e-07
}