{
  "beta1": 0.7335468759319539,
  "beta2": 0.9962978603780804,
  "epsilon": 0.00028603427105647285,
  "lr": 0.02322647693342784,
  "seed": 1513640206,
  "weight_decay": 5.657505091553021e-07,
  "x_beta1": 0.8698957242692398,
  "x_beta2": 5.516744782854412
}