{
  "beta_1": 0.6885013205467566,
  "beta_2": 0.8565597439630493,
  "epsilon": 9.215377125670422e-08,
  "lr": 0.0008535685836098729,
  "seed": 1664509516.7280462,
  "weight_decay": 1.6085525376138267e-05
}