{
  "beta_1": 0.14271651383720996,
  "beta_2": 0.8049442770066916,
  "epsilon": 8.92051940936721e-08,
  "lr": 1.4514467717417288e-05,
  "seed": 962043173.978527,
  "weight_decay": 1.7131202682073287e-07
}