{
  "beta_1": 0.7224961752992707,
  "beta_2": 0.26278727103343286,
  "epsilon": 0.0006630095730856784,
  "lr": 0.014937882732690097,
  "seed": 1609532027,
  "weight_decay": 8.699506513183024e-07
}