{
  "beta_1": 0.2898145849327557,
  "beta_2": 0.8659317493774569,
  "epsilon": 3.5608427983441333e-07,
  "lr": 0.0007147886916419479,
  "seed": 817098947,
  "weight_decay": 9.052646638878791e-06
}