{
  "beta_1": 0.9027936814992504,
  "beta_2": 0.289935534973241,
  "epsilon": 8.183851618253603e-10,
  "lr": 0.0004669176425817979,
  "seed": 190115712,
  "weight_decay": 0.0003591990367184505
}