{
  "beta_1": 0.8516105838240421,
  "beta_2": 0.9173420903970287,
  "epsilon": 3.0147066888351003e-09,
  "lr": 0.0014351939392410538,
  "seed": 50709538,
  "weight_decay": 1.1428986255095579e-07
}