{
  "beta_1": 0.17496146315136724,
  "beta_2": 0.8931558052893178,
  "epsilon": 8.501493121755572e-10,
  "lr": 2.293544436769906e-05,
  "seed": 492800431.07306653,
  "weight_decay": 1.6260479274358884e-08
}