{
  "beta_1": 0.1336216741197627,
  "beta_2": 0.38611958157455095,
  "epsilon": 1.1322912334476513e-07,
  "lr": 0.0015592538874666959,
  "seed": 1044153044,
  "weight_decay": 0.0004067407534801462
}