{
  "beta_1": 0.6035271438232523,
  "beta_2": 0.8081957062326462,
  "epsilon": 1.0894493352715507e-08,
  "lr": 0.002034444635519352,
  "seed": 408101548,
  "weight_decay": 7.866172718508069e-07
}