{
  "beta_1": 0.7710908780554226,
  "beta_2": 0.5370341903089129,
  "epsilon": 1.796121536410656e-08,
  "lr": 0.08748541363333127,
  "seed": 1256607982,
  "weight_decay": 0.0021461208582555973
}