{
  "beta_1": 0.6270893010782589,
  "beta_2": 0.11422493363535886,
  "epsilon": 3.7531561391495303e-08,
  "lr": 3.6486835064783255e-05,
  "seed": 1889025518,
  "weight_decay": 2.151588413371851e-08
}