{
  "beta_1": 0.5019899090423096,
  "beta_2": 0.5663858906398217,
  "epsilon": 8.138461813057431e-08,
  "lr": 0.004696220293456473,
  "seed": 646137459.1845968,
  "weight_decay": 3.709734087687e-05
}