{
  "beta1": 0.11752207721394,
  "beta2": 0.10312329189785763,
  "epsilon": 1.0512729575592209e-08,
  "lr": 0.0004993994875407427,
  "seed": 327734795,
  "weight_decay": 0.0045892175391601215,
  "x_beta1": -3.1345106524414703,
  "x_beta2": -4.527935486497502
}