{
  "beta_1": 0.1965274742278184,
  "beta_2": 0.3747956777766851,
  "epsilon": 6.815783353049786e-05,
  "lr": 0.000297114162120389,
  "seed": 1069595236.3968225,
  "weight_decay": 1.1806057572739823e-06
}