{
  "beta_1": 0.7765411492637866,
  "beta_2": 0.36334585569430766,
  "epsilon": 0.00013353742596454598,
  "lr": 4.63623951347125e-05,
  "seed": 1499281981,
  "weight_decay": 0.0010028709656775773
}