{
  "beta_1": 0.8101827375642362,
  "beta_2": 0.27296419439864417,
  "epsilon": 6.384660268980998e-09,
  "lr": 0.04175639173986828,
  "seed": 1547380740.8947709,
  "weight_decay": 4.195847837693575e-08
}