{
  "beta_1": 0.29988211611026205,
  "beta_2": 0.4448575281002823,
  "epsilon": 2.665065496177986e-09,
  "lr": 0.0001556751899414922,
  "seed": 1008789378,
  "weight_decay": 3.5002718993176016e-07
}