{
  "beta_1": 0.7005568495145073,
  "beta_2": 0.9433599831068619,
  "epsilon": 1.6164043070117464e-09,
  "lr": 0.0005015445406391834,
  "seed": 912430642.8641475,
  "weight_decay": 0.007561692566528042
}