{
  "beta_1": 0.680405176117334,
  "beta_2": 0.17597540969956502,
  "epsilon": 3.855030855949755e-08,
  "lr": 2.2498060892889964e-05,
  "seed": 521520035,
  "weight_decay": 5.66105520332503e-07
}