{
  "beta_1": 0.6017787289260259,
  "beta_2": 0.14458058872726154,
  "epsilon": 2.458077233544212e-09,
  "lr": 1.7390202279381702e-05,
  "seed": 1136722105,
  "weight_decay": 0.0015334337004499863
}