{
  "beta_1": 0.9340587874622885,
  "beta_2": 0.2473121831124078,
  "epsilon": 2.0960910815289365e-10,
  "lr": 0.00036266841318247436,
  "seed": 83467455,
  "weight_decay": 2.1298920981583194e-06
}