{
  "beta_1": 0.5557796199166399,
  "beta_2": 0.8743459286151497,
  "epsilon": 3.3959005400176465e-05,
  "lr": 0.0024248053073298768,
  "seed": 1410282766,
  "weight_decay": 5.45863965094376e-06
}