{
  "beta_1": 0.5533258733272582,
  "beta_2": 0.41762877581935176,
  "epsilon": 7.548608222984342e-08,
  "lr": 0.0015592538874666959,
  "seed": 1044153044,
  "weight_decay": 0.000571505730280653
}