{
  "beta_1": 0.32206863823110143,
  "beta_2": 0.598539470116038,
  "epsilon": 0.0003211007557193601,
  "lr": 0.003533652187008371,
  "seed": 278285269,
  "weight_decay": 0.005489741467977231
}