{
  "beta_1": 0.44104118414441573,
  "beta_2": 0.594138150854967,
  "epsilon": 5.964990820770031e-10,
  "lr": 0.0037958477000487973,
  "seed": 1396159813.3873544,
  "weight_decay": 0.00020887757784339846
}