{
  "beta_1": 0.13510522601830763,
  "beta_2": 0.34981809864605284,
  "epsilon": 8.636336235669599e-10,
  "lr": 0.0030387972796502047,
  "seed": 1301409232.7712045,
  "weight_decay": 3.931856797294881e-05
}