{
  "beta_1": 0.9289684116489593,
  "beta_2": 0.716546643047444,
  "epsilon": 4.841414937097801e-05,
  "lr": 0.0009031782580138774,
  "seed": 1171745340.5564713,
  "weight_decay": 1.278335107835257e-05
}