{
  "beta_1": 0.932228250216607,
  "beta_2": 0.8446855731941507,
  "epsilon": 2.6292119943013982e-08,
  "lr": 0.008131972459399879,
  "seed": 1274939379.488013,
  "weight_decay": 1.5329031638631635e-06
}