{
  "beta_1": 0.1453999859031673,
  "beta_2": 0.3414207152631542,
  "epsilon": 2.520138609427275e-06,
  "lr": 7.18549482355343e-05,
  "seed": 880098601,
  "weight_decay": 0.00018945321354444123
}