{
  "beta_1": 0.6631168980737572,
  "beta_2": 0.9086293711260641,
  "epsilon": 7.928561180447335e-09,
  "lr": 0.0005559467707921026,
  "seed": 840825344.9981004,
  "weight_decay": 2.3380748632160867e-06
}