{
  "beta_1": 0.5220685732666525,
  "beta_2": 0.78533316296676,
  "epsilon": 5.0702843685420934e-05,
  "lr": 1.4141704367754938e-05,
  "seed": 1906608894,
  "weight_decay": 4.290044525227012e-06
}