{
  "beta_1": 0.31884554357962724,
  "beta_2": 0.23376477512783184,
  "epsilon": 0.00012165190422684919,
  "lr": 0.002944817809384102,
  "seed": 898537545,
  "weight_decay": 1.178834136229252e-06
}