{
  "beta_1": 0.9649714570471588,
  "beta_2": 0.48873784820389865,
  "epsilon": 2.1169070366411906e-07,
  "lr": 1.0438126875311442e-05,
  "seed": 43679748,
  "weight_decay": 1.057601365096554e-06
}