{
  "beta_1": 0.7838465305482053,
  "beta_2": 0.425644685549836,
  "epsilon": 2.2374081561135947e-05,
  "lr": 0.0011992651295826286,
  "seed": 735090432,
  "weight_decay": 1.7794286040870414e-08
}