{
  "beta_1": 0.7515544331097223,
  "beta_2": 0.5043433525085947,
  "epsilon": 9.69573817187842e-07,
  "lr": 4.162028398952913e-06,
  "seed": 2105620707,
  "weight_decay": 1.8576932515697248e-07
}