{
  "beta_1": 0.9575699332425325,
  "beta_2": 0.43061735542281576,
  "epsilon": 1.0639606856237797e-06,
  "lr": 6.559434602660437e-05,
  "seed": 478198199,
  "weight_decay": 5.719505085393912e-05
}