{
  "beta_1": 0.9721256112493555,
  "beta_2": 0.46637656674407424,
  "epsilon": 4.307704572711781e-07,
  "lr": 0.044898813385542136,
  "seed": 448930271,
  "weight_decay": 9.803374796079592e-05
}