{
  "beta1": 0.1000231287593549,
  "beta2": 0.1024037298157105,
  "epsilon": 3.0935532124529026e-06,
  "lr": 0.0005265985998282812,
  "seed": 737344689,
  "weight_decay": 2.49206425642574e-08,
  "x_beta1": 11.195842421964434,
  "x_beta2": -7.107104812421994
}