{
  "beta1": 0.9985426210823386,
  "beta2": 0.9998972309309633,
  "epsilon": 1.3727250354077404e-10,
  "lr": 2.5063358002030012e-05,
  "seed": 921919253,
  "weight_decay": 0.0055785496159487385,
  "x_beta1": 7.583017231061449,
  "x_beta2": 12.691524672014262
}