{
  "beta_1": 0.805154348446664,
  "beta_2": 0.6129255603257219,
  "epsilon": 0.00026568361355002726,
  "lr": 0.050196423171312246,
  "seed": 158613642,
  "weight_decay": 7.12533563720127e-06
}