{
  "beta_1": 0.4788415322557922,
  "beta_2": 0.5916644548627198,
  "epsilon": 4.236735311152705e-09,
  "lr": 0.05944604908193507,
  "seed": 1563840641,
  "weight_decay": 3.0428167702681587e-06
}