{
  "beta_1": 0.6034753309014118,
  "beta_2": 0.5966859441519039,
  "epsilon": 2.9686147463593392e-05,
  "lr": 0.000549619483101222,
  "seed": 2144996289.7546222,
  "weight_decay": 0.00387565739430058
}