{
  "beta_1": 0.9664072642952717,
  "beta_2": 0.8810735430354523,
  "epsilon": 2.6333123862427163e-08,
  "lr": 2.4073815968517832e-05,
  "seed": 1691809270.4510446,
  "weight_decay": 6.987257476655636e-05
}