{
  "beta_1": 0.7829749579002239,
  "beta_2": 0.5878486191118886,
  "epsilon": 1.1038984955535043e-10,
  "lr": 1.204487990066367e-06,
  "seed": 735309486,
  "weight_decay": 3.879745294870905e-08
}