{
  "beta_1": 0.28180079920063483,
  "beta_2": 0.3787380656369008,
  "epsilon": 4.355104928255568e-05,
  "lr": 0.0054333100313026335,
  "seed": 1568027174,
  "weight_decay": 0.0004303512131875254
}