{
  "beta_1": 0.9690804250376103,
  "beta_2": 0.9231345800082864,
  "epsilon": 1.1459000272899813e-08,
  "lr": 0.0025074671036790968,
  "seed": 1254941145.3324606,
  "weight_decay": 0.007309567749546156
}