{
  "beta_1": 0.40566486317790296,
  "beta_2": 0.7327130443230201,
  "epsilon": 4.146664342087741e-06,
  "lr": 0.015510764516827036,
  "seed": 492816185.062955,
  "weight_decay": 0.0002109148449242136
}