{
  "beta1": 0.9985169418246376,
  "beta2": 0.1074141192350087,
  "epsilon": 7.30947940267983e-07,
  "lr": 0.008054592951605998,
  "seed": 28509046,
  "weight_decay": 1.1773238398843234e-05,
  "x_beta1": 7.528363748419254,
  "x_beta2": -4.790624506645456
}