{
  "beta_1": 0.5483019081538508,
  "beta_2": 0.5486499879758768,
  "epsilon": 6.83439859119916e-05,
  "lr": 0.004233920189374915,
  "seed": 930339670.9191209,
  "weight_decay": 3.898611263227005e-06
}