{
  "beta_1": 0.7699713032252011,
  "beta_2": 0.5508144865272786,
  "epsilon": 6.523303876051534e-06,
  "lr": 0.0011045031177192696,
  "seed": 153227838,
  "weight_decay": 0.0002115615966451853
}