{
  "beta1": 0.10540236331289729,
  "beta2": 0.10071831385648079,
  "epsilon": 8.318885800627522e-07,
  "lr": 0.08748541363333127,
  "seed": 1243718630,
  "weight_decay": 9.452147765512583e-06,
  "x_beta1": 10.737663515816935,
  "x_beta2": -8.21644852783863
}