{
  "beta_1": 0.6341415989486845,
  "beta_2": 0.47884656066181175,
  "epsilon": 1.6511791874511693e-09,
  "lr": 0.005165444942067646,
  "seed": 749474408,
  "weight_decay": 0.004984860613121265
}