{
  "beta_1": 0.4594185830913905,
  "beta_2": 0.11711492671079293,
  "epsilon": 7.682379337590869e-10,
  "lr": 0.007044416927675579,
  "seed": 419808026,
  "weight_decay": 1.6252409097954893e-05
}