{
  "beta_1": 0.2459202153555534,
  "beta_2": 0.570737821680545,
  "epsilon": 7.660060149813721e-09,
  "lr": 2.284399253040557e-05,
  "seed": 1994016731,
  "weight_decay": 4.903885743637899e-06
}