{
  "beta_1": 0.6646099641621858,
  "beta_2": 0.9460122856267735,
  "epsilon": 4.630912218734453e-08,
  "lr": 0.023199032014218097,
  "seed": 474513838,
  "weight_decay": 0.00073794425969869
}