{
  "beta1": 0.5533050949511131,
  "beta2": 0.1391618248705951,
  "epsilon": 3.3513032433107587e-07,
  "lr": 5.472689963476248e-05,
  "seed": 777089578,
  "weight_decay": 1.1874412948763902e-08,
  "x_beta1": 0.02438027860624544,
  "x_beta2": -4.44972664412091
}