{
  "beta_1": 0.7546349251674911,
  "beta_2": 0.1844437568119956,
  "epsilon": 1.7035053539912316e-05,
  "lr": 0.0023143825313129813,
  "seed": 1069475800,
  "weight_decay": 3.2668634722967174e-06
}