{
  "beta_1": 0.9465858421754286,
  "beta_2": 0.45169580956496147,
  "epsilon": 6.6553930240481055e-06,
  "lr": 0.012725567701919897,
  "seed": 1077942716.2412128,
  "weight_decay": 2.568219517494108e-05
}