{
  "beta_1": 0.7666604156126753,
  "beta_2": 0.42473585218377397,
  "epsilon": 3.1510474690767837e-06,
  "lr": 5.194045084413987e-05,
  "seed": 610774732,
  "weight_decay": 9.771331748251066e-05
}