{
  "beta_1": 0.660398429558946,
  "beta_2": 0.15526338091348219,
  "epsilon": 2.636229068887825e-06,
  "lr": 0.00038433013465564503,
  "seed": 425485912,
  "weight_decay": 1.3122924029611114e-06
}