{
  "beta_1": 0.9190764424617577,
  "beta_2": 0.41040095253391207,
  "epsilon": 0.0007225387011299651,
  "lr": 0.01582281372715963,
  "seed": 139991112.46965525,
  "weight_decay": 1.2786208235913403e-08
}