{
  "beta_1": 0.9858381467085026,
  "beta_2": 0.2512581694520247,
  "epsilon": 5.7259947243718276e-08,
  "lr": 0.00024842322234874906,
  "seed": 932883063,
  "weight_decay": 1.3126910826548394e-05
}