{
  "beta_1": 0.3255894314993837,
  "beta_2": 0.6111964177562991,
  "epsilon": 1.0653010201816876e-06,
  "lr": 0.0002709480323960592,
  "seed": 803833488,
  "weight_decay": 0.001143019314837911
}