{
  "beta_1": 0.8599297736520242,
  "beta_2": 0.5438239332515256,
  "epsilon": 4.051129405942059e-05,
  "lr": 0.0030629622393225256,
  "seed": 62627308,
  "weight_decay": 1.1662847488945501e-07
}