{
  "beta_1": 0.3905464797388146,
  "beta_2": 0.13201674594923762,
  "epsilon": 1.438720094606596e-05,
  "lr": 3.6922272088982506e-05,
  "seed": 2044239969,
  "weight_decay": 0.008117533960506457
}