{
  "beta_1": 0.2306133183965015,
  "beta_2": 0.8431873248013864,
  "epsilon": 1.6832711740966118e-08,
  "lr": 0.0017259784780097067,
  "seed": 198801717,
  "weight_decay": 1.6306945153554567e-07
}