{
  "beta_1": 0.6884260385724762,
  "beta_2": 0.5959860054336865,
  "epsilon": 1.679933834391332e-10,
  "lr": 0.07826213125514585,
  "seed": 1633334159.3909504,
  "weight_decay": 0.0021892476526188067
}