{
  "beta_1": 0.5627511977947767,
  "beta_2": 0.4226478639430955,
  "epsilon": 0.0005695913819706338,
  "lr": 0.0004094105849273182,
  "seed": 63091702,
  "weight_decay": 0.006650183694877176
}