{
  "beta1": 0.10000708547967072,
  "beta2": 0.9996301690673991,
  "epsilon": 1.7527824068934377e-10,
  "lr": 0.00024486075681516887,
  "seed": 557105898,
  "weight_decay": 0.00012371352034782037,
  "x_beta1": -16.921415316631485,
  "x_beta2": 7.787465709388134
}