{
  "beta_1": 0.4363821710954824,
  "beta_2": 0.37810132455627077,
  "epsilon": 1.0057336361591768e-05,
  "lr": 0.00030836450375103437,
  "seed": 679224338,
  "weight_decay": 0.0004787704842071548
}