{
  "beta_1": 0.8441682447166431,
  "beta_2": 0.5757730700987506,
  "epsilon": 1.3836176206076572e-09,
  "lr": 2.56325721019676e-05,
  "seed": 530028995.52531695,
  "weight_decay": 0.008825182227172042
}