{
  "beta_1": 0.12740792511152782,
  "beta_2": 0.4359433196142837,
  "epsilon": 5.647978967452059e-06,
  "lr": 0.0006005902803345814,
  "seed": 302456570,
  "weight_decay": 1.6582297204036176e-08
}