{
  "beta_1": 0.2355256875870965,
  "beta_2": 0.6936340967975451,
  "epsilon": 1.86971820443445e-07,
  "lr": 0.005491639747897905,
  "seed": 1342681208,
  "weight_decay": 1.9402847995711216e-05
}