{
  "beta_1": 0.19331380993273795,
  "beta_2": 0.6568823199926401,
  "epsilon": 0.00028354740936239954,
  "lr": 1.5042253849209905e-06,
  "seed": 415861860,
  "weight_decay": 1.352361326109978e-05
}