{
  "beta_1": 0.17555457679425304,
  "beta_2": 0.5558387219537169,
  "epsilon": 4.554291542245645e-07,
  "lr": 0.0019841576418466816,
  "seed": 1748098890,
  "weight_decay": 8.697769462407753e-06
}