{
  "beta_1": 0.8437689720861352,
  "beta_2": 0.9787991839448168,
  "epsilon": 1.4356146401286942e-09,
  "lr": 0.0001594693543351249,
  "seed": 6356802.051354333,
  "weight_decay": 0.0011806646816333393
}