{
  "beta_1": 0.15592226521318864,
  "beta_2": 0.6303632858005194,
  "epsilon": 0.00036439896054413803,
  "lr": 0.0012236172692768469,
  "seed": 1922336114,
  "weight_decay": 0.0019877108630037316
}