{
  "beta_1": 0.5979589415811382,
  "beta_2": 0.1948702721316884,
  "epsilon": 2.4518099302975373e-05,
  "lr": 0.02556984915810505,
  "seed": 1140851437,
  "weight_decay": 2.268361882314225e-07
}