{
  "beta_1": 0.33697779340104045,
  "beta_2": 0.5661946704180754,
  "epsilon": 6.6277671181978015e-06,
  "lr": 4.0113952931172035e-05,
  "seed": 830905337.4658685,
  "weight_decay": 0.00227652368015164
}