{
  "beta_1": 0.625945416960043,
  "beta_2": 0.3936610133752322,
  "epsilon": 4.0742348313851457e-07,
  "lr": 2.9480934997611222e-06,
  "seed": 890373084,
  "weight_decay": 0.002011183716678964
}