{
  "beta1": 0.9989886412735873,
  "beta2": 0.9993135691170145,
  "epsilon": 5.461558465776493e-10,
  "lr": 1.0351560710931383e-06,
  "seed": 1490778271,
  "weight_decay": 7.049353435890523e-07,
  "x_beta1": 11.279039383092174,
  "x_beta2": 7.335332235743897
}