{
  "beta_1": 0.6515854083233839,
  "beta_2": 0.7698741128424432,
  "epsilon": 3.9535210470959364e-10,
  "lr": 0.0016039538584975868,
  "seed": 1760433889.9922843,
  "weight_decay": 0.00034747545954398314
}