{
  "beta1": 0.10058258675066721,
  "beta2": 0.10069972883241035,
  "epsilon": 8.503312094236635e-05,
  "lr": 5.394744950258589e-05,
  "seed": 1323700917,
  "weight_decay": 0.000527531327344796,
  "x_beta1": -8.809094354635139,
  "x_beta2": -8.590281818359593
}