{
  "beta_1": 0.238936574177197,
  "beta_2": 0.2490815343425407,
  "epsilon": 1.3893226134325637e-10,
  "lr": 0.0005866599830926743,
  "seed": 1957076977,
  "weight_decay": 7.741852147472902e-06
}