{
  "beta_1": 0.777831008791408,
  "beta_2": 0.17689992049015857,
  "epsilon": 3.256732535103749e-06,
  "lr": 0.009803434985893943,
  "seed": 1015575394.4397544,
  "weight_decay": 0.0005961105950642823
}