{
  "beta_1": 0.9572657937821416,
  "beta_2": 0.9705143711757219,
  "epsilon": 3.070491001408753e-06,
  "lr": 0.024025578347790094,
  "seed": 98735022.45022564,
  "weight_decay": 6.411216777791876e-07
}