{
  "beta_1": 0.4021729030606924,
  "beta_2": 0.9367553608382748,
  "epsilon": 6.298261441375965e-10,
  "lr": 0.0012313749384395662,
  "seed": 1398366458,
  "weight_decay": 9.946994365726065e-08
}