{
  "beta_1": 0.12480393724791394,
  "beta_2": 0.6290287629243946,
  "epsilon": 2.425627974529126e-06,
  "lr": 0.05928204934254917,
  "seed": 379410154,
  "weight_decay": 0.00011913117361648342
}