{
  "beta_1": 0.10917021192214978,
  "beta_2": 0.12914537295926348,
  "epsilon": 5.094876011056051e-10,
  "lr": 5.73332162786531e-05,
  "seed": 1285907931,
  "weight_decay": 1.6356907059714042e-05
}