{
  "beta_1": 0.7947382862269643,
  "beta_2": 0.13669076630086402,
  "epsilon": 4.657154634607619e-08,
  "lr": 1.1117264851341603e-05,
  "seed": 933660629,
  "weight_decay": 6.402417790068371e-08
}