{
  "beta_1": 0.6331296597197985,
  "beta_2": 0.9412455108536129,
  "epsilon": 7.992625825694891e-10,
  "lr": 3.8869371645841275e-05,
  "seed": 985551078,
  "weight_decay": 7.0327487037597265e-06
}