{
  "beta_1": 0.46646687283685906,
  "beta_2": 0.368503835404109,
  "epsilon": 5.140912819090905e-09,
  "lr": 0.0045282156455814715,
  "seed": 714984413.1736085,
  "weight_decay": 0.0046767088312201594
}