{
  "beta_1": 0.7052194545175811,
  "beta_2": 0.3018393031907457,
  "epsilon": 5.089668290085206e-10,
  "lr": 0.0039050866095759265,
  "seed": 1631812439,
  "weight_decay": 0.00010540371942495631
}