{
  "beta_1": 0.5423358215486508,
  "beta_2": 0.4971699027510921,
  "epsilon": 1.8708879201948202e-08,
  "lr": 0.0013755924277934182,
  "seed": 460513979.4373786,
  "weight_decay": 1.2945450760065435e-05
}