{
  "beta_1": 0.5332256880954899,
  "beta_2": 0.5855456034755868,
  "epsilon": 4.112808692350559e-06,
  "lr": 0.0014301851480378936,
  "seed": 1021162182,
  "weight_decay": 7.160302208535876e-08
}