{
  "beta_1": 0.3479936060611156,
  "beta_2": 0.22339665078133664,
  "epsilon": 1.0219516348217133e-05,
  "lr": 7.589256549609767e-05,
  "seed": 781046319,
  "weight_decay": 0.0003315382295116037
}