{
  "beta_1": 0.7475766622872575,
  "beta_2": 0.14185142932780234,
  "epsilon": 0.0005438263564423235,
  "lr": 7.348501994145409e-05,
  "seed": 924223847,
  "weight_decay": 0.0038758020347635625
}