{
  "beta_1": 0.5937267009330793,
  "beta_2": 0.7902838209621104,
  "epsilon": 4.572673748553701e-06,
  "lr": 0.00010323727337173194,
  "seed": 1104580989,
  "weight_decay": 0.00012414927817963145
}