{
  "beta_1": 0.7893306156762286,
  "beta_2": 0.788702543543339,
  "epsilon": 3.693481061062015e-10,
  "lr": 0.005569397444870505,
  "seed": 51720629,
  "weight_decay": 2.960309194155242e-07
}