{
  "beta_1": 0.2374679933321537,
  "beta_2": 0.44435114984375723,
  "epsilon": 4.2493141801424364e-05,
  "lr": 0.05560087745391458,
  "seed": 1001101391,
  "weight_decay": 2.5005836722428958e-05
}