{
  "beta_1": 0.4113804032570265,
  "beta_2": 0.8234083174967951,
  "epsilon": 3.2036257151843916e-10,
  "lr": 0.04408162744211399,
  "seed": 3251314,
  "weight_decay": 2.1858897407707658e-05
}