{
  "beta_1": 0.606561346341125,
  "beta_2": 0.5354071384685368,
  "epsilon": 3.847741654082753e-09,
  "lr": 0.0006609263566576431,
  "seed": 1651831726.5424657,
  "weight_decay": 0.0006508602226221626
}