{
  "beta_1": 0.14401885400000963,
  "beta_2": 0.7729921601590267,
  "epsilon": 9.04388051982982e-06,
  "lr": 1.9797781999001002e-05,
  "seed": 1040905073,
  "weight_decay": 0.0003102652829508222
}