{
  "beta_1": 0.5946094830149523,
  "beta_2": 0.47020904228537796,
  "epsilon": 3.4947167058375166e-05,
  "lr": 0.003567438533340052,
  "seed": 144319678,
  "weight_decay": 3.295372653633415e-05
}