{
  "beta_1": 0.545554706295488,
  "beta_2": 0.6403352584340886,
  "epsilon": 7.56071509027918e-10,
  "lr": 0.06866599741434504,
  "seed": 1942844693,
  "weight_decay": 0.00022627551045930946
}