{
  "beta_1": 0.15423880583209332,
  "beta_2": 0.2109618639988777,
  "epsilon": 2.446268226506654e-09,
  "lr": 0.004655940972610793,
  "seed": 92693312.27023277,
  "weight_decay": 3.3636667477384796e-06
}