{
  "beta1": 0.9928116471232395,
  "beta2": 0.37234765311263407,
  "epsilon": 0.000691289480620081,
  "lr": 0.0006413533833140454,
  "seed": 855774790,
  "weight_decay": 2.3427652060583407e-06,
  "x_beta1": 1.7128561871560137,
  "x_beta2": -5.77581862616278
}