{
  "beta_1": 0.759528661491442,
  "beta_2": 0.301297477956621,
  "epsilon": 2.39904023074705e-06,
  "lr": 0.005139407280121789,
  "seed": 680510024,
  "weight_decay": 1.7012865862252324e-08
}