{
  "beta_1": 0.16924620659151227,
  "beta_2": 0.843362306655435,
  "epsilon": 2.4011880331209037e-05,
  "lr": 0.020317684994798434,
  "seed": 1123124400.279818,
  "weight_decay": 0.00022621469123704547
}