{
  "beta_1": 0.559946251541987,
  "beta_2": 0.4602550954385226,
  "epsilon": 1.6405446090039983e-09,
  "lr": 6.835679655529805e-06,
  "seed": 1842373513,
  "weight_decay": 4.287719627026784e-08
}