{
  "beta_1": 0.5325114575088452,
  "beta_2": 0.3357933629329737,
  "epsilon": 2.032523645546929e-09,
  "lr": 3.3930420745114935e-06,
  "seed": 362163195,
  "weight_decay": 1.4049980355636397e-06
}