{
  "beta_1": 0.5102138027858665,
  "beta_2": 0.22624890676433682,
  "epsilon": 8.450186968012259e-05,
  "lr": 0.0008623361376049918,
  "seed": 1873484412.319756,
  "weight_decay": 0.0001499885878101125
}