{
  "beta_1": 0.6537623029918221,
  "beta_2": 0.4400293102224019,
  "epsilon": 3.722099324185339e-06,
  "lr": 0.00011852753962755385,
  "seed": 2072690615,
  "weight_decay": 0.0002521387492388263
}