{
  "beta_1": 0.29011820378044473,
  "beta_2": 0.5770804474350284,
  "epsilon": 2.9703628264182502e-08,
  "lr": 0.0007632639929575098,
  "seed": 1887044987.5206668,
  "weight_decay": 0.0003970899472286826
}