{
  "beta_1": 0.6961524681780339,
  "beta_2": 0.597753805871644,
  "epsilon": 7.932068784669117e-07,
  "lr": 0.00013341616806284093,
  "seed": 1613937308,
  "weight_decay": 0.00011573680059448058
}