{
  "beta_1": 0.25134748095256926,
  "beta_2": 0.816401876334946,
  "epsilon": 1.6836280937831836e-09,
  "lr": 3.9231094736202957e-05,
  "seed": 394174156,
  "weight_decay": 0.00024966404329567886
}