{
  "beta_1": 0.41500772566951427,
  "beta_2": 0.8107959833398694,
  "epsilon": 5.245577663794948e-06,
  "lr": 0.00017548167940631594,
  "seed": 900113979.8935728,
  "weight_decay": 0.0014453573757380784
}