{
  "beta_1": 0.44320453963984174,
  "beta_2": 0.38503409754665285,
  "epsilon": 2.1377348896117962e-08,
  "lr": 0.00878134460506465,
  "seed": 855516845,
  "weight_decay": 1.0640757182803824e-05
}