{
  "beta_1": 0.35803317234643506,
  "beta_2": 0.7011315528914045,
  "epsilon": 0.0008892381474518334,
  "lr": 6.559772601669628e-05,
  "seed": 1759440524.234979,
  "weight_decay": 0.0005370392784635207
}