{
  "beta_1": 0.20908019387271082,
  "beta_2": 0.47647991752912267,
  "epsilon": 1.389187897189824e-08,
  "lr": 7.422243975560582e-06,
  "seed": 1515006019.9566498,
  "weight_decay": 9.037971145908769e-07
}