{
  "beta_1": 0.8052146932231459,
  "beta_2": 0.5616387354624993,
  "epsilon": 2.376122742255303e-08,
  "lr": 0.009830231089710921,
  "seed": 66093834,
  "weight_decay": 3.4754646464772426e-05
}