{
  "beta_1": 0.1282151692484276,
  "beta_2": 0.6230831292741231,
  "epsilon": 7.701428963393269e-07,
  "lr": 4.703304813373561e-06,
  "seed": 2110431346,
  "weight_decay": 0.0009359440762564351
}