{
  "beta_1": 0.7131430069350138,
  "beta_2": 0.3800395998170413,
  "epsilon": 0.0002283165306538623,
  "lr": 0.075427502038011,
  "seed": 3602013,
  "weight_decay": 0.0007147845634170227
}