{
  "beta_1": 0.6538613876114686,
  "beta_2": 0.389300179717041,
  "epsilon": 5.148684400397328e-09,
  "lr": 0.006441015143138482,
  "seed": 1395617127.318215,
  "weight_decay": 0.0003578424018507668
}