{
  "beta_1": 0.7915167757437885,
  "beta_2": 0.10663296508120666,
  "epsilon": 1.2759669644347898e-08,
  "lr": 2.976922655212274e-06,
  "seed": 1059778496,
  "weight_decay": 2.9025756890815514e-08
}