{
  "beta_1": 0.443976525335659,
  "beta_2": 0.16047914513852227,
  "epsilon": 8.505236732847795e-09,
  "lr": 0.0004277927158657683,
  "seed": 336578265,
  "weight_decay": 1.7894016784138764e-05
}