{
  "beta_1": 0.15389061437984525,
  "beta_2": 0.5498035491810983,
  "epsilon": 5.83425066861489e-10,
  "lr": 0.007288149673006479,
  "seed": 642499060,
  "weight_decay": 5.825179952896216e-07
}