{
  "beta_1": 0.9492731465295705,
  "beta_2": 0.98174685851246,
  "epsilon": 0.00046899437059704603,
  "lr": 2.7564834372524304e-06,
  "seed": 925504008.1953373,
  "weight_decay": 0.006254851158542843
}