{
  "beta_1": 0.585045518416265,
  "beta_2": 0.24287363596907266,
  "epsilon": 3.706362577875331e-06,
  "lr": 0.001328000998653439,
  "seed": 1845066233.2421076,
  "weight_decay": 2.1079459238055325e-07
}