{
  "beta_1": 0.5406024317346831,
  "beta_2": 0.7177668470931332,
  "epsilon": 5.497062536367081e-06,
  "lr": 0.0024258918409537566,
  "seed": 472610490,
  "weight_decay": 1.2383397191620571e-06
}