{
  "beta_1": 0.7808666728923612,
  "beta_2": 0.47160518324125744,
  "epsilon": 6.13376443539026e-08,
  "lr": 0.08773634767765728,
  "seed": 665394961,
  "weight_decay": 2.262530574116198e-08
}