{
  "beta1": 0.1001046963715296,
  "beta2": 0.618537372189847,
  "epsilon": 9.672365103311016e-10,
  "lr": 0.01090446496955334,
  "seed": 393329622,
  "weight_decay": 1.2833101631413448e-06,
  "x_beta1": -9.057857386573485,
  "x_beta2": 0.3072614010823731
}