{
  "beta_1": 0.5018670204290802,
  "beta_2": 0.5309432908708098,
  "epsilon": 3.6414506165021717e-06,
  "lr": 0.0011853021847953262,
  "seed": 1796429919,
  "weight_decay": 5.183425378087178e-06
}