{
  "beta_1": 0.8734019107204469,
  "beta_2": 0.7639486269998533,
  "epsilon": 1.731151321382497e-10,
  "lr": 0.0007910912071702816,
  "seed": 1243361531,
  "weight_decay": 2.1873572328943714e-08
}