{
  "beta_1": 0.6420805528352022,
  "beta_2": 0.7670119928405189,
  "epsilon": 4.07508124269299e-06,
  "lr": 5.43665214908298e-06,
  "seed": 54247685,
  "weight_decay": 2.563613985099222e-07
}