{
  "beta_1": 0.8806532670847398,
  "beta_2": 0.9765920629564316,
  "epsilon": 7.102400478750612e-05,
  "lr": 0.0005885839797004943,
  "seed": 445338134.75048447,
  "weight_decay": 2.086996428596296e-06
}