{
  "beta_1": 0.1476207374142737,
  "beta_2": 0.17087380466539323,
  "epsilon": 1.0146850259947954e-10,
  "lr": 0.00042594305861201083,
  "seed": 552247425,
  "weight_decay": 4.0652136608448724e-07
}