{
  "beta_1": 0.5512334215925345,
  "beta_2": 0.276267326121305,
  "epsilon": 7.38022334201546e-05,
  "lr": 0.022655082444332123,
  "seed": 460007274,
  "weight_decay": 4.19432032149795e-05
}