{
  "beta_1": 0.5055033759692259,
  "beta_2": 0.20474008124978527,
  "epsilon": 4.895405011121422e-06,
  "lr": 6.17591196922934e-06,
  "seed": 191908309,
  "weight_decay": 8.942357564985888e-08
}