{
  "beta_1": 0.24411715409221538,
  "beta_2": 0.3676088681634737,
  "epsilon": 1.6327801998436667e-09,
  "lr": 0.0003225805835549067,
  "seed": 383094956.62539005,
  "weight_decay": 0.0024445141983835917
}