{
  "beta_1": 0.72052040174426,
  "beta_2": 0.7267567295807627,
  "epsilon": 1.3107557879727942e-10,
  "lr": 4.23545170695185e-05,
  "seed": 1458276397,
  "weight_decay": 0.0007702592031793818
}