{
  "beta_1": 0.4141984425747023,
  "beta_2": 0.7321021075257694,
  "epsilon": 0.00022311823946503877,
  "lr": 0.00029734876412381697,
  "seed": 1439355366,
  "weight_decay": 1.1547115401425373e-06
}