{
  "beta_1": 0.6102760405848321,
  "beta_2": 0.1331727761219033,
  "epsilon": 1.4316560717279256e-10,
  "lr": 0.001171072027548474,
  "seed": 1023195707.1297503,
  "weight_decay": 0.0007335163850950159
}