{
  "beta_1": 0.3147945203483542,
  "beta_2": 0.3900121431124838,
  "epsilon": 7.2155267836497e-05,
  "lr": 0.005718170345245067,
  "seed": 63202804,
  "weight_decay": 1.4105750310311108e-07
}