{
  "beta_1": 0.9154032260500506,
  "beta_2": 0.6724252304444177,
  "epsilon": 1.3037421712782383e-07,
  "lr": 3.821557066873959e-05,
  "seed": 853800672.4051088,
  "weight_decay": 1.2357461092208002e-07
}