{
  "beta_1": 0.6439876194371887,
  "beta_2": 0.6325604219647812,
  "epsilon": 1.5606144479177366e-09,
  "lr": 0.00031248683674776835,
  "seed": 1278469080.337531,
  "weight_decay": 9.330879828727734e-07
}