{
  "beta_1": 0.33083208264537217,
  "beta_2": 0.7263636679595816,
  "epsilon": 3.444591201610993e-10,
  "lr": 7.64832584995042e-05,
  "seed": 444108400.43737525,
  "weight_decay": 0.004612967608909406
}