{
  "beta_1": 0.6660064235484592,
  "beta_2": 0.592118415060174,
  "epsilon": 4.2536077935333716e-08,
  "lr": 0.0005999924873126377,
  "seed": 88752165,
  "weight_decay": 0.0005203129924828921
}