{
  "beta_1": 0.5142337472220675,
  "beta_2": 0.8225424893401159,
  "epsilon": 3.169271522570237e-08,
  "lr": 6.554004814461932e-06,
  "seed": 429071168,
  "weight_decay": 2.3632414036096335e-05
}