{
  "beta_1": 0.4213963236746364,
  "beta_2": 0.5147361421547186,
  "epsilon": 7.568072866228762e-09,
  "lr": 0.05359102747824181,
  "seed": 764731682,
  "weight_decay": 1.832136260405281e-05
}