{
  "beta_1": 0.8317183348776535,
  "beta_2": 0.7905059347247004,
  "epsilon": 0.00028302431952538954,
  "lr": 0.00031681546763932496,
  "seed": 158254205,
  "weight_decay": 0.006551783858174519
}