{
  "beta_1": 0.2775535860116019,
  "beta_2": 0.2567748500207409,
  "epsilon": 8.570834298378531e-10,
  "lr": 0.0009011030558579796,
  "seed": 1460035691.2521453,
  "weight_decay": 5.725851424743486e-06
}