{
  "beta_1": 0.9291769009005285,
  "beta_2": 0.4785675698796521,
  "epsilon": 5.183733490600584e-09,
  "lr": 0.0005489390544535287,
  "seed": 271021630.8907366,
  "weight_decay": 4.305849001907341e-07
}