{
  "beta1": 0.125361796346166,
  "beta2": 0.10076509760359145,
  "epsilon": 1.4155595084887868e-08,
  "lr": 0.0019388181608927116,
  "seed": 1471594021,
  "weight_decay": 3.1143719723176736e-07,
  "x_beta1": -2.8315378995387235,
  "x_beta2": -5.655347958717592
}