{
  "beta_1": 0.21937415569204938,
  "beta_2": 0.4774939588899617,
  "epsilon": 4.3456982062427594e-05,
  "lr": 0.0006183477534989206,
  "seed": 380996680.0324421,
  "weight_decay": 7.690241314923197e-07
}