{
  "beta_1": 0.6479712632870979,
  "beta_2": 0.7973717195499563,
  "epsilon": 1.83063042600671e-09,
  "lr": 2.0731157910270215e-06,
  "seed": 677166673,
  "weight_decay": 0.0015298633135368523
}