{
  "beta_1": 0.3287010783742983,
  "beta_2": 0.8825308485798301,
  "epsilon": 4.294928533439636e-08,
  "lr": 0.0005670410471306669,
  "seed": 1323747571.671877,
  "weight_decay": 0.0008869494360083028
}