{
  "beta_1": 0.36478454001512994,
  "beta_2": 0.1859297748628906,
  "epsilon": 8.81962634795786e-10,
  "lr": 0.0020831618625492187,
  "seed": 1377556588,
  "weight_decay": 0.00024030462372668653
}