{
  "beta_1": 0.8870055762243392,
  "beta_2": 0.3464276685312115,
  "epsilon": 1.7592378813373916e-06,
  "lr": 1.0916089328994475e-05,
  "seed": 655793180,
  "weight_decay": 5.117615519992188e-07
}