{
  "beta1": 0.11548804111649921,
  "beta2": 0.10001855778248331,
  "epsilon": 2.3238401462364112e-10,
  "lr": 0.0005067145312180746,
  "seed": 55602800,
  "weight_decay": 3.249281650553643e-05,
  "x_beta1": -4.0438366422095555,
  "x_beta2": -10.789129060809906
}