{
  "beta1": 0.9841729571324118,
  "beta2": 0.10171647905384527,
  "epsilon": 1.0211064217560409e-10,
  "lr": 0.06803431836264341,
  "seed": 87411879,
  "weight_decay": 0.0011335196752103034,
  "x_beta1": 4.088199962148925,
  "x_beta2": -6.260099282719122
}