{
  "beta_1": 0.721160057962575,
  "beta_2": 0.21688939308042116,
  "epsilon": 2.499589966135288e-09,
  "lr": 0.01107814226251789,
  "seed": 759648808,
  "weight_decay": 3.4052002079734734e-06
}