{
  "beta_1": 0.45534648203801886,
  "beta_2": 0.5916846955012868,
  "epsilon": 2.791682990517449e-06,
  "lr": 0.002305428391512487,
  "seed": 1326983735.213177,
  "weight_decay": 0.0003407600874061182
}