{
  "beta_1": 0.16412663757595197,
  "beta_2": 0.32570097631613637,
  "epsilon": 5.587531228403821e-10,
  "lr": 0.0004538752178952966,
  "seed": 1246568694,
  "weight_decay": 0.002538868550809716
}