{
  "beta_1": 0.5491624806717921,
  "beta_2": 0.42654466070291375,
  "epsilon": 6.119256263901778e-06,
  "lr": 0.00019948816073906526,
  "seed": 191908309,
  "weight_decay": 1.1177946956232359e-07
}