{
  "beta_1": 0.5425690286035938,
  "beta_2": 0.5009900029362033,
  "epsilon": 6.853292630867955e-08,
  "lr": 5.394744950258591e-05,
  "seed": 1819099074.1840007,
  "weight_decay": 1.349498140233516e-07
}