{
  "beta_1": 0.7757472944709314,
  "beta_2": 0.4595989929713443,
  "epsilon": 2.8013059771347233e-10,
  "lr": 0.06259689041355224,
  "seed": 1723242045,
  "weight_decay": 1.3090880613829982e-05
}