{
  "beta_1": 0.8623603602337245,
  "beta_2": 0.7531642134483683,
  "epsilon": 9.159646997948605e-06,
  "lr": 0.0008672618001700405,
  "seed": 502223428.68040526,
  "weight_decay": 1.0278832044964759e-08
}