{
  "beta_1": 0.7751239316461584,
  "beta_2": 0.6843736661998858,
  "epsilon": 1.1941907063558873e-08,
  "lr": 1.5121885184713543e-05,
  "seed": 870029129,
  "weight_decay": 1.9204561432362678e-05
}