{
  "beta1": 0.9989805997591663,
  "beta2": 0.10051050732198323,
  "epsilon": 1.3475780246009695e-10,
  "lr": 0.00014854928173640308,
  "seed": 1885940312,
  "weight_decay": 3.19802232665259e-06,
  "x_beta1": 10.743731253316868,
  "x_beta2": -7.4740664903897125
}