{
  "beta_1": 0.11383457532322566,
  "beta_2": 0.6867203495100433,
  "epsilon": 2.031090772416576e-09,
  "lr": 0.0006377021941158782,
  "seed": 743736437.3777261,
  "weight_decay": 0.00015038161908448867
}