{
  "beta_1": 0.7035558152953836,
  "beta_2": 0.8146052790995602,
  "epsilon": 0.000742334051945947,
  "lr": 1.775389641285627e-05,
  "seed": 446051055.7860447,
  "weight_decay": 0.002771950622932562
}