{
  "beta_1": 0.20554452171537035,
  "beta_2": 0.23074928706594447,
  "epsilon": 3.678571382075558e-07,
  "lr": 5.385497403016949e-06,
  "seed": 1781626269,
  "weight_decay": 5.510061676923666e-08
}