{
  "beta1": 0.10000183647174413,
  "beta2": 0.10065202219152519,
  "epsilon": 1.6334774443790778e-09,
  "lr": 1.4824506724821345e-06,
  "seed": 1128991035,
  "weight_decay": 6.314335821332075e-07,
  "x_beta1": -13.101190070222861,
  "x_beta2": -7.229235515372898
}