{
  "beta_1": 0.6194523766457248,
  "beta_2": 0.6251020459145509,
  "epsilon": 1.1275605484699081e-09,
  "lr": 0.0014022800484373924,
  "seed": 1989649136.1362228,
  "weight_decay": 0.0021934464477175266
}