{
  "beta_1": 0.6105070469269733,
  "beta_2": 0.7399799213109026,
  "epsilon": 1.215617472170026e-09,
  "lr": 0.0007552784313682877,
  "seed": 78583292,
  "weight_decay": 0.0006789246699493783
}