{
  "beta_1": 0.7480629533123679,
  "beta_2": 0.7274924438735226,
  "epsilon": 1.5919297055002784e-06,
  "lr": 0.0010526856171449292,
  "seed": 1721661705.2948534,
  "weight_decay": 1.6628623412335915e-05
}