{
  "beta_1": 0.10467966211448936,
  "beta_2": 0.14517534170822968,
  "epsilon": 1.5566324455340325e-08,
  "lr": 2.5590355375392373e-06,
  "seed": 1388469682,
  "weight_decay": 2.2085588666307943e-07
}