{
  "beta_1": 0.4473117257789372,
  "beta_2": 0.8901051964077372,
  "epsilon": 6.821398126983398e-08,
  "lr": 0.00030486480709902906,
  "seed": 1219355269,
  "weight_decay": 2.1024915593707793e-08
}