{
  "beta_1": 0.6324495440802607,
  "beta_2": 0.2538375215531572,
  "epsilon": 2.1430894627482752e-06,
  "lr": 0.039599036319789636,
  "seed": 983757787,
  "weight_decay": 0.00024255260453651345
}