{
  "beta_1": 0.526135193200769,
  "beta_2": 0.5625935761928231,
  "epsilon": 3.6512210227384134e-09,
  "lr": 1.021526529819239e-05,
  "seed": 128522766,
  "weight_decay": 5.504439807422405e-07
}