{
  "beta_1": 0.9201999623964825,
  "beta_2": 0.19650060860413765,
  "epsilon": 1.756193233474051e-05,
  "lr": 0.09423866034266061,
  "seed": 1011354417,
  "weight_decay": 6.681222773574767e-05
}