{
  "beta_1": 0.7978213614431003,
  "beta_2": 0.7370705346683043,
  "epsilon": 1.6677523574315068e-10,
  "lr": 0.05896783837210013,
  "seed": 1566947478,
  "weight_decay": 5.806635999589317e-08
}