{
  "beta_1": 0.1589436502037892,
  "beta_2": 0.9832782279826405,
  "epsilon": 0.00014795305417701686,
  "lr": 0.00012378608382858627,
  "seed": 1251985516,
  "weight_decay": 0.0010707610594116324
}