{
  "beta1": 0.10300533754251837,
  "beta2": 0.9574600854385931,
  "epsilon": 1.2734013819189682e-07,
  "lr": 0.000958876932227615,
  "seed": 198801717,
  "weight_decay": 0.0017162362094014548,
  "x_beta1": -4.558035653790663,
  "x_beta2": 7.990733014591333
}