{
  "beta_1": 0.5067373426343686,
  "beta_2": 0.3100685945217826,
  "epsilon": 0.0006070701034015662,
  "lr": 1.4481125505938557e-05,
  "seed": 735784044.977128,
  "weight_decay": 0.00428776973519267
}