{
  "beta_1": 0.6375052230111093,
  "beta_2": 0.8649025263773893,
  "epsilon": 9.460091082785952e-09,
  "lr": 0.00011359318121994742,
  "seed": 764731682,
  "weight_decay": 2.290170325506601e-05
}