{
  "beta_1": 0.12674580678474426,
  "beta_2": 0.3241721443316128,
  "epsilon": 0.00033448132595988145,
  "lr": 0.009854985897193998,
  "seed": 104167178,
  "weight_decay": 1.0923117821951031e-05
}