{
  "beta_1": 0.6558235114381685,
  "beta_2": 0.94489854660336,
  "epsilon": 0.00019611013895883401,
  "lr": 0.0004439900857543088,
  "seed": 2085078915.2450511,
  "weight_decay": 5.640662242817247e-06
}