{
  "beta_1": 0.9105829658322203,
  "beta_2": 0.9688173640594018,
  "epsilon": 4.7316123267724205e-09,
  "lr": 0.002079071418754548,
  "seed": 1977998694.3999739,
  "weight_decay": 0.0026905056771918167
}