{
  "beta_1": 0.6993440312272395,
  "beta_2": 0.3157321029077092,
  "epsilon": 1.8892127425640732e-07,
  "lr": 0.00013300569070924393,
  "seed": 898773357.4850336,
  "weight_decay": 2.2076296043453545e-06
}