{
  "beta1": 0.1000231287593549,
  "beta2": 0.1024037298157105,
  "epsilon": 2.5779610103774188e-06,
  "lr": 0.0004388321665235677,
  "seed": 737344689,
  "weight_decay": 2.0767202136881168e-08,
  "x_beta1": -10.567935749031326,
  "x_beta2": -5.922587343684995
}