{
  "beta1": 0.998998572526836,
  "beta2": 0.10312230581716544,
  "epsilon": 7.738432319312923e-07,
  "lr": 1.1403215975013804e-06,
  "seed": 1575101228,
  "weight_decay": 1.5259210712132857e-08,
  "x_beta1": 10.682504690066189,
  "x_beta2": -4.528188980755984
}