{
  "beta_1": 0.2074907220275321,
  "beta_2": 0.7508886216556134,
  "epsilon": 3.048030599951492e-09,
  "lr": 0.0006488134906773249,
  "seed": 1631295710,
  "weight_decay": 1.825750914364253e-06
}