{
  "beta1": 0.6753699877633788,
  "beta2": 0.8944472884263349,
  "epsilon": 1.126176058407182e-07,
  "lr": 0.0001059700813126433,
  "seed": 790416135,
  "weight_decay": 0.004170266221869776,
  "x_beta1": -0.3416895743740245,
  "x_beta2": 1.292405771060269
}