{
  "beta_1": 0.8709278382073158,
  "beta_2": 0.6015055488216139,
  "epsilon": 0.00010261591623366686,
  "lr": 0.013580424940757624,
  "seed": 1585109264,
  "weight_decay": 1.2570532929333716e-06
}