{
  "beta_1": 0.3957662657988956,
  "beta_2": 0.17830941250041704,
  "epsilon": 2.662768828959412e-10,
  "lr": 0.0006482341176309614,
  "seed": 1249671445.7108138,
  "weight_decay": 0.00018140138312929444
}