{
  "beta_1": 0.26582618513045186,
  "beta_2": 0.5860565703146964,
  "epsilon": 3.035937557408504e-08,
  "lr": 0.00028786231286287195,
  "seed": 1885095353,
  "weight_decay": 0.007525712335363836
}