{
  "beta_1": 0.4471696933250615,
  "beta_2": 0.7992299951351078,
  "epsilon": 1.0995828946670486e-07,
  "lr": 0.001117201976886385,
  "seed": 21627708.85745445,
  "weight_decay": 5.240658144958503e-05
}