{
  "beta_1": 0.78372756318079,
  "beta_2": 0.5110083970121102,
  "epsilon": 1.381778043681028e-07,
  "lr": 2.7593351546874762e-05,
  "seed": 85226915.00952463,
  "weight_decay": 0.0022702584013279993
}