{
  "beta_1": 0.4500607938708654,
  "beta_2": 0.9500482910304268,
  "epsilon": 2.4791968135721983e-10,
  "lr": 0.000510543203305207,
  "seed": 18541194,
  "weight_decay": 0.0038097510473571843
}