{
  "beta_1": 0.8087215557250838,
  "beta_2": 0.7495578567534457,
  "epsilon": 2.0745197555753026e-06,
  "lr": 0.009959596182842098,
  "seed": 378660116,
  "weight_decay": 1.0965926244196486e-05
}