{
  "beta_1": 0.5739424780210647,
  "beta_2": 0.35978806839641986,
  "epsilon": 8.415499068939689e-07,
  "lr": 0.00022306667092064023,
  "seed": 612398290,
  "weight_decay": 5.325122557699174e-06
}