{
  "beta_1": 0.30340950425250945,
  "beta_2": 0.8893236470413097,
  "epsilon": 1.439628190916478e-06,
  "lr": 0.00020733360654749783,
  "seed": 1127630479,
  "weight_decay": 3.3119335373399897e-06
}