{
  "beta_1": 0.2909258256299333,
  "beta_2": 0.3011598107047592,
  "epsilon": 0.00031859816703721817,
  "lr": 0.00036935861939800426,
  "seed": 231725047.9411502,
  "weight_decay": 1.7176594193490124e-08
}