{
  "beta_1": 0.3504668448300038,
  "beta_2": 0.39035723096753905,
  "epsilon": 8.53516182889967e-06,
  "lr": 0.0012487427283801515,
  "seed": 935752156.509651,
  "weight_decay": 0.0033682096396967162
}