{
  "beta_1": 0.6008775333503681,
  "beta_2": 0.6619991356640534,
  "epsilon": 1.0729890640334716e-05,
  "lr": 0.03937346877495172,
  "seed": 1760039433,
  "weight_decay": 2.485536256871892e-06
}