{
  "beta1": 0.10000100470937369,
  "beta2": 0.10034856526339324,
  "epsilon": 7.879166570160147e-05,
  "lr": 0.000437825779591829,
  "seed": 770984983,
  "weight_decay": 0.0013051586881878666,
  "x_beta1": -7.8231912597537425,
  "x_beta2": -6.284660824099094
}