{
  "beta_1": 0.6301476905199148,
  "beta_2": 0.9382301984122943,
  "epsilon": 7.729770402568772e-08,
  "lr": 0.003326418354392411,
  "seed": 312066476.9189094,
  "weight_decay": 5.356860551430317e-06
}