{
  "beta_1": 0.627683522479528,
  "beta_2": 0.477728312016254,
  "epsilon": 3.598560346120574e-06,
  "lr": 0.0034262715200811932,
  "seed": 680510024,
  "weight_decay": 0.000212523962188943
}