{
  "beta_1": 0.653508232897884,
  "beta_2": 0.2471622330729052,
  "epsilon": 1.4580136271323393e-10,
  "lr": 0.00019195583517414152,
  "seed": 949389570.7336093,
  "weight_decay": 4.972668058567825e-07
}