{
  "beta_1": 0.6006795318041288,
  "beta_2": 0.46204615112225755,
  "epsilon": 7.843334929696338e-05,
  "lr": 0.004584715370019354,
  "seed": 969676891,
  "weight_decay": 0.001315089766054001
}