{
  "beta_1": 0.3046240746481924,
  "beta_2": 0.6861947892090049,
  "epsilon": 4.20294064267996e-09,
  "lr": 0.07767876793899903,
  "seed": 1503481972,
  "weight_decay": 0.00020326449756287134
}