{
  "beta_1": 0.601817196442508,
  "beta_2": 0.3478212112077492,
  "epsilon": 1.4834348783335338e-07,
  "lr": 9.57284532775111e-06,
  "seed": 930800072,
  "weight_decay": 8.653144014574254e-05
}