{
  "beta_1": 0.7887190126604497,
  "beta_2": 0.8178759342721528,
  "epsilon": 6.590952194588534e-06,
  "lr": 0.003087501192304693,
  "seed": 854554598.1724589,
  "weight_decay": 3.339024433865888e-07
}