{
  "beta_1": 0.4573465653114265,
  "beta_2": 0.5844588413899424,
  "epsilon": 6.753430400944589e-10,
  "lr": 0.0009440980392103597,
  "seed": 78583292,
  "weight_decay": 0.0012729837561550842
}