{
  "beta_1": 0.9267310389019925,
  "beta_2": 0.5300839243301748,
  "epsilon": 3.3975402546289287e-09,
  "lr": 6.738575289481819e-06,
  "seed": 1925332874.315898,
  "weight_decay": 3.001379974469752e-08
}