{
  "beta_1": 0.625218250732302,
  "beta_2": 0.6342043597828463,
  "epsilon": 6.526866923114182e-06,
  "lr": 0.0011375010281823932,
  "seed": 318882806.93567955,
  "weight_decay": 8.377700513608581e-06
}