{
  "beta_1": 0.7353448177264974,
  "beta_2": 0.15706929743521889,
  "epsilon": 6.459530514431426e-06,
  "lr": 0.0011987530518531382,
  "seed": 567063245.7554519,
  "weight_decay": 1.1204514206595846e-08
}