{
  "beta1": 0.10000943467464624,
  "beta2": 0.5397738920164976,
  "epsilon": 1.0769659357937528e-09,
  "lr": 7.666909457329987e-05,
  "seed": 8575851,
  "weight_decay": 7.843808534944809e-05,
  "x_beta1": -11.464636124246796,
  "x_beta2": -0.045239886652598926
}