{
  "beta_1": 0.5874393875651128,
  "beta_2": 0.46251849183458427,
  "epsilon": 8.565800672491985e-06,
  "lr": 0.0017658372797754846,
  "seed": 1696187483,
  "weight_decay": 5.16600889363116e-05
}