{
  "beta_1": 0.37900128913964215,
  "beta_2": 0.6272384715068321,
  "epsilon": 2.9696593062961244e-05,
  "lr": 1.3472776855796893e-06,
  "seed": 1142804422,
  "weight_decay": 8.934749967298109e-06
}