{
  "beta_1": 0.9563481214600739,
  "beta_2": 0.18702126241726041,
  "epsilon": 0.00020858342578884524,
  "lr": 0.09841670798904695,
  "seed": 1311284921,
  "weight_decay": 0.00011077382060881528
}