{
  "beta_1": 0.7425211871319622,
  "beta_2": 0.7809770183010308,
  "epsilon": 1.3157025215751755e-07,
  "lr": 0.00015196007081979247,
  "seed": 273335991,
  "weight_decay": 0.0006604602983000868
}