{
  "beta_1": 0.7596638780779773,
  "beta_2": 0.5996295805094544,
  "epsilon": 4.2785736398186846e-05,
  "lr": 0.00032251197278111737,
  "seed": 1726417702.6554713,
  "weight_decay": 0.0022341638845487237
}