{
  "beta_1": 0.9010240397777753,
  "beta_2": 0.32395086920868854,
  "epsilon": 2.6623370024958916e-07,
  "lr": 0.03011193200719911,
  "seed": 601126595,
  "weight_decay": 0.0028020463907018536
}