{
  "beta_1": 0.7336234086585602,
  "beta_2": 0.48805486158294764,
  "epsilon": 1.407495091662566e-09,
  "lr": 0.03857461487763803,
  "seed": 1300346119,
  "weight_decay": 0.0002412124097458873
}