{
  "beta_1": 0.10778578360268846,
  "beta_2": 0.17210141429155432,
  "epsilon": 7.11121720852798e-10,
  "lr": 0.0005189209459099973,
  "seed": 1707227428.3148472,
  "weight_decay": 5.107622195766528e-05
}