{
  "beta1": 0.8401920221353056,
  "beta2": 0.10987700077574418,
  "epsilon": 5.705866311296494e-10,
  "lr": 1.0146676798675813e-06,
  "seed": 1131975445,
  "weight_decay": 0.001387802643215416,
  "x_beta1": 1.5392138559149195,
  "x_beta2": -4.5010384037508455
}