{
  "beta1": 0.9594499038481186,
  "beta2": 0.9998371927573135,
  "epsilon": 5.3666528686208246e-08,
  "lr": 0.0009310498017213272,
  "seed": 1826755038,
  "weight_decay": 8.501407025943667e-07,
  "x_beta1": 2.4629795300319546,
  "x_beta2": 11.483878479335713
}