{
  "beta_1": 0.4857184225592214,
  "beta_2": 0.5714065495162222,
  "epsilon": 5.488913107130736e-10,
  "lr": 1.238353471363861e-06,
  "seed": 250849830,
  "weight_decay": 4.6432655049086614e-08
}