{
  "beta_1": 0.8624327144054231,
  "beta_2": 0.9331862378898711,
  "epsilon": 0.00017693769795353335,
  "lr": 0.002550072073715425,
  "seed": 1078916813,
  "weight_decay": 1.9469071190324096e-06
}