{
  "beta_1": 0.3107050673255814,
  "beta_2": 0.17273595619191856,
  "epsilon": 5.498343845979242e-10,
  "lr": 1.6057859909601555e-05,
  "seed": 103231318.00254185,
  "weight_decay": 0.0016821077818016813
}