{
  "beta1": 0.11752207721394,
  "beta2": 0.10312329189785763,
  "epsilon": 1.314091196949026e-08,
  "lr": 0.0006242493594259283,
  "seed": 327734795,
  "weight_decay": 0.005736521923950151,
  "x_beta1": -3.918138315551838,
  "x_beta2": -5.659919358121877
}