{
  "beta_1": 0.1791832759870577,
  "beta_2": 0.8086248286538407,
  "epsilon": 7.689624936368542e-06,
  "lr": 0.0012233859371802436,
  "seed": 1579753063.9206746,
  "weight_decay": 0.009329077301077515
}