{
  "beta_1": 0.27570465692531676,
  "beta_2": 0.1120175477474275,
  "epsilon": 9.018838533821686e-06,
  "lr": 0.0006689852971359204,
  "seed": 70301004.78560528,
  "weight_decay": 5.616223634116194e-07
}