{
  "beta_1": 0.7694223981105712,
  "beta_2": 0.9984168770976418,
  "epsilon": 2.7484445832788046e-06,
  "lr": 9.260509002967057e-05,
  "seed": 677261997,
  "weight_decay": 4.072134782405762e-08
}