{
  "beta_1": 0.401323504482902,
  "beta_2": 0.4975006359438049,
  "epsilon": 1.6353558496171005e-09,
  "lr": 0.005630285821253648,
  "seed": 210951938.1412413,
  "weight_decay": 0.0023320704564944394
}