{
  "beta_1": 0.40187497390662164,
  "beta_2": 0.7191404604396904,
  "epsilon": 1.159116628737801e-10,
  "lr": 0.0030368223701940336,
  "seed": 36929448.804053105,
  "weight_decay": 5.165507293023468e-06
}