{
  "beta_1": 0.2234924892299407,
  "beta_2": 0.30467244820415135,
  "epsilon": 2.2374081561135947e-05,
  "lr": 0.0007995100863884192,
  "seed": 735090432,
  "weight_decay": 1.7794286040870414e-08
}