{
  "beta_1": 0.658261512995238,
  "beta_2": 0.6722518901615231,
  "epsilon": 8.806114021589434e-10,
  "lr": 0.000678319937624283,
  "seed": 1991134110.199599,
  "weight_decay": 7.397144256099297e-06
}