{
  "beta_1": 0.2737766312672436,
  "beta_2": 0.579650145173647,
  "epsilon": 0.00013191729451261197,
  "lr": 8.563983851051634e-05,
  "seed": 1856407035.6877255,
  "weight_decay": 0.0006821351525949882
}