{
  "beta_1": 0.3237641016962821,
  "beta_2": 0.8821392663740483,
  "epsilon": 0.0003468654672061039,
  "lr": 3.124284534254281e-06,
  "seed": 359212387,
  "weight_decay": 2.264182826802573e-06
}