{
  "beta_1": 0.315881404965665,
  "beta_2": 0.9014821416696963,
  "epsilon": 2.05434323282021e-06,
  "lr": 0.0001530252369188678,
  "seed": 1180835154.9610755,
  "weight_decay": 1.744822558318057e-08
}