{
  "beta_1": 0.5018630383624253,
  "beta_2": 0.5546656890802804,
  "epsilon": 3.145634739577172e-08,
  "lr": 6.77744685524807e-06,
  "seed": 454466466,
  "weight_decay": 4.426773396037665e-05
}