{
  "beta_1": 0.3765041245591422,
  "beta_2": 0.3441611118242195,
  "epsilon": 5.610265123233166e-07,
  "lr": 0.00010871411532790624,
  "seed": 1059059132.5300524,
  "weight_decay": 2.600235096441212e-06
}