{
  "beta_1": 0.7450238477309292,
  "beta_2": 0.7038138272163572,
  "epsilon": 3.3076372439045743e-10,
  "lr": 0.024267246868610322,
  "seed": 1313455352.9944255,
  "weight_decay": 1.7438103621593397e-05
}