{
  "beta_1": 0.9043556132543333,
  "beta_2": 0.582076244207644,
  "epsilon": 4.708601026529112e-08,
  "lr": 0.006030135786053766,
  "seed": 852976765,
  "weight_decay": 0.009819735519224387
}