{
  "beta_1": 0.4801935325110017,
  "beta_2": 0.6217886552096983,
  "epsilon": 3.981755434355134e-09,
  "lr": 0.009020673795728702,
  "seed": 1620843572.9449618,
  "weight_decay": 1.7977590066070604e-05
}