{
  "beta_1": 0.875847052937218,
  "beta_2": 0.1707748894760825,
  "epsilon": 0.00018984513739508067,
  "lr": 0.008955131693785959,
  "seed": 1773909667,
  "weight_decay": 1.1530411490945698e-06
}