{
  "beta_1": 0.7068705450711058,
  "beta_2": 0.9553042460354805,
  "epsilon": 6.282214655589982e-06,
  "lr": 0.0004422358219550748,
  "seed": 258910689.190516,
  "weight_decay": 0.0070719647321956115
}