{
  "beta_1": 0.25013319254398103,
  "beta_2": 0.18886661601876562,
  "epsilon": 0.0004815283378635128,
  "lr": 0.000946056260359867,
  "seed": 1487260780.2610404,
  "weight_decay": 2.4606877085862622e-05
}