{
  "beta_1": 0.46484562061294377,
  "beta_2": 0.5382520423569657,
  "epsilon": 3.2251402503751673e-06,
  "lr": 0.00024735264279401273,
  "seed": 2087211414.3563504,
  "weight_decay": 1.8041318900876117e-08
}