{
  "beta_1": 0.20139046232095575,
  "beta_2": 0.3349041426551589,
  "epsilon": 2.2953274419092408e-07,
  "lr": 0.03356684923517668,
  "seed": 685047646,
  "weight_decay": 3.239555462153084e-05
}