{
  "beta_1": 0.40565711954728945,
  "beta_2": 0.7114031297621789,
  "epsilon": 1.9558182205446685e-05,
  "lr": 2.1154452468564394e-05,
  "seed": 208186554,
  "weight_decay": 8.954109109282391e-06
}