{
  "beta_1": 0.21958439974733765,
  "beta_2": 0.18798087156193252,
  "epsilon": 7.130457409252183e-10,
  "lr": 1.2653976507196174e-05,
  "seed": 365623422,
  "weight_decay": 0.0005961659051057608
}