{
  "beta_1": 0.1848556573164269,
  "beta_2": 0.6125372741003228,
  "epsilon": 6.335814061387498e-07,
  "lr": 1.4486688143666522e-05,
  "seed": 1560806146,
  "weight_decay": 1.1569967589801427e-05
}