{
  "beta_1": 0.5696153481204574,
  "beta_2": 0.20193623090460494,
  "epsilon": 2.7694516686872472e-05,
  "lr": 5.818917606496685e-06,
  "seed": 528817043,
  "weight_decay": 7.228275369311169e-07
}