{
  "beta_1": 0.33238969312530087,
  "beta_2": 0.5308606428017449,
  "epsilon": 9.979749988248527e-07,
  "lr": 1.277616155188779e-06,
  "seed": 1264453560,
  "weight_decay": 3.16679435436466e-06
}