{
  "beta_1": 0.9243818815561647,
  "beta_2": 0.6782199313046718,
  "epsilon": 1.4411399996461466e-05,
  "lr": 0.048804114159797574,
  "seed": 1316003357,
  "weight_decay": 6.0607785889164595e-06
}