{
  "beta_1": 0.9470776013673926,
  "beta_2": 0.8572289676699842,
  "epsilon": 7.017790366482244e-08,
  "lr": 0.0005920393030073931,
  "seed": 240576510.8925154,
  "weight_decay": 1.8473697879882717e-06
}