{
  "beta1": 0.1000231287593549,
  "beta2": 0.1024037298157105,
  "epsilon": 2.062368808301935e-06,
  "lr": 2.619430272338996e-05,
  "seed": 737344689,
  "weight_decay": 1.9533699666628464e-08,
  "x_beta1": -8.454348599225062,
  "x_beta2": 13.060208192129425
}