{
  "beta_1": 0.1272010040826249,
  "beta_2": 0.7877702675707183,
  "epsilon": 3.2122833009133964e-07,
  "lr": 0.03048345969784932,
  "seed": 272279671,
  "weight_decay": 2.9823845937779535e-06
}