{
  "beta_1": 0.45988478018279355,
  "beta_2": 0.12499074727580989,
  "epsilon": 3.3446605456612716e-10,
  "lr": 0.00016135578223635687,
  "seed": 92619014,
  "weight_decay": 6.586691402334922e-07
}