{
  "beta1": 0.998996016622257,
  "beta2": 0.9842222233528213,
  "epsilon": 3.4616259893961e-07,
  "lr": 0.0005598208024448927,
  "seed": 1394881215,
  "weight_decay": 7.684194417248845e-05,
  "x_beta1": 12.32690374403211,
  "x_beta2": 4.032464205521494
}