{
  "beta_1": 0.9203217429266335,
  "beta_2": 0.42641422877606905,
  "epsilon": 1.4135015536577267e-06,
  "lr": 0.012244388812788123,
  "seed": 1638296285,
  "weight_decay": 6.7338051715895e-07
}