{
  "beta_1": 0.5212100605881959,
  "beta_2": 0.2557739731765712,
  "epsilon": 5.6711268580274834e-05,
  "lr": 0.0001684486721283588,
  "seed": 1471594021,
  "weight_decay": 2.0762479815451158e-07
}