{
  "beta_1": 0.46524726704695973,
  "beta_2": 0.969937800312787,
  "epsilon": 1.82100759845354e-06,
  "lr": 0.0011442084924482977,
  "seed": 1354823357.0779762,
  "weight_decay": 8.555412002556699e-08
}