{
  "beta_1": 0.21159913724061602,
  "beta_2": 0.14986608693980458,
  "epsilon": 3.192927768715726e-09,
  "lr": 0.00016569953225986878,
  "seed": 1345897717,
  "weight_decay": 1.909946497296852e-07
}