{
  "beta_1": 0.5081167824737162,
  "beta_2": 0.680134488021983,
  "epsilon": 3.7184768470292244e-08,
  "lr": 0.0022592091438840647,
  "seed": 174829769.99382725,
  "weight_decay": 0.0005060653234287663
}