{
  "beta_1": 0.11410608227461969,
  "beta_2": 0.29092014661912396,
  "epsilon": 1.0606365916209093e-05,
  "lr": 3.122698864444306e-05,
  "seed": 202159691.12797758,
  "weight_decay": 2.405197021189771e-05
}