{
  "beta_1": 0.9137367196183671,
  "beta_2": 0.6128696350290183,
  "epsilon": 3.006032058366283e-08,
  "lr": 0.0024667546140829926,
  "seed": 428869291.3522691,
  "weight_decay": 8.339986706785322e-08
}