{
  "beta_1": 0.4179301463480345,
  "beta_2": 0.19856458055221382,
  "epsilon": 2.3238401462364112e-10,
  "lr": 0.0005067145312180746,
  "seed": 55602800,
  "weight_decay": 3.249281650553643e-05
}