{
  "beta_1": 0.19674503489681938,
  "beta_2": 0.23131633935159465,
  "epsilon": 3.5256231784570875e-05,
  "lr": 0.0015969185511603816,
  "seed": 261808149,
  "weight_decay": 0.002561387393366601
}