{
  "beta_1": 0.7290776073604305,
  "beta_2": 0.34151390376919744,
  "epsilon": 0.00028604674130963307,
  "lr": 0.004138498463546017,
  "seed": 1562103813.8311508,
  "weight_decay": 6.260384540926634e-06
}