{
  "beta_1": 0.18516123959699396,
  "beta_2": 0.12841616684439336,
  "epsilon": 3.7048660715610467e-05,
  "lr": 0.01844610169652743,
  "seed": 1611689968.3256404,
  "weight_decay": 2.0762473862591615e-08
}