{
  "beta_1": 0.6882519459806372,
  "beta_2": 0.1839494755160126,
  "epsilon": 2.710997386525001e-10,
  "lr": 0.00016472596753579506,
  "seed": 602931828.4781415,
  "weight_decay": 0.00019608126293947151
}