{
  "beta_1": 0.23117345435710973,
  "beta_2": 0.7195701038431755,
  "epsilon": 8.039633824296265e-08,
  "lr": 0.0011175426648658612,
  "seed": 118032251,
  "weight_decay": 3.3999630354603155e-05
}