{
  "beta_1": 0.5686035331473114,
  "beta_2": 0.7481478507705946,
  "epsilon": 8.566662612841472e-10,
  "lr": 0.0007736592343879862,
  "seed": 1554511070,
  "weight_decay": 1.525866491785191e-08
}