{
  "beta_1": 0.6974792140082287,
  "beta_2": 0.7890294191419874,
  "epsilon": 1.5550657588899264e-08,
  "lr": 0.0005422819403707357,
  "seed": 261869177.56340033,
  "weight_decay": 3.634677194456777e-05
}