{
  "beta_1": 0.3768870313974022,
  "beta_2": 0.30994504156822533,
  "epsilon": 1.8688670895670115e-05,
  "lr": 0.013810878482464418,
  "seed": 1943703793.6304092,
  "weight_decay": 6.479657787687505e-08
}