{
  "beta_1": 0.5557495520482406,
  "beta_2": 0.16585664663861127,
  "epsilon": 1.7223169314564153e-08,
  "lr": 0.00021152626558724666,
  "seed": 1797051051,
  "weight_decay": 0.003480940552346672
}