{
  "beta_1": 0.892403411648792,
  "beta_2": 0.628739200769966,
  "epsilon": 2.0015553422560212e-06,
  "lr": 2.802770128574009e-06,
  "seed": 928433451,
  "weight_decay": 0.0003022573627877204
}