{
  "beta_1": 0.8178747668615187,
  "beta_2": 0.24047261625944294,
  "epsilon": 9.190737632234881e-08,
  "lr": 0.0002536603932674401,
  "seed": 227325212,
  "weight_decay": 6.47158087924276e-05
}