{
  "beta_1": 0.24503391229745594,
  "beta_2": 0.7370018064152456,
  "epsilon": 1.948126499582893e-07,
  "lr": 0.00048256761380341726,
  "seed": 1462940317.1753936,
  "weight_decay": 0.00043517431170768297
}