{
  "beta_1": 0.16133054296432708,
  "beta_2": 0.6708730933978909,
  "epsilon": 8.56424264299115e-05,
  "lr": 0.005353549250126863,
  "seed": 680510024,
  "weight_decay": 0.0012865719959788062
}