{
  "beta_1": 0.9234963488552218,
  "beta_2": 0.44614677683100235,
  "epsilon": 5.57927418213994e-10,
  "lr": 0.01839681684758116,
  "seed": 990064455,
  "weight_decay": 1.9498285708595022e-05
}