{
  "beta_1": 0.9235609077769004,
  "beta_2": 0.8507210405034102,
  "epsilon": 8.028339887166234e-10,
  "lr": 3.139492416056792e-05,
  "seed": 1918980732.771592,
  "weight_decay": 7.713264896894584e-05
}