{
  "beta_1": 0.381353999699782,
  "beta_2": 0.10894621918885006,
  "epsilon": 0.00011872513395352035,
  "lr": 0.07642892942603266,
  "seed": 2005185847.499004,
  "weight_decay": 3.899543323453385e-07
}