{
  "beta_1": 0.5501029482931815,
  "beta_2": 0.4195792967095616,
  "epsilon": 2.0514078843108275e-09,
  "lr": 6.104118486316579e-06,
  "seed": 2034076864,
  "weight_decay": 2.5103267825880426e-08
}