{
  "beta_1": 0.8400233174465519,
  "beta_2": 0.9768225153055443,
  "epsilon": 3.827854559932557e-06,
  "lr": 0.017098963508805767,
  "seed": 637982578,
  "weight_decay": 0.0012940368976397955
}