{
  "beta_1": 0.575082348527585,
  "beta_2": 0.1551359082351413,
  "epsilon": 1.9799756182074167e-07,
  "lr": 1.1974992788281715e-05,
  "seed": 1144118585,
  "weight_decay": 7.5751401528201105e-06
}