{
  "beta_1": 0.19744164258142555,
  "beta_2": 0.5125411109563999,
  "epsilon": 0.00027014672479701545,
  "lr": 3.094246807583183e-05,
  "seed": 1902267585,
  "weight_decay": 0.004781070530929648
}