{
  "beta_1": 0.5249295255938815,
  "beta_2": 0.2582111278291088,
  "epsilon": 2.672443427623698e-06,
  "lr": 1.974011739153214e-05,
  "seed": 97706950,
  "weight_decay": 0.005220957719649837
}