{
  "beta_1": 0.843397714734515,
  "beta_2": 0.5555827179154536,
  "epsilon": 1.0231296488119605e-10,
  "lr": 0.00020981830806765018,
  "seed": 891408572.1436702,
  "weight_decay": 2.218316134468756e-06
}