{
  "beta_1": 0.37624062715145745,
  "beta_2": 0.2233392933478539,
  "epsilon": 6.232470873596051e-05,
  "lr": 0.040247866147356204,
  "seed": 1255153607.5645103,
  "weight_decay": 0.0004518474020591037
}