{
  "beta_1": 0.9900854109808659,
  "beta_2": 0.1381169322286541,
  "epsilon": 8.302893157341202e-10,
  "lr": 7.505223571059428e-05,
  "seed": 1981025280,
  "weight_decay": 0.00022462515448209403
}