{
  "beta_1": 0.5704090345593498,
  "beta_2": 0.7950904761501653,
  "epsilon": 6.961851955970229e-10,
  "lr": 0.001499612470591129,
  "seed": 1107806948.5302968,
  "weight_decay": 6.02222616857561e-07
}