{
  "beta_1": 0.767244926743378,
  "beta_2": 0.4668158092510719,
  "epsilon": 2.4615194872870236e-06,
  "lr": 0.0002786427295106385,
  "seed": 1878423432.5956643,
  "weight_decay": 1.1335138507764632e-05
}