{
  "beta_1": 0.7709696523965227,
  "beta_2": 0.6449077607540965,
  "epsilon": 2.3717016867911181e-07,
  "lr": 7.597307117003237e-06,
  "seed": 1483737074,
  "weight_decay": 8.996129414974119e-05
}