{
  "beta_1": 0.7474075113383485,
  "beta_2": 0.7380985069305781,
  "epsilon": 8.118841915774526e-08,
  "lr": 1.5849683692075466e-06,
  "seed": 1095599461.263265,
  "weight_decay": 1.23302378572881e-07
}