{
  "beta_1": 0.38617870196482895,
  "beta_2": 0.7518844750987536,
  "epsilon": 0.00014795305417701686,
  "lr": 0.00018567912574287942,
  "seed": 1251985516,
  "weight_decay": 0.0007138407062744217
}