{
  "beta_1": 0.9865314693568707,
  "beta_2": 0.3106840431936417,
  "epsilon": 3.5350418815823344e-09,
  "lr": 0.001014846809754719,
  "seed": 534590453.0142269,
  "weight_decay": 3.3778312216609416e-07
}