{
  "beta_1": 0.11279913572036929,
  "beta_2": 0.6102205273302463,
  "epsilon": 0.00018257979420201312,
  "lr": 0.007891947536015981,
  "seed": 692727444,
  "weight_decay": 2.060715745728411e-08
}