{
  "beta_1": 0.5265231352938277,
  "beta_2": 0.7552942256435271,
  "epsilon": 1.9844434610845145e-10,
  "lr": 0.0009912883094021542,
  "seed": 1471183067.0545297,
  "weight_decay": 1.0152587248820151e-07
}