{
  "beta_1": 0.7646889310735213,
  "beta_2": 0.7212868804538901,
  "epsilon": 1.6886887161573808e-06,
  "lr": 0.0005446642600982828,
  "seed": 220664793.9532169,
  "weight_decay": 0.004664827462389715
}