{
  "beta_1": 0.7568695941416786,
  "beta_2": 0.9152481972292826,
  "epsilon": 1.581181551240249e-06,
  "lr": 1.6009406315290867e-06,
  "seed": 986987521,
  "weight_decay": 0.00018012106488800525
}