{
  "beta_1": 0.8649382748360498,
  "beta_2": 0.4790055393014824,
  "epsilon": 7.131103773331494e-06,
  "lr": 0.0417173049089911,
  "seed": 1196788305,
  "weight_decay": 0.0014156448156153576
}