{
  "beta_1": 0.4696919005831373,
  "beta_2": 0.7942842172697866,
  "epsilon": 2.2731872404786298e-07,
  "lr": 0.00019839733062848344,
  "seed": 115812351,
  "weight_decay": 0.0002944877047313217
}