{
  "beta_1": 0.8814402915593983,
  "beta_2": 0.563614030999503,
  "epsilon": 0.0006539489181864321,
  "lr": 8.746015486008784e-06,
  "seed": 273335991,
  "weight_decay": 0.0010635998616790974
}