{
  "beta_1": 0.6060468209195914,
  "beta_2": 0.28745146992254256,
  "epsilon": 1.7331353473093527e-06,
  "lr": 0.00016322211342299214,
  "seed": 1323410805,
  "weight_decay": 0.00023455911951697673
}