{
  "beta_1": 0.619732462898563,
  "beta_2": 0.8645946897138174,
  "epsilon": 2.651716381967788e-10,
  "lr": 0.0020594364861986777,
  "seed": 1047518176.2321894,
  "weight_decay": 0.0002666702601242638
}