{
  "beta_1": 0.8017317520707432,
  "beta_2": 0.9431269501083703,
  "epsilon": 6.411463085547097e-08,
  "lr": 1.1239946239570643e-06,
  "seed": 1752129853,
  "weight_decay": 6.418715064236218e-05
}