{
  "beta_1": 0.92757688424697,
  "beta_2": 0.38063130327271866,
  "epsilon": 0.0006985567832396176,
  "lr": 0.026999659689887066,
  "seed": 1277706610.470972,
  "weight_decay": 1.0491417440723576e-08
}