{
  "beta_1": 0.21464841326272752,
  "beta_2": 0.7221535939797731,
  "epsilon": 0.00011373699574603407,
  "lr": 0.0007507279832537871,
  "seed": 599468666,
  "weight_decay": 5.670392886434339e-06
}