{
  "beta1": 0.9989842789564519,
  "beta2": 0.11605348681276174,
  "epsilon": 1.58998210877794e-09,
  "lr": 4.230701704302349e-05,
  "seed": 1908596185,
  "weight_decay": 0.004000343474780021,
  "x_beta1": 10.954020657780136,
  "x_beta2": -4.008357347064001
}