{
  "beta_1": 0.39516947853874573,
  "beta_2": 0.13923529582507552,
  "epsilon": 2.6940657331000063e-10,
  "lr": 0.00012498913839749436,
  "seed": 1802344227,
  "weight_decay": 2.147010585649904e-05
}