{
  "beta_1": 0.856788245655748,
  "beta_2": 0.933420057148274,
  "epsilon": 6.832180815993693e-07,
  "lr": 0.0001346938511563004,
  "seed": 158530013,
  "weight_decay": 6.57514953828209e-08
}