{
  "beta_1": 0.6109542149896658,
  "beta_2": 0.3436290136864293,
  "epsilon": 3.892855169202996e-09,
  "lr": 0.09303772357643929,
  "seed": 986305764,
  "weight_decay": 3.098571003918573e-07
}