{
  "beta_1": 0.7855841924564376,
  "beta_2": 0.9657673849651879,
  "epsilon": 2.1898311800565702e-10,
  "lr": 0.00014378420232165218,
  "seed": 23318624,
  "weight_decay": 1.0075808273981372e-08
}