{
  "beta_1": 0.5341483879520559,
  "beta_2": 0.6817640052291661,
  "epsilon": 2.10898325511026e-06,
  "lr": 3.7130696558576e-05,
  "seed": 425485912,
  "weight_decay": 1.5747508835533338e-06
}