{
  "beta_1": 0.19835176835437288,
  "beta_2": 0.45341152139938634,
  "epsilon": 5.439825645447233e-07,
  "lr": 0.06703642433597777,
  "seed": 1951498973.7459857,
  "weight_decay": 6.332034322229617e-07
}