{
  "beta_1": 0.4154257581598668,
  "beta_2": 0.36242856572751025,
  "epsilon": 2.4502047374685572e-08,
  "lr": 0.005086810745551812,
  "seed": 1197911491,
  "weight_decay": 1.3402726308654868e-07
}