{
  "beta_1": 0.34855912607930084,
  "beta_2": 0.955162186511905,
  "epsilon": 3.510081913087481e-08,
  "lr": 2.7735942498700732e-05,
  "seed": 451927231.42614025,
  "weight_decay": 0.0004056864351569472
}