{
  "beta_1": 0.4945920111680845,
  "beta_2": 0.8604543148828865,
  "epsilon": 1.3285019717563882e-09,
  "lr": 0.0067362827466375085,
  "seed": 1560178167,
  "weight_decay": 0.00028529087757085957
}