{
  "beta1": 0.8604198331638268,
  "beta2": 0.9998292609952482,
  "epsilon": 0.00022760318151773806,
  "lr": 0.015939351186720272,
  "seed": 831252475,
  "weight_decay": 1.7273882662837486e-07,
  "x_beta1": -1.665829229787706,
  "x_beta2": 2.2816427526086134
}