{
  "beta_1": 0.7501544352548037,
  "beta_2": 0.7279900265148787,
  "epsilon": 0.0006305988042325666,
  "lr": 0.05273998300689043,
  "seed": 974353398,
  "weight_decay": 7.850911008429308e-07
}