{
  "beta_1": 0.6581565648991121,
  "beta_2": 0.12497094372930513,
  "epsilon": 2.7957733646700133e-05,
  "lr": 0.004280926240008062,
  "seed": 144319678,
  "weight_decay": 3.9544471843600974e-05
}