{
  "beta_1": 0.9862391834188194,
  "beta_2": 0.9726903323199931,
  "epsilon": 1.0552513023227302e-06,
  "lr": 0.02157337347026382,
  "seed": 1014029068.981696,
  "weight_decay": 4.4346379804525096e-06
}