{
  "beta_1": 0.9113010472248223,
  "beta_2": 0.19855819609989064,
  "epsilon": 1.2999013217169392e-09,
  "lr": 0.010757328843047292,
  "seed": 1764038521,
  "weight_decay": 4.055050113670927e-08
}