{
  "beta_1": 0.7816292459462335,
  "beta_2": 0.7290434840740723,
  "epsilon": 3.089650408003136e-08,
  "lr": 1.6037049464152259e-06,
  "seed": 1531008626,
  "weight_decay": 1.2329506911968596e-08
}