{
  "beta_1": 0.9133057832415404,
  "beta_2": 0.10833749927218164,
  "epsilon": 5.898771582013413e-06,
  "lr": 0.0004915635112898822,
  "seed": 429314243,
  "weight_decay": 0.00013325257127538967
}