{
  "beta_1": 0.10252873411957097,
  "beta_2": 0.2222107164505639,
  "epsilon": 3.409627742548482e-06,
  "lr": 0.00854526700122515,
  "seed": 310193659,
  "weight_decay": 6.947111588926136e-07
}