{
  "beta_1": 0.3721861061754955,
  "beta_2": 0.5130158390012675,
  "epsilon": 1.5040417839685305e-08,
  "lr": 0.013330649056008042,
  "seed": 1813999177,
  "weight_decay": 3.822925223096836e-07
}