{
  "beta1": 0.9594499038481186,
  "beta2": 0.9998371927573135,
  "epsilon": 4.873557844948645e-06,
  "lr": 3.2558795334827594e-06,
  "seed": 1826755038,
  "weight_decay": 5.667604683962444e-07,
  "x_beta1": 3.694469295047931,
  "x_beta2": 11.483878479335713
}