{
  "beta1": 0.10000581691426827,
  "beta2": 0.26238053620570345,
  "epsilon": 8.616323902885418e-06,
  "lr": 5.272932778477798e-06,
  "seed": 982568886,
  "weight_decay": 0.008919681958333666,
  "x_beta1": -11.948261916320572,
  "x_beta2": -1.5133499098564336
}