{
  "beta_1": 0.5651902813785891,
  "beta_2": 0.43492699696833315,
  "epsilon": 1.7637731734328446e-06,
  "lr": 0.0006099813919284641,
  "seed": 1720139841,
  "weight_decay": 1.7135739133661365e-07
}