{
  "beta_1": 0.19774150949026065,
  "beta_2": 0.8304054367374144,
  "epsilon": 1.131008897443623e-10,
  "lr": 0.00023365881789686867,
  "seed": 1738033008,
  "weight_decay": 0.0025456878276644383
}