{
  "beta_1": 0.14967347891191896,
  "beta_2": 0.9156189211293335,
  "epsilon": 3.168296282024148e-08,
  "lr": 5.13615758880855e-05,
  "seed": 425485912,
  "weight_decay": 1.8897010602640004e-06
}