{
  "beta_1": 0.5225744175652157,
  "beta_2": 0.21417175056629784,
  "epsilon": 4.6914451739369124e-08,
  "lr": 4.560854383097907e-05,
  "seed": 1889025518,
  "weight_decay": 1.7929903444765425e-08
}