{
  "beta_1": 0.13376966023458148,
  "beta_2": 0.732953821658609,
  "epsilon": 2.0539748372879554e-07,
  "lr": 0.0003510657332188542,
  "seed": 737344689,
  "weight_decay": 1.805824917466235e-05
}