{
  "beta_1": 0.24938022130725632,
  "beta_2": 0.8208084347751113,
  "epsilon": 2.095183047257754e-10,
  "lr": 0.0005337074231361142,
  "seed": 1692638227.1290135,
  "weight_decay": 5.993462548650549e-06
}