{
  "beta_1": 0.9046379950999074,
  "beta_2": 0.6500861500216663,
  "epsilon": 3.858237147702969e-10,
  "lr": 0.0036971024476361355,
  "seed": 816215006,
  "weight_decay": 4.610261257342678e-07
}