{
  "beta_1": 0.23729589747256466,
  "beta_2": 0.6885921946807387,
  "epsilon": 1.444894145599813e-07,
  "lr": 1.5924822970168374e-05,
  "seed": 1510418718.5360532,
  "weight_decay": 1.4486053088215524e-08
}