{
  "beta_1": 0.9794605621905914,
  "beta_2": 0.5746612240727811,
  "epsilon": 9.387086395978801e-09,
  "lr": 0.00121062613365423,
  "seed": 685453594.191944,
  "weight_decay": 6.030982212629861e-08
}