{
  "beta_1": 0.3171744812774448,
  "beta_2": 0.35848420100074285,
  "epsilon": 5.471927014741121e-06,
  "lr": 0.0005389843938577843,
  "seed": 334691682.27383983,
  "weight_decay": 1.8683997602245755e-08
}