{
  "beta_1": 0.26604342805058623,
  "beta_2": 0.7416137774931909,
  "epsilon": 7.163744504538854e-05,
  "lr": 4.4171246607005705e-06,
  "seed": 285268790,
  "weight_decay": 8.009586666925924e-07
}