{
  "beta_1": 0.8451745709115308,
  "beta_2": 0.19529621334854969,
  "epsilon": 7.296513377002029e-08,
  "lr": 3.466743520399215e-06,
  "seed": 1115497371,
  "weight_decay": 5.38172397583016e-06
}