{
  "beta_1": 0.9319651385740145,
  "beta_2": 0.12715800896892734,
  "epsilon": 0.00019894380752555118,
  "lr": 0.0002786972624993204,
  "seed": 1053579861,
  "weight_decay": 0.0002913195245493561
}