{
  "beta_1": 0.10648507998999862,
  "beta_2": 0.1757940352729534,
  "epsilon": 7.715557262414184e-07,
  "lr": 0.016488988335589948,
  "seed": 1514936063,
  "weight_decay": 1.9776743172288438e-06
}