{
  "beta_1": 0.9713653184909349,
  "beta_2": 0.7047774831587351,
  "epsilon": 3.7358922655651e-08,
  "lr": 6.59295790605158e-05,
  "seed": 1024068962,
  "weight_decay": 1.3281139670225649e-08
}