{
  "beta_1": 0.98646825306474,
  "beta_2": 0.9035258463094197,
  "epsilon": 5.332855963689202e-09,
  "lr": 0.00045210672871381116,
  "seed": 458761588,
  "weight_decay": 0.002853401910727865
}