{
  "beta_1": 0.8121937902091899,
  "beta_2": 0.6553507853426749,
  "epsilon": 3.100129655277757e-05,
  "lr": 0.022228900995325936,
  "seed": 1581041918,
  "weight_decay": 4.40362827488067e-08
}