{
  "beta_1": 0.1076201965149285,
  "beta_2": 0.4863548892453081,
  "epsilon": 1.7778045495779522e-05,
  "lr": 0.00039990477983785344,
  "seed": 1437334293,
  "weight_decay": 3.0743196807825197e-06
}