{
  "beta_1": 0.823295966995872,
  "beta_2": 0.3471443074781452,
  "epsilon": 9.279760844026417e-05,
  "lr": 0.00026706460340038507,
  "seed": 371508613,
  "weight_decay": 2.3506765920452286e-07
}