{
  "beta_1": 0.4356728708894728,
  "beta_2": 0.5047387431156474,
  "epsilon": 1.1968173465062828e-06,
  "lr": 0.002349015803407761,
  "seed": 1883521006.045504,
  "weight_decay": 0.007389242155007197
}