{
  "beta_1": 0.7024912202236282,
  "beta_2": 0.5946153387428017,
  "epsilon": 4.711618673644363e-06,
  "lr": 1.3841046988875893e-05,
  "seed": 2057226785.6861265,
  "weight_decay": 0.0008721850270662465
}