{
  "beta_1": 0.1058059779068678,
  "beta_2": 0.10775608552216512,
  "epsilon": 0.0004971952449437784,
  "lr": 0.01082213406011053,
  "seed": 650499157.8275654,
  "weight_decay": 8.7217735952217e-08
}