{
  "beta_1": 0.6689327440256727,
  "beta_2": 0.7531140268514255,
  "epsilon": 1.534412007559337e-06,
  "lr": 5.154233016984702e-06,
  "seed": 371165909,
  "weight_decay": 0.00014606923455357532
}