{
  "beta_1": 0.7511887176195476,
  "beta_2": 0.3346997408808169,
  "epsilon": 7.840265224662917e-09,
  "lr": 1.8999349654024012e-05,
  "seed": 1919108128.4002392,
  "weight_decay": 0.005315816193619202
}