{
  "beta_1": 0.7385918069515788,
  "beta_2": 0.533216332637754,
  "epsilon": 3.728725189220526e-07,
  "lr": 0.0019009144221468184,
  "seed": 2121234792,
  "weight_decay": 1.2703219705098213e-06
}