{
  "beta_1": 0.7118956691632407,
  "beta_2": 0.14342182921264182,
  "epsilon": 2.8151836107335736e-05,
  "lr": 0.08757993133375576,
  "seed": 1461630221,
  "weight_decay": 0.00011748544880706442
}