{
  "beta_1": 0.32743698947474065,
  "beta_2": 0.8448790258675718,
  "epsilon": 3.8049253515644965e-09,
  "lr": 0.0001383343212635078,
  "seed": 204182231.5815281,
  "weight_decay": 2.5841801882532227e-05
}