{
  "beta_1": 0.14256761659859496,
  "beta_2": 0.8134356498757945,
  "epsilon": 0.0007464541633189724,
  "lr": 2.0878382360387237e-06,
  "seed": 616447641.8422993,
  "weight_decay": 3.8250264054033035e-05
}