{
  "beta_1": 0.2484248315018772,
  "beta_2": 0.2835873523117407,
  "epsilon": 4.5011610939155054e-07,
  "lr": 0.005616451259233348,
  "seed": 942956581,
  "weight_decay": 4.473431950391839e-06
}