{
  "beta_1": 0.3374760190609157,
  "beta_2": 0.3136271043869524,
  "epsilon": 6.531527138507732e-09,
  "lr": 0.054142043546298285,
  "seed": 1431860020.0735772,
  "weight_decay": 0.0037109182987661833
}