{
  "beta_1": 0.8933485979538514,
  "beta_2": 0.8901865518068097,
  "epsilon": 2.3074678955328176e-09,
  "lr": 0.009759319292208295,
  "seed": 434401445.55078715,
  "weight_decay": 5.278956388609096e-05
}