{
  "beta_1": 0.9354182995182749,
  "beta_2": 0.8833821761391375,
  "epsilon": 1.4877241354222522e-06,
  "lr": 0.0007593950131918344,
  "seed": 425258139.5663051,
  "weight_decay": 0.0014119193670105344
}