{
  "beta1": 0.16048439760539765,
  "beta2": 0.8253518631619436,
  "epsilon": 2.4222396007186582e-08,
  "lr": 0.00011351936322709052,
  "seed": 1634044171,
  "weight_decay": 0.0042690986396543215,
  "x_beta1": -2.6292477476397593,
  "x_beta2": 1.4244563062133775
}