{
  "beta_1": 0.8307301716730893,
  "beta_2": 0.43106705085597485,
  "epsilon": 3.087459786787271e-09,
  "lr": 0.00019905073157803227,
  "seed": 1811920550.2138598,
  "weight_decay": 0.0005773443975110473
}