{
  "beta_1": 0.6747969197468631,
  "beta_2": 0.9231735192330205,
  "epsilon": 2.2169959867476498e-07,
  "lr": 0.0046777591388601596,
  "seed": 853922543,
  "weight_decay": 0.001963761418113645
}