{
  "beta_1": 0.8001554190482285,
  "beta_2": 0.5952990099889581,
  "epsilon": 6.923092333657624e-08,
  "lr": 0.001420872125608289,
  "seed": 1703386229.477228,
  "weight_decay": 8.58122625078438e-06
}