{
  "beta_1": 0.5995552322569319,
  "beta_2": 0.7698308165254959,
  "epsilon": 1.0619259902801354e-07,
  "lr": 1.8756968736042957e-05,
  "seed": 1490185073,
  "weight_decay": 0.0010427662128849374
}