{
  "beta_1": 0.2073730593453767,
  "beta_2": 0.4475436762722538,
  "epsilon": 4.572270217205874e-07,
  "lr": 0.06437655870165296,
  "seed": 1416213235.9535031,
  "weight_decay": 1.6130973426779258e-07
}