{
  "beta_1": 0.14218437983180834,
  "beta_2": 0.45640233431386834,
  "epsilon": 1.1109680355227014e-08,
  "lr": 4.003559886260858e-06,
  "seed": 1018309472,
  "weight_decay": 2.873618502648188e-08
}