{
  "beta_1": 0.7740676498851489,
  "beta_2": 0.8460467598555544,
  "epsilon": 3.990604078281644e-10,
  "lr": 6.093986976527808e-06,
  "seed": 1161893191,
  "weight_decay": 6.077738057482419e-07
}