{
  "beta_1": 0.6158943832498396,
  "beta_2": 0.49079771510800063,
  "epsilon": 2.312364366899177e-08,
  "lr": 0.08748541363333136,
  "seed": 1908273358.8919837,
  "weight_decay": 6.322173096217965e-08
}