{
  "beta_1": 0.19385270720360342,
  "beta_2": 0.19142636515191586,
  "epsilon": 1.0694799028184848e-09,
  "lr": 0.0001450509526183344,
  "seed": 1191649316,
  "weight_decay": 1.831515264761981e-06
}