{
  "beta_1": 0.6509285907832577,
  "beta_2": 0.5524916460140332,
  "epsilon": 3.8048525984323315e-05,
  "lr": 5.421033618722381e-05,
  "seed": 281625484.4130004,
  "weight_decay": 1.899130460385343e-05
}