{
  "beta_1": 0.7884801000303353,
  "beta_2": 0.8990019645832832,
  "epsilon": 7.621630273690625e-07,
  "lr": 0.0004897380000313842,
  "seed": 346809606.55173635,
  "weight_decay": 1.283539983476912e-06
}