{
  "beta_1": 0.9704577530876037,
  "beta_2": 0.9925281422632423,
  "epsilon": 0.0008948407795393663,
  "lr": 0.00033048993950022615,
  "seed": 104908328.11897887,
  "weight_decay": 7.1540538017037195e-06
}