{
  "beta_1": 0.8842059825881308,
  "beta_2": 0.12851696316800018,
  "epsilon": 2.478541606387828e-10,
  "lr": 0.0009854754156378622,
  "seed": 974785615.8663158,
  "weight_decay": 6.499800378529544e-07
}