{
  "beta_1": 0.235652915919121,
  "beta_2": 0.40983636576574933,
  "epsilon": 2.087620115064322e-05,
  "lr": 0.000942152658464942,
  "seed": 1842410477,
  "weight_decay": 9.183438016497944e-05
}