{
  "beta1": 0.9982445356060646,
  "beta2": 0.10001329207763865,
  "epsilon": 4.489785472967843e-06,
  "lr": 0.019987759628556506,
  "seed": 1502155147,
  "weight_decay": 0.00013280877184045553,
  "x_beta1": 7.080864970116663,
  "x_beta2": -11.122855962815509
}