{
  "beta_1": 0.4364587575396178,
  "beta_2": 0.7387451479343414,
  "epsilon": 1.6783882710770614e-10,
  "lr": 0.00020318277249579896,
  "seed": 2040154549,
  "weight_decay": 2.541334172835232e-06
}