{
  "beta_1": 0.6849387043514439,
  "beta_2": 0.18191279462700244,
  "epsilon": 9.434763947782386e-08,
  "lr": 0.013866791907049758,
  "seed": 390339517,
  "weight_decay": 7.069758988543526e-05
}