{
  "beta_1": 0.8549754285065032,
  "beta_2": 0.25928338077298035,
  "epsilon": 2.9181908350607396e-05,
  "lr": 0.0007189232037062631,
  "seed": 1930519908,
  "weight_decay": 3.652960515466732e-08
}