{
  "beta_1": 0.8168168734027024,
  "beta_2": 0.5924899227956726,
  "epsilon": 4.988700892110405e-06,
  "lr": 6.89114804833558e-05,
  "seed": 2028050866,
  "weight_decay": 0.006248662866447757
}