{
  "beta_1": 0.4644526580279317,
  "beta_2": 0.7769043343684359,
  "epsilon": 6.370675183460712e-09,
  "lr": 0.0010773687622646806,
  "seed": 187597006.11751154,
  "weight_decay": 6.741161054000171e-08
}