{
  "beta_1": 0.7081502232755752,
  "beta_2": 0.9283559567220141,
  "epsilon": 3.160943054269729e-09,
  "lr": 0.001212771220000656,
  "seed": 1710127133.4579458,
  "weight_decay": 7.368972601191336e-06
}