{
  "beta1": 0.9402809668874418,
  "beta2": 0.10011177774888755,
  "epsilon": 1.4758222282002248e-07,
  "lr": 0.0027493738548830813,
  "seed": 1712046172,
  "weight_decay": 0.0001425612397306845,
  "x_beta1": 2.660972402195833,
  "x_beta2": -8.993402191145108
}