{
  "beta_1": 0.6533079584153374,
  "beta_2": 0.24358012403325022,
  "epsilon": 1.216008442234988e-06,
  "lr": 0.017294191874233374,
  "seed": 1880819143.8260682,
  "weight_decay": 0.00953862021367456
}