{
  "beta_1": 0.8144570307606166,
  "beta_2": 0.4528762113184185,
  "epsilon": 1.0814566221071433e-10,
  "lr": 0.07531005617029586,
  "seed": 1655301196,
  "weight_decay": 1.222336823198833e-07
}