{
  "beta_1": 0.5484222453155995,
  "beta_2": 0.4997268431156434,
  "epsilon": 7.396628035438324e-05,
  "lr": 0.0012405073604563714,
  "seed": 335088581.9192823,
  "weight_decay": 5.96281540900737e-08
}