{
  "beta_1": 0.4142663214046506,
  "beta_2": 0.7474164207038563,
  "epsilon": 1.4477913538002712e-05,
  "lr": 0.03338502249046539,
  "seed": 1761333192,
  "weight_decay": 3.0877124728547043e-07
}