{
  "beta_1": 0.5999046738594747,
  "beta_2": 0.953222212321411,
  "epsilon": 1.6120995590691776e-10,
  "lr": 0.054125607055340814,
  "seed": 1581623842,
  "weight_decay": 1.1956098803425616e-08
}