{
  "beta_1": 0.23579445657348652,
  "beta_2": 0.734646803143432,
  "epsilon": 0.00035239051909794313,
  "lr": 2.0020918774353766e-06,
  "seed": 1143707112,
  "weight_decay": 0.00026044767574687623
}