{
  "beta1": 0.7462905748634987,
  "beta2": 0.11422695760059123,
  "epsilon": 5.1723439920468e-05,
  "lr": 0.00020022290198091548,
  "seed": 2129776212,
  "weight_decay": 1.2774834664626702e-08,
  "x_beta1": 0.9390088975112025,
  "x_beta2": -4.1312092684034365
}