{
  "beta_1": 0.6346812942454066,
  "beta_2": 0.8328157879393696,
  "epsilon": 4.7513148718573344e-08,
  "lr": 0.0006149074416247777,
  "seed": 1470731655.8839815,
  "weight_decay": 2.8825993411425933e-08
}