{
  "beta_1": 0.9186355778338642,
  "beta_2": 0.15168897029767353,
  "epsilon": 5.751362210432722e-07,
  "lr": 1.3033415896569967e-05,
  "seed": 572553491,
  "weight_decay": 3.980423540922412e-06
}