{
  "beta_1": 0.9253393845750267,
  "beta_2": 0.3181904090663862,
  "epsilon": 8.570721772775655e-08,
  "lr": 0.0012982715751290196,
  "seed": 773681377.2090806,
  "weight_decay": 3.789611375333543e-08
}