{
  "beta_1": 0.5628524619258526,
  "beta_2": 0.6819933104698293,
  "epsilon": 1.6640265004684428e-10,
  "lr": 0.06632259364603167,
  "seed": 2048116091,
  "weight_decay": 1.175906634061214e-05
}