{
  "beta_1": 0.518271988992059,
  "beta_2": 0.7299208923569573,
  "epsilon": 7.93020026534274e-08,
  "lr": 0.019952925085228036,
  "seed": 1420326710,
  "weight_decay": 1.7358343631386688e-06
}