{
  "beta_1": 0.2530893980782316,
  "beta_2": 0.837913482829784,
  "epsilon": 1.9604107851866408e-07,
  "lr": 0.018581181546742275,
  "seed": 1513640206,
  "weight_decay": 4.526004073242417e-07
}