{
  "beta1": 0.9989847252996273,
  "beta2": 0.9600146558817798,
  "epsilon": 4.0451755894637007e-07,
  "lr": 0.0012724916087353407,
  "seed": 682351414,
  "weight_decay": 0.0006001811941785411,
  "x_beta1": 10.982823433224967,
  "x_beta2": 3.0709404897391526
}