{
  "beta_1": 0.3163469580146992,
  "beta_2": 0.4243725069699187,
  "epsilon": 6.656338507363615e-05,
  "lr": 2.0757281291011488e-05,
  "seed": 1252799056,
  "weight_decay": 2.300918918967123e-05
}