{
  "beta_1": 0.6394999086857867,
  "beta_2": 0.8275079760085176,
  "epsilon": 1.8015365380906764e-05,
  "lr": 2.3669493837990564e-06,
  "seed": 1472096165.1796737,
  "weight_decay": 2.045875942940958e-05
}