{
  "beta_1": 0.6507587715859705,
  "beta_2": 0.9773305115011651,
  "epsilon": 1.6825312919699356e-07,
  "lr": 0.0006625315257048522,
  "seed": 1280520173,
  "weight_decay": 1.2311268213903984e-05
}