{
  "beta_1": 0.7426494835206384,
  "beta_2": 0.4145394052127109,
  "epsilon": 1.4328911866689923e-05,
  "lr": 0.0016698709608316002,
  "seed": 2088016552,
  "weight_decay": 1.4804128460341486e-05
}