{
  "beta_1": 0.7030172447073086,
  "beta_2": 0.5780885901245332,
  "epsilon": 1.0381599490756421e-07,
  "lr": 0.04920229486966463,
  "seed": 880594132,
  "weight_decay": 0.00985574570899052
}