{
  "beta_1": 0.34706236531001333,
  "beta_2": 0.15289781762743632,
  "epsilon": 9.700552903913474e-05,
  "lr": 0.00032926237266803324,
  "seed": 1678766738.3188903,
  "weight_decay": 0.0016499390949113164
}