{
  "beta_1": 0.826026441494922,
  "beta_2": 0.9245213301781519,
  "epsilon": 2.7872171213843933e-10,
  "lr": 0.00013446315186363072,
  "seed": 92619014,
  "weight_decay": 5.488909501945769e-07
}