{
  "beta_1": 0.15654279506284044,
  "beta_2": 0.16780417136592413,
  "epsilon": 7.887431018704842e-06,
  "lr": 0.013088527961977603,
  "seed": 1876427334,
  "weight_decay": 7.856007524448996e-06
}