{
  "beta_1": 0.4846477858045274,
  "beta_2": 0.7297428325903034,
  "epsilon": 7.256602757530115e-10,
  "lr": 0.05213135767386018,
  "seed": 66814684,
  "weight_decay": 1.3352198425590918e-08
}