{
  "beta_1": 0.514182340795571,
  "beta_2": 0.2879475420673407,
  "epsilon": 8.351587723849409e-06,
  "lr": 3.6103631111648634e-06,
  "seed": 218415645,
  "weight_decay": 0.0008535228361393984
}