{
  "beta_1": 0.7874570093747967,
  "beta_2": 0.30140095033966696,
  "epsilon": 7.109725587541176e-10,
  "lr": 4.697588634243845e-05,
  "seed": 904853995,
  "weight_decay": 2.222642823122377e-06
}