{
  "beta_1": 0.37354394221074716,
  "beta_2": 0.36513341205201244,
  "epsilon": 2.2812559148853238e-08,
  "lr": 2.1148866052202725e-06,
  "seed": 1133699362,
  "weight_decay": 6.354473832072611e-08
}