{
  "beta_1": 0.7903641283160372,
  "beta_2": 0.3332585351790193,
  "epsilon": 6.877555436298562e-10,
  "lr": 1.230518911174419e-05,
  "seed": 371508613,
  "weight_decay": 1.5044330189089467e-07
}