{
  "beta1": 0.9194777529374154,
  "beta2": 0.1146641902896735,
  "epsilon": 2.003079699987838e-08,
  "lr": 1.052698338695138e-05,
  "seed": 856697929,
  "weight_decay": 3.6354642872212154e-07,
  "x_beta1": -11.962436501451336,
  "x_beta2": -3.2803564592460477
}