{
  "beta_1": 0.7112589379047769,
  "beta_2": 0.5227635450203894,
  "epsilon": 0.0007200932089792511,
  "lr": 0.0004453842939680871,
  "seed": 855774790,
  "weight_decay": 1.358542525154229e-08
}