{
  "beta1": 0.10001813096970687,
  "beta2": 0.9997362074630439,
  "epsilon": 1.131008897443623e-10,
  "lr": 0.00023365881789686867,
  "seed": 1738033008,
  "weight_decay": 0.0025456878276644383,
  "x_beta1": -10.811396635669897,
  "x_beta2": 8.611256288072346
}