{
  "beta_1": 0.6996787393912856,
  "beta_2": 0.48978257004248915,
  "epsilon": 3.4843163411463674e-10,
  "lr": 0.00744281620153565,
  "seed": 2023578036.7077935,
  "weight_decay": 1.2808068481455648e-05
}