{
  "beta_1": 0.10887707575626904,
  "beta_2": 0.7179245648638349,
  "epsilon": 1.0203461962993531e-08,
  "lr": 0.00028936884577244115,
  "seed": 273335991,
  "weight_decay": 4.715890895080831e-06
}