{
  "beta_1": 0.6936936032468101,
  "beta_2": 0.3626711797621044,
  "epsilon": 3.291250005216696e-09,
  "lr": 0.0002579129686960809,
  "seed": 844049504,
  "weight_decay": 4.471093001793002e-05
}