{
  "beta1": 0.6397913610615935,
  "beta2": 0.11770173725515962,
  "epsilon": 0.00012151492801245303,
  "lr": 0.0004912927019127819,
  "seed": 63091702,
  "weight_decay": 0.0009331934687255691,
  "x_beta1": -5.710747580669905,
  "x_beta2": -3.1270032269327857
}