{
  "beta_1": 0.41655751834637167,
  "beta_2": 0.22368180670652765,
  "epsilon": 2.6292099253771135e-10,
  "lr": 0.0034483210166089888,
  "seed": 783642242,
  "weight_decay": 0.0001937729360456336
}