{
  "beta_1": 0.47297560699811814,
  "beta_2": 0.8501949027713172,
  "epsilon": 4.990783956843143e-05,
  "lr": 0.0001566237171390722,
  "seed": 120066801.39361727,
  "weight_decay": 0.0013103056732604581
}