{
  "beta1": 0.9857042818953516,
  "beta2": 0.9997173431716554,
  "epsilon": 1.2393296327565917e-06,
  "lr": 0.00015129624994476707,
  "seed": 14633724,
  "weight_decay": 3.6917751327275515e-07,
  "x_beta1": 12.60961140819794,
  "x_beta2": 6.801781433947316
}