{
  "beta_1": 0.2604374151987203,
  "beta_2": 0.8723483140587788,
  "epsilon": 3.46442974953872e-06,
  "lr": 0.0003221750599039826,
  "seed": 109425392.82012671,
  "weight_decay": 0.004607567130674168
}