{
  "beta_1": 0.534875600507139,
  "beta_2": 0.7819303126056614,
  "epsilon": 5.396065170989929e-05,
  "lr": 0.0037807691065737817,
  "seed": 1398264979.2899837,
  "weight_decay": 0.002494314971236794
}