{
  "beta_1": 0.4676237671304877,
  "beta_2": 0.49288215644253197,
  "epsilon": 5.8517298842365514e-08,
  "lr": 0.00979877347725977,
  "seed": 1288093267,
  "weight_decay": 1.741055989091134e-08
}