{
  "beta_1": 0.8907743088421016,
  "beta_2": 0.8355990796276579,
  "epsilon": 2.117312056738198e-08,
  "lr": 0.002737136972795162,
  "seed": 312117712,
  "weight_decay": 4.889265056983879e-08
}