{
  "beta_1": 0.9857679347693952,
  "beta_2": 0.9643391721013934,
  "epsilon": 6.783494198168666e-10,
  "lr": 0.0012748374187590038,
  "seed": 205951390.56690866,
  "weight_decay": 5.211481733309581e-07
}