{
  "beta_1": 0.47671225280033536,
  "beta_2": 0.4087857899065642,
  "epsilon": 5.270687768681158e-07,
  "lr": 0.04584909931776899,
  "seed": 503080300,
  "weight_decay": 0.0003360456101011274
}