{
  "beta_1": 0.47579608380298155,
  "beta_2": 0.7482647601886333,
  "epsilon": 0.00033210451693753407,
  "lr": 0.04183035264276021,
  "seed": 158613642,
  "weight_decay": 5.937779697667725e-06
}