{
  "beta_1": 0.46532842675700525,
  "beta_2": 0.4836056314333086,
  "epsilon": 4.901652788063377e-09,
  "lr": 0.0002571559203700716,
  "seed": 328184313.3960917,
  "weight_decay": 4.142538570036061e-08
}