{
  "beta_1": 0.3447179528575175,
  "beta_2": 0.6046747941782736,
  "epsilon": 7.623137989493126e-08,
  "lr": 1.2247545792924769e-06,
  "seed": 1432947726,
  "weight_decay": 7.165240639971096e-05
}