{
  "beta_1": 0.5215426179810226,
  "beta_2": 0.8583075068507204,
  "epsilon": 2.0345114473213432e-10,
  "lr": 0.005860384594307602,
  "seed": 258243930.40789112,
  "weight_decay": 1.0124054515070003e-08
}