{
  "beta_1": 0.7344642069568085,
  "beta_2": 0.9375474295524586,
  "epsilon": 1.8280180379867995e-06,
  "lr": 0.0008335318989915124,
  "seed": 1829322083.6386309,
  "weight_decay": 0.005532166322952615
}