{
  "beta_1": 0.22353635140681288,
  "beta_2": 0.1900431251801174,
  "epsilon": 1.8587480354695495e-09,
  "lr": 7.914891557907588e-06,
  "seed": 1239702501,
  "weight_decay": 3.0851468101955724e-07
}