{
  "beta_1": 0.30571467466384306,
  "beta_2": 0.3045596784770046,
  "epsilon": 5.2176801638615644e-08,
  "lr": 0.06286996144546779,
  "seed": 1538056725,
  "weight_decay": 0.0002354145030846921
}