{
  "beta_1": 0.9661541056417482,
  "beta_2": 0.7732506945050525,
  "epsilon": 0.000536143980836326,
  "lr": 1.6821748715521778e-05,
  "seed": 806911487,
  "weight_decay": 0.0002169770220293972
}