{
  "beta_1": 0.6181889605441204,
  "beta_2": 0.19409714452075588,
  "epsilon": 6.520349060380295e-10,
  "lr": 0.07268794807502285,
  "seed": 1326723045,
  "weight_decay": 3.087852745734499e-07
}