{
  "beta_1": 0.17605918864501424,
  "beta_2": 0.3727089001053123,
  "epsilon": 5.8088369460206825e-09,
  "lr": 0.06595788366606793,
  "seed": 11379662,
  "weight_decay": 7.550183312291462e-08
}