{
  "beta_1": 0.5270580199010724,
  "beta_2": 0.9405113214899006,
  "epsilon": 1.6839998757587492e-08,
  "lr": 0.0013657934339573533,
  "seed": 1863664421.6270347,
  "weight_decay": 0.004710649083916613
}