{
  "beta_1": 0.2531791393848627,
  "beta_2": 0.6971569242861415,
  "epsilon": 2.123222013089432e-08,
  "lr": 0.0010017934509413328,
  "seed": 1650082446,
  "weight_decay": 1.171807623392567e-05
}