{
  "beta_1": 0.3784147716058842,
  "beta_2": 0.6328370797917323,
  "epsilon": 1.1951222426639394e-07,
  "lr": 0.008779367041884634,
  "seed": 1104844222,
  "weight_decay": 4.247536302648971e-07
}