{
  "beta_1": 0.2015912881430672,
  "beta_2": 0.17311972162281652,
  "epsilon": 8.299334001148781e-08,
  "lr": 0.0042647282770912585,
  "seed": 601080531,
  "weight_decay": 8.034022882483273e-08
}