{
  "beta_1": 0.21165921169659557,
  "beta_2": 0.5562275312283457,
  "epsilon": 1.6020314159342372e-05,
  "lr": 4.666601674000733e-06,
  "seed": 1799119531,
  "weight_decay": 4.2571576643721017e-05
}