{
  "beta_1": 0.8263741264913033,
  "beta_2": 0.7839593296889112,
  "epsilon": 7.327819130845029e-10,
  "lr": 0.0010897426715792424,
  "seed": 297583457.8504332,
  "weight_decay": 2.986646128355597e-08
}