{
  "beta_1": 0.4608725629036518,
  "beta_2": 0.6350242659434968,
  "epsilon": 1.189756447446328e-06,
  "lr": 5.12572302464911e-06,
  "seed": 14633724,
  "weight_decay": 1.8245402121159423e-07
}