{
  "beta_1": 0.8737811332089361,
  "beta_2": 0.7259051358347873,
  "epsilon": 7.558007471879298e-06,
  "lr": 0.000544640782065599,
  "seed": 479321278.19313425,
  "weight_decay": 0.0010699969483716034
}