{
  "beta_1": 0.15187800266729456,
  "beta_2": 0.8911015372719114,
  "epsilon": 1.6081484311952814e-10,
  "lr": 0.014670134655469385,
  "seed": 1305787681,
  "weight_decay": 0.0005369994458065489
}