{
  "beta_1": 0.7785449853572038,
  "beta_2": 0.28483736135855275,
  "epsilon": 1.5629250940126896e-05,
  "lr": 9.314339387716306e-05,
  "seed": 317340089.5926333,
  "weight_decay": 1.3533619757680952e-07
}