{
  "beta_1": 0.5528426518323716,
  "beta_2": 0.7741324631373058,
  "epsilon": 9.702888103169792e-10,
  "lr": 0.009743434140231017,
  "seed": 429108702.1372154,
  "weight_decay": 8.924157480911574e-06
}