{
  "beta_1": 0.3360905034457912,
  "beta_2": 0.9128100633432852,
  "epsilon": 4.670701849405843e-06,
  "lr": 8.632128327129984e-05,
  "seed": 294228081.38326734,
  "weight_decay": 0.0025820266881714884
}