{
  "beta_1": 0.25009375661508126,
  "beta_2": 0.8301669310854723,
  "epsilon": 1.2023435324705821e-09,
  "lr": 0.0052702295794642955,
  "seed": 1131524286.038899,
  "weight_decay": 1.3694328932014793e-07
}