{
  "beta_1": 0.6177851926144738,
  "beta_2": 0.3193132021302339,
  "epsilon": 3.395084450187913e-05,
  "lr": 4.72691097342723e-06,
  "seed": 1087410520,
  "weight_decay": 0.001954076782735718
}