{
  "beta_1": 0.934497720558578,
  "beta_2": 0.35840799725928374,
  "epsilon": 1.908252355988701e-08,
  "lr": 0.038354773737157566,
  "seed": 1140851437,
  "weight_decay": 1.9523043383819507e-06
}