{
  "beta_1": 0.6541270086465834,
  "beta_2": 0.251430817525401,
  "epsilon": 2.1062143722629168e-05,
  "lr": 0.00014527246049000239,
  "seed": 1240141946,
  "weight_decay": 7.970926494194324e-05
}