{
  "beta_1": 0.6810802110237932,
  "beta_2": 0.49039303052835437,
  "epsilon": 0.00046914003983632667,
  "lr": 0.0037177425348103215,
  "seed": 680510024,
  "weight_decay": 0.0020102687437168845
}