{
  "beta_1": 0.1997330109355941,
  "beta_2": 0.8931203662523785,
  "epsilon": 2.315916371256524e-08,
  "lr": 0.009250269618164124,
  "seed": 290183834.07876486,
  "weight_decay": 0.009877403796671486
}