{
  "beta_1": 0.5202477496460329,
  "beta_2": 0.8336661436529714,
  "epsilon": 1.3725177588578378e-09,
  "lr": 0.00037501153438428164,
  "seed": 1748051852,
  "weight_decay": 0.0023367051604125926
}