{
  "beta_1": 0.875093703169131,
  "beta_2": 0.7292337509741438,
  "epsilon": 7.762824451099573e-10,
  "lr": 2.3391804342053855e-05,
  "seed": 161682389,
  "weight_decay": 0.00012791287341943936
}