{
  "beta_1": 0.6160413205974514,
  "beta_2": 0.34754271687182814,
  "epsilon": 1.6738586955431136e-05,
  "lr": 0.0006690639664592627,
  "seed": 170293830.69966933,
  "weight_decay": 0.005034942264164585
}