{
  "beta_1": 0.35591625128233517,
  "beta_2": 0.2818797252830529,
  "epsilon": 3.737110494023726e-10,
  "lr": 7.516414950236394e-06,
  "seed": 1515888075,
  "weight_decay": 4.745217684995896e-05
}