{
  "beta_1": 0.6387309922017647,
  "beta_2": 0.12326289174857993,
  "epsilon": 4.362036673367601e-06,
  "lr": 1.8446790594073483e-05,
  "seed": 1036014805,
  "weight_decay": 2.296180599651499e-06
}