{
  "beta1": 0.9382178558880334,
  "beta2": 0.7307694611929466,
  "epsilon": 9.256083716091755e-06,
  "lr": 0.001580706833297242,
  "seed": 864103735,
  "weight_decay": 3.551555127893511e-06,
  "x_beta1": 2.099185579561721,
  "x_beta2": -7.144118576650355
}