{
  "beta_1": 0.364125275150018,
  "beta_2": 0.6478470843216858,
  "epsilon": 1.59175172739871e-07,
  "lr": 0.0011985961652845186,
  "seed": 198801717,
  "weight_decay": 0.0021452952617518183
}