{
  "beta_1": 0.6411708340418498,
  "beta_2": 0.37478705767589526,
  "epsilon": 2.924468687151326e-06,
  "lr": 9.977883795393296e-06,
  "seed": 1655400911.9587007,
  "weight_decay": 1.4094679590314511e-08
}