{
  "beta_1": 0.7966253267331554,
  "beta_2": 0.8452290241686193,
  "epsilon": 6.474900963475283e-10,
  "lr": 0.02589386253115827,
  "seed": 361610072,
  "weight_decay": 8.707742979678806e-05
}