{
  "beta_1": 0.24641060314211682,
  "beta_2": 0.7200838153631355,
  "epsilon": 4.289707329613173e-05,
  "lr": 0.0012941588232621706,
  "seed": 1693056558.8859992,
  "weight_decay": 0.00018270722929812416
}