{
  "beta_1": 0.1915397494848481,
  "beta_2": 0.5819318371871681,
  "epsilon": 2.9033569690570825e-06,
  "lr": 0.0008339128572683369,
  "seed": 19582588.26564473,
  "weight_decay": 0.005750678250692842
}