{
  "beta_1": 0.3994298128778233,
  "beta_2": 0.527530312894211,
  "epsilon": 1.0564740328139495e-06,
  "lr": 1.0600708962319337e-05,
  "seed": 407090605.7969828,
  "weight_decay": 0.0023135748637881505
}