{
  "beta1": 0.1373869082728269,
  "beta2": 0.100204477813867,
  "epsilon": 0.00045791973075936794,
  "lr": 0.00010323727337173194,
  "seed": 1104580989,
  "weight_decay": 8.276618545308763e-05,
  "x_beta1": -2.509988578749793,
  "x_beta2": -10.06722263572273
}