{
  "beta_1": 0.8909943276981349,
  "beta_2": 0.20030661326925445,
  "epsilon": 0.0015305809138063118,
  "lr": 0.00505777562457919,
  "seed": 1614514038,
  "weight_decay": 9.709703150250983e-09
}