{
  "beta_1": 0.9514538515898728,
  "beta_2": 0.9224839603177765,
  "epsilon": 3.315614241990784e-08,
  "lr": 1.1257283633201228e-05,
  "seed": 274192061.2791036,
  "weight_decay": 1.6279281603808156e-07
}