{
  "beta_1": 0.7376835719917809,
  "beta_2": 0.7922092530483774,
  "epsilon": 2.977679459348271e-06,
  "lr": 0.0001422330475530646,
  "seed": 2072690615,
  "weight_decay": 0.00030256649908659154
}