{
  "beta_1": 0.424328676541029,
  "beta_2": 0.8608023668571969,
  "epsilon": 6.259079644101753e-08,
  "lr": 8.106156842155398e-05,
  "seed": 1606728129.0495732,
  "weight_decay": 3.916492808429636e-08
}