{
  "beta_1": 0.7202043728939317,
  "beta_2": 0.6132959899900632,
  "epsilon": 2.1065907998306998e-08,
  "lr": 0.00040313605739630734,
  "seed": 1170688876,
  "weight_decay": 6.423727275223409e-05
}