{
  "beta_1": 0.9585234009754381,
  "beta_2": 0.9853344330549378,
  "epsilon": 1.2691777141792244e-05,
  "lr": 0.06953122863560383,
  "seed": 1541465862,
  "weight_decay": 4.835134028190357e-07
}