{
  "beta_1": 0.225494414865265,
  "beta_2": 0.8482749421695418,
  "epsilon": 1.73396463121885e-07,
  "lr": 0.01524306854428662,
  "seed": 1334492041.8365855,
  "weight_decay": 2.0393047598967315e-05
}