{
  "beta_1": 0.25215078816249403,
  "beta_2": 0.20316130591035927,
  "epsilon": 1.356387484793015e-06,
  "lr": 7.472874523182439e-05,
  "seed": 429821108,
  "weight_decay": 5.716622004880997e-06
}