{
  "beta_1": 0.9203620002908968,
  "beta_2": 0.6355200305864807,
  "epsilon": 5.79281017496595e-05,
  "lr": 0.00793304658176928,
  "seed": 1384364248,
  "weight_decay": 8.472635791198602e-07
}