{
  "beta_1": 0.7426126268932514,
  "beta_2": 0.7725120951448091,
  "epsilon": 1.3193584944441593e-09,
  "lr": 0.0008510730164916316,
  "seed": 1413397485,
  "weight_decay": 0.0008220713819324514
}