{
  "beta_1": 0.34409094706222443,
  "beta_2": 0.27426276716355946,
  "epsilon": 0.00021362223080545912,
  "lr": 7.526169969247158e-06,
  "seed": 1135023046,
  "weight_decay": 5.090072924586424e-07
}