{
  "beta1": 0.10932360490106327,
  "beta2": 0.999539420449023,
  "epsilon": 0.0002768719554138509,
  "lr": 0.00023083457138589616,
  "seed": 93661349,
  "weight_decay": 4.6222567038077296e-07,
  "x_beta1": -4.558308449722528,
  "x_beta2": 7.8219255554253895
}