{
  "beta_1": 0.5519479209742832,
  "beta_2": 0.4619090415981736,
  "epsilon": 1.151567438016636e-07,
  "lr": 0.05057007813294729,
  "seed": 1457258087,
  "weight_decay": 0.006675905299529393
}