{
  "beta_1": 0.35369656529797655,
  "beta_2": 0.16075197792541143,
  "epsilon": 1.1900384443759887e-05,
  "lr": 6.896053670067532e-05,
  "seed": 1523702361.1033165,
  "weight_decay": 0.005311343766946305
}