{
  "beta_1": 0.9176364165144781,
  "beta_2": 0.5018947098269434,
  "epsilon": 2.0468217932009977e-06,
  "lr": 0.0001105230179626536,
  "seed": 585357347,
  "weight_decay": 1.3574712171909486e-05
}