{
  "beta_1": 0.2965193618714945,
  "beta_2": 0.5171315411145009,
  "epsilon": 1.010563880337525e-06,
  "lr": 0.0020608033428208164,
  "seed": 267603606.14756978,
  "weight_decay": 3.0038331577398574e-08
}