{
  "beta_1": 0.33266324018220783,
  "beta_2": 0.8092387013981149,
  "epsilon": 2.3857930443746306e-07,
  "lr": 7.051578482534125e-06,
  "seed": 102458959,
  "weight_decay": 0.0001222090549019129
}