{
  "beta_1": 0.9565673596789106,
  "beta_2": 0.14206779016528157,
  "epsilon": 2.1375053085054465e-07,
  "lr": 0.0001393768996424398,
  "seed": 255100027,
  "weight_decay": 1.0636327615083609e-07
}