{
  "beta_1": 0.23597958963003526,
  "beta_2": 0.7232005590822961,
  "epsilon": 4.043787073021678e-06,
  "lr": 0.06361450287252289,
  "seed": 1815029794,
  "weight_decay": 8.179653087538915e-08
}