{
  "beta_1": 0.20419495105771102,
  "beta_2": 0.11922169007861896,
  "epsilon": 0.00025019480504501304,
  "lr": 0.0012543002347523689,
  "seed": 2030611808.769737,
  "weight_decay": 9.894069487031067e-08
}