{
  "beta_1": 0.724667432284867,
  "beta_2": 0.34597790651458216,
  "epsilon": 3.491591937352747e-09,
  "lr": 0.03379148203454063,
  "seed": 639652546,
  "weight_decay": 2.397131299731676e-08
}