{
  "beta1": 0.9989041539847998,
  "beta2": 0.9998985753220673,
  "epsilon": 2.3156040828895013e-05,
  "lr": 6.203122137558873e-06,
  "seed": 182212193,
  "weight_decay": 0.0003847001840388131,
  "x_beta1": 9.146188798398628,
  "x_beta2": 13.356091565807228
}