{
  "beta_1": 0.4758059360067064,
  "beta_2": 0.8539133199390035,
  "epsilon": 8.031063543654238e-09,
  "lr": 0.003150449388755267,
  "seed": 311119319.2613814,
  "weight_decay": 7.379988920368626e-05
}