{
  "beta_1": 0.7156255569784161,
  "beta_2": 0.5548380291652775,
  "epsilon": 2.0227416744848267e-06,
  "lr": 2.2396485458383796e-05,
  "seed": 1669254808,
  "weight_decay": 2.4864536458162553e-06
}