{
  "beta_1": 0.9356650701875862,
  "beta_2": 0.29148418571473816,
  "epsilon": 1.4491305425336077e-07,
  "lr": 0.004168214549869414,
  "seed": 196673419,
  "weight_decay": 0.0063967615394437535
}