{
  "beta_1": 0.46395506533071895,
  "beta_2": 0.5963423615917871,
  "epsilon": 2.4222396007186582e-08,
  "lr": 0.00011351936322709052,
  "seed": 1634044171,
  "weight_decay": 0.0042690986396543215
}