{
  "beta_1": 0.8336717968428853,
  "beta_2": 0.6571961746232665,
  "epsilon": 1.4845979316365224e-09,
  "lr": 3.4474582963937246e-06,
  "seed": 1871233410,
  "weight_decay": 2.0452037437954298e-07
}