{
  "beta_1": 0.584073193530746,
  "beta_2": 0.861513134115045,
  "epsilon": 1.8066941646651544e-08,
  "lr": 2.2098280622346666e-06,
  "seed": 970556746.9374179,
  "weight_decay": 1.9939414879347926e-08
}