{
  "beta_1": 0.2595235998492638,
  "beta_2": 0.5981478759556392,
  "epsilon": 1.433255992709512e-06,
  "lr": 0.00016353982138530204,
  "seed": 103310269,
  "weight_decay": 3.860955479468851e-08
}