{
  "beta_1": 0.79719539875872,
  "beta_2": 0.6273123411368248,
  "epsilon": 2.6317383456111233e-05,
  "lr": 0.015564549442134546,
  "seed": 253351475,
  "weight_decay": 9.29380032689652e-05
}