{
  "beta_1": 0.8301463364578737,
  "beta_2": 0.3929636786546409,
  "epsilon": 5.605693803422599e-06,
  "lr": 2.4614275939809148e-05,
  "seed": 1813728117,
  "weight_decay": 1.3501826951697304e-06
}