{
  "beta_1": 0.3716507387845912,
  "beta_2": 0.14706169988406276,
  "epsilon": 0.0001922533196926899,
  "lr": 3.4491401616758654e-05,
  "seed": 688808363.601913,
  "weight_decay": 0.008480484051583508
}