{
  "beta_1": 0.3646007751670698,
  "beta_2": 0.4360120839508136,
  "epsilon": 9.414814050555846e-10,
  "lr": 0.0014810226978143387,
  "seed": 1697553582,
  "weight_decay": 0.006775031400673631
}