{
  "beta_1": 0.8131394440043499,
  "beta_2": 0.6858173784319062,
  "epsilon": 1.9197782119800903e-05,
  "lr": 0.000140170216287504,
  "seed": 469875344.6231825,
  "weight_decay": 0.007242845235219103
}