{
  "beta_1": 0.8099890665452445,
  "beta_2": 0.7156802401736083,
  "epsilon": 7.775339859343932e-06,
  "lr": 0.000167230684356656,
  "seed": 981486121,
  "weight_decay": 1.548347694066512e-05
}