{
  "beta_1": 0.356623571999934,
  "beta_2": 0.9122919079884865,
  "epsilon": 8.084163783149106e-06,
  "lr": 0.0008124381712580961,
  "seed": 1548099402.6935735,
  "weight_decay": 0.0075934639325618
}