{
  "beta_1": 0.39802363301633925,
  "beta_2": 0.1912334760870142,
  "epsilon": 1.0004210015075191e-09,
  "lr": 0.003165086246442617,
  "seed": 1680710270.816625,
  "weight_decay": 4.643534335288693e-07
}