{
  "beta_1": 0.17578896071091582,
  "beta_2": 0.4288575178772769,
  "epsilon": 0.00010218440910930222,
  "lr": 0.00039510252241543696,
  "seed": 608879555,
  "weight_decay": 6.746652767334216e-05
}