{
  "beta_1": 0.1400687021943948,
  "beta_2": 0.6313040365215328,
  "epsilon": 3.624919115326552e-08,
  "lr": 0.003386030021187668,
  "seed": 1800781031,
  "weight_decay": 2.998652987756922e-06
}