{
  "beta_1": 0.2504251452881715,
  "beta_2": 0.33897178728435096,
  "epsilon": 1.8356071598057892e-10,
  "lr": 0.0004175267946481735,
  "seed": 1729709097,
  "weight_decay": 3.544777118971375e-07
}