{
  "beta_1": 0.518947745280023,
  "beta_2": 0.8637980754474989,
  "epsilon": 9.115595864728466e-07,
  "lr": 0.02679313808206507,
  "seed": 38398561.32601495,
  "weight_decay": 4.1054662829324776e-05
}