{
  "beta_1": 0.14608594779124384,
  "beta_2": 0.6455044928871989,
  "epsilon": 1.0701383278406756e-09,
  "lr": 0.03356036679495465,
  "seed": 1444877636,
  "weight_decay": 2.6457642994219053e-08
}