{
  "beta_1": 0.5933147388674653,
  "beta_2": 0.6646366710109386,
  "epsilon": 7.230202013961703e-10,
  "lr": 0.015592601183687228,
  "seed": 1347402490,
  "weight_decay": 2.8948814868528237e-06
}