{
  "beta_1": 0.8907743088421016,
  "beta_2": 0.8355990796276579,
  "epsilon": 1.309346611229064e-07,
  "lr": 0.02113857574197533,
  "seed": 1454494723.3527644,
  "weight_decay": 7.650322016512826e-07
}