{
  "beta_1": 0.6232867088269097,
  "beta_2": 0.28403622783889665,
  "epsilon": 2.763063902498795e-10,
  "lr": 3.052687810928869e-06,
  "seed": 1971579177,
  "weight_decay": 2.0218803287246e-05
}