{
  "beta_1": 0.9889787643400174,
  "beta_2": 0.37725055318834,
  "epsilon": 2.5727135966160588e-05,
  "lr": 2.1637985321556263e-06,
  "seed": 1143102175,
  "weight_decay": 6.261837097152571e-07
}