{
  "beta_1": 0.9292442586500607,
  "beta_2": 0.9332131747818532,
  "epsilon": 6.075028069768131e-07,
  "lr": 8.049942913621994e-05,
  "seed": 1982493302.3952007,
  "weight_decay": 0.0014003338419835308
}