{
  "beta1": 0.998996016622257,
  "beta2": 0.9842222233528213,
  "epsilon": 3.7535477384354638e-06,
  "lr": 9.304389264106775e-05,
  "seed": 1394881215,
  "weight_decay": 4.2257760986894736e-07,
  "x_beta1": -6.036405942827718,
  "x_beta2": 8.091378248160082
}