{
  "beta_1": 0.2285210154979795,
  "beta_2": 0.5505242133385911,
  "epsilon": 1.2828629668692932e-07,
  "lr": 0.0002101195300429634,
  "seed": 364626695,
  "weight_decay": 3.8303611212417963e-07
}