{
  "beta_1": 0.40753427056486324,
  "beta_2": 0.6239351902910188,
  "epsilon": 4.1667574030970247e-10,
  "lr": 0.004286633253853746,
  "seed": 1115638768,
  "weight_decay": 1.059940598197105e-05
}