{
  "beta_1": 0.996855009824307,
  "beta_2": 0.9273573320208988,
  "epsilon": 5.234158808954006e-07,
  "lr": 0.012978549177610786,
  "seed": 993645037.8437984,
  "weight_decay": 0.0006605827144873613
}