{
  "beta_1": 0.7411999424968619,
  "beta_2": 0.43880432547557546,
  "epsilon": 1.3955466131992498e-05,
  "lr": 0.0019532793421603465,
  "seed": 662441640,
  "weight_decay": 0.004287613013871854
}