{
  "beta_1": 0.7660930771919532,
  "beta_2": 0.27147648372203437,
  "epsilon": 0.00033231731709959923,
  "lr": 3.9572627572626705e-05,
  "seed": 151114286,
  "weight_decay": 1.6568787310048406e-08
}