{
  "beta_1": 0.7012718535874771,
  "beta_2": 0.8780274674759904,
  "epsilon": 6.178270998633246e-08,
  "lr": 0.002206424576873583,
  "seed": 745304002.7718453,
  "weight_decay": 4.1460014284161925e-07
}