{
  "beta_1": 0.9778993303176995,
  "beta_2": 0.7869264194610142,
  "epsilon": 2.3999021591501282e-09,
  "lr": 0.00040037291707417747,
  "seed": 1022412356,
  "weight_decay": 3.1606298672068477e-07
}