{
  "beta_1": 0.7749976410651547,
  "beta_2": 0.172166311241499,
  "epsilon": 0.00015452112973986283,
  "lr": 0.00037103540999405214,
  "seed": 2110864803.6725335,
  "weight_decay": 1.5961934227422698e-08
}