{
  "beta_1": 0.22771971769902724,
  "beta_2": 0.9578372211033404,
  "epsilon": 2.092875676822676e-09,
  "lr": 0.06394197156569521,
  "seed": 1652407830,
  "weight_decay": 0.003542487453686546
}