{
  "beta_1": 0.484618889197621,
  "beta_2": 0.6605823468657751,
  "epsilon": 1.8240784777050336e-08,
  "lr": 0.007412892708332708,
  "seed": 919553213.2556874,
  "weight_decay": 1.4333381312545546e-06
}