{
  "beta_1": 0.6576784627790148,
  "beta_2": 0.7389739903515934,
  "epsilon": 4.78658509508724e-09,
  "lr": 0.052580209600374773,
  "seed": 1285125203,
  "weight_decay": 9.969494345159507e-06
}