{
  "beta1": 0.10000477379734968,
  "beta2": 0.10053799546197889,
  "epsilon": 0.0007450449631424611,
  "lr": 0.0006141083010690482,
  "seed": 1639821365,
  "weight_decay": 1.1035366280623978e-07,
  "x_beta1": -12.145890925054712,
  "x_beta2": -7.421590781940125
}