{
  "beta_1": 0.1387369589584746,
  "beta_2": 0.7679818335831513,
  "epsilon": 1.0487272567077147e-10,
  "lr": 0.0002735456417551114,
  "seed": 353888463,
  "weight_decay": 1.3424307362713224e-05
}