{
  "beta_1": 0.11090802158790028,
  "beta_2": 0.4473878980684224,
  "epsilon": 3.49424677565586e-10,
  "lr": 0.00011683163084007463,
  "seed": 1906248145,
  "weight_decay": 1.7731102427065682e-08
}