{
  "beta_1": 0.9851833158391685,
  "beta_2": 0.18880741339721507,
  "epsilon": 1.196032593239937e-08,
  "lr": 0.0092821119945265,
  "seed": 1616931911,
  "weight_decay": 4.540117586674322e-08
}