{
  "beta_1": 0.7201133795369559,
  "beta_2": 0.6614836103578092,
  "epsilon": 8.262197551710612e-07,
  "lr": 0.00024900865210977693,
  "seed": 14633724,
  "weight_decay": 3.6917751327275515e-07
}