{
  "beta_1": 0.46310113547867937,
  "beta_2": 0.9152813360096942,
  "epsilon": 2.0252148383612442e-10,
  "lr": 0.0007785781211363404,
  "seed": 636712891,
  "weight_decay": 5.6076343817382154e-08
}