{
  "beta_1": 0.5305068318867303,
  "beta_2": 0.7956537796727666,
  "epsilon": 9.256083716091755e-06,
  "lr": 0.001580706833297242,
  "seed": 864103735,
  "weight_decay": 3.551555127893511e-06
}