{
  "beta_1": 0.5098547862428526,
  "beta_2": 0.9246976696411481,
  "epsilon": 7.143972066358969e-07,
  "lr": 5.310134004229356e-05,
  "seed": 1671505580.096888,
  "weight_decay": 1.9816047792971707e-08
}