{
  "beta_1": 0.5688916458667358,
  "beta_2": 0.8124380717903742,
  "epsilon": 1.2769045412918993e-09,
  "lr": 8.113849854836123e-05,
  "seed": 1102855750.213681,
  "weight_decay": 0.009912245695661803
}