{
  "beta_1": 0.6415989793329813,
  "beta_2": 0.6671841964271344,
  "epsilon": 1.5210902386235e-10,
  "lr": 0.0073336262713407305,
  "seed": 286743456.2269643,
  "weight_decay": 1.65077673228184e-05
}