{
  "beta_1": 0.2978743620850004,
  "beta_2": 0.6389947349435159,
  "epsilon": 3.025400334698897e-05,
  "lr": 0.098269034275688,
  "seed": 909823972,
  "weight_decay": 0.008593408183948154
}