{
  "beta_1": 0.7947740847538355,
  "beta_2": 0.7356106442964095,
  "epsilon": 1.0529513438453737e-08,
  "lr": 0.04296801326201299,
  "seed": 2096024703,
  "weight_decay": 5.820412473634929e-07
}