{
  "beta_1": 0.7070916579743901,
  "beta_2": 0.7428095433657139,
  "epsilon": 0.0006997922502920056,
  "lr": 6.131434501917633e-05,
  "seed": 224258846.04805553,
  "weight_decay": 0.004486912215727771
}