{
  "beta_1": 0.2160853814211143,
  "beta_2": 0.5880557692892127,
  "epsilon": 3.0295628743744687e-07,
  "lr": 4.680394832945579e-05,
  "seed": 139343317,
  "weight_decay": 0.0071287469910038806
}