{
  "beta_1": 0.9001188858977529,
  "beta_2": 0.5277627119142593,
  "epsilon": 4.309441009205405e-06,
  "lr": 2.164571866426807e-05,
  "seed": 1183867300.3994865,
  "weight_decay": 1.2901056287409037e-05
}