{
  "beta_1": 0.6687669982852457,
  "beta_2": 0.4031906537607277,
  "epsilon": 0.0002128105476649066,
  "lr": 0.0001961180293239698,
  "seed": 475885144,
  "weight_decay": 3.501993318441141e-05
}