{
  "beta_1": 0.8574328770636344,
  "beta_2": 0.8556445891806235,
  "epsilon": 2.0012720560058558e-05,
  "lr": 0.0009787040975463147,
  "seed": 1125405408,
  "weight_decay": 0.002762360242565575
}