{
  "beta_1": 0.579636558538833,
  "beta_2": 0.5801762635492831,
  "epsilon": 7.808951226324754e-10,
  "lr": 0.001187071120083506,
  "seed": 1277860693.8717723,
  "weight_decay": 0.002418991069703528
}