{
  "beta_1": 0.8619267682830777,
  "beta_2": 0.766232968495751,
  "epsilon": 2.499000240361508e-06,
  "lr": 0.00012552314552691224,
  "seed": 82598476.62236997,
  "weight_decay": 0.00025220202831264746
}