{
  "beta_1": 0.15486481495147386,
  "beta_2": 0.6285282094972895,
  "epsilon": 1.3759826562093078e-09,
  "lr": 0.006456806177584557,
  "seed": 749474408,
  "weight_decay": 1.8033304519982824e-08
}