{
  "beta_1": 0.3738024360825093,
  "beta_2": 0.3041418406604457,
  "epsilon": 7.118877451976972e-09,
  "lr": 8.002944428963701e-05,
  "seed": 658184380,
  "weight_decay": 3.280973011117737e-06
}