{
  "beta_1": 0.9212137617909847,
  "beta_2": 0.2967788194693307,
  "epsilon": 0.0003357967048393717,
  "lr": 0.00884948184516224,
  "seed": 1541416998,
  "weight_decay": 0.0033263694780349146
}