{
  "beta_1": 0.2895637196393384,
  "beta_2": 0.37531129002876085,
  "epsilon": 6.680996866383477e-08,
  "lr": 0.015779450649620105,
  "seed": 1017917374,
  "weight_decay": 1.429917345042976e-07
}