{
  "beta_1": 0.208380925345654,
  "beta_2": 0.9037587846545686,
  "epsilon": 1.1418507788398677e-06,
  "lr": 3.3756736696978618e-06,
  "seed": 494937839.6115886,
  "weight_decay": 0.004031898414525165
}