{
  "beta1": 0.7335468759319539,
  "beta2": 0.9962978603780804,
  "epsilon": 0.0003432411252677674,
  "lr": 0.027871772320113408,
  "seed": 1513640206,
  "weight_decay": 4.526004073242417e-07,
  "x_beta1": 1.0438748691230877,
  "x_beta2": -0.8196659594305178
}