{
  "beta_1": 0.7646914847132511,
  "beta_2": 0.7549408570062609,
  "epsilon": 5.320511951661396e-09,
  "lr": 0.025062196394394238,
  "seed": 686353549,
  "weight_decay": 2.4083598205090924e-05
}