{
  "beta_1": 0.7844086218854451,
  "beta_2": 0.22229832622420087,
  "epsilon": 6.481096009627554e-09,
  "lr": 0.026274406862679532,
  "seed": 807481513,
  "weight_decay": 0.0033308067093035807
}