{
  "beta_1": 0.14549222028515005,
  "beta_2": 0.6889969130647532,
  "epsilon": 6.753430400944589e-10,
  "lr": 0.0009440980392103597,
  "seed": 78583292,
  "weight_decay": 0.0008486558374367229
}