{
  "beta_1": 0.8520183610152977,
  "beta_2": 0.3542469521168429,
  "epsilon": 1.6363705273286478e-10,
  "lr": 2.667524373004121e-05,
  "seed": 834815503,
  "weight_decay": 0.0020962842471824454
}