{
  "beta_1": 0.7634400143756314,
  "beta_2": 0.49372540799473397,
  "epsilon": 0.0006045575582094149,
  "lr": 0.00025748268652671,
  "seed": 1517072470,
  "weight_decay": 0.000159830849827675
}