{
  "beta_1": 0.15390547819635736,
  "beta_2": 0.38280279842244036,
  "epsilon": 1.3587932161369669e-10,
  "lr": 0.00015364425256050046,
  "seed": 1441389786,
  "weight_decay": 1.8831571799139837e-08
}