{
  "beta_1": 0.3341310031605452,
  "beta_2": 0.19240227551319508,
  "epsilon": 3.586699487526276e-09,
  "lr": 0.0008289157434171455,
  "seed": 940543829,
  "weight_decay": 0.00032478483785928656
}