{
  "beta_1": 0.958124221644608,
  "beta_2": 0.41615366258745956,
  "epsilon": 7.132379511002081e-05,
  "lr": 0.0036704090429455698,
  "seed": 904016211,
  "weight_decay": 0.0008914244413297071
}