{
  "beta_1": 0.6211327771522093,
  "beta_2": 0.6475066857090436,
  "epsilon": 0.0001117487295425965,
  "lr": 0.036508608524089596,
  "seed": 12489586,
  "weight_decay": 0.0002950480707556549
}