{
  "beta1": 0.1000086137393404,
  "beta2": 0.15079029843812672,
  "epsilon": 5.536432207048981e-10,
  "lr": 0.000359531774735869,
  "seed": 1492942587,
  "weight_decay": 1.0790405020098716e-05,
  "x_beta1": -7.3956289316874395,
  "x_beta2": 10.65302142037662
}