{
  "beta_1": 0.8398523665898222,
  "beta_2": 0.6053611068007684,
  "epsilon": 0.0001761717327931487,
  "lr": 0.00012917299629371993,
  "seed": 605423736,
  "weight_decay": 2.6110491839137553e-06
}