{
  "beta1": 0.9989981648905872,
  "beta2": 0.10000328087560889,
  "epsilon": 1.8724964047378038e-06,
  "lr": 0.01417912800907994,
  "seed": 277867961,
  "weight_decay": 6.808443889587001e-08,
  "x_beta1": 13.10193216700137,
  "x_beta2": -12.521924938492349
}