{
  "beta_1": 0.6254552536815038,
  "beta_2": 0.564597443410392,
  "epsilon": 0.00023052474634869857,
  "lr": 0.029279336264672964,
  "seed": 825428268,
  "weight_decay": 1.0634100852546568e-05
}