{
  "beta_1": 0.2758643240328744,
  "beta_2": 0.40233503277236926,
  "epsilon": 2.626955186785874e-05,
  "lr": 1.6557325719468793e-06,
  "seed": 1504080900,
  "weight_decay": 6.252218470157875e-07
}