{
  "beta_1": 0.33561652549367726,
  "beta_2": 0.7094598224721023,
  "epsilon": 1.122679648259909e-09,
  "lr": 0.0002962584217105602,
  "seed": 309042576,
  "weight_decay": 8.249416499001701e-07
}