{
  "beta_1": 0.639878937078226,
  "beta_2": 0.4232428635686398,
  "epsilon": 7.636672369786206e-10,
  "lr": 0.0005734022315081641,
  "seed": 1737267831.423328,
  "weight_decay": 0.0005327573729749444
}