{
  "beta_1": 0.33307594041040306,
  "beta_2": 0.578760857803494,
  "epsilon": 2.454935255562678e-05,
  "lr": 0.0013679783784419043,
  "seed": 291062429,
  "weight_decay": 4.4020268855711935e-07
}