{
  "beta_1": 0.6437285042263583,
  "beta_2": 0.5453426449806755,
  "epsilon": 3.028542679067721e-07,
  "lr": 1.114857516601135e-06,
  "seed": 1185753760,
  "weight_decay": 6.0673019980446795e-06
}