{
  "beta_1": 0.7062821688927333,
  "beta_2": 0.842700494829901,
  "epsilon": 4.834048509854983e-05,
  "lr": 0.00043381715691614715,
  "seed": 888440420,
  "weight_decay": 0.00205752491233831
}