{
  "beta_1": 0.4872096672575954,
  "beta_2": 0.8025298044710358,
  "epsilon": 5.042063748015655e-10,
  "lr": 0.0006667381846666863,
  "seed": 857389254.102873,
  "weight_decay": 1.0473695027963127e-08
}