{
  "beta_1": 0.21819116282669393,
  "beta_2": 0.6491991182985076,
  "epsilon": 5.279336214201806e-06,
  "lr": 0.00203003519695446,
  "seed": 1204228095,
  "weight_decay": 0.005251778814693175
}