{
  "beta_1": 0.9258372677099062,
  "beta_2": 0.6007875424854467,
  "epsilon": 2.70505011096282e-09,
  "lr": 0.00048237834888553504,
  "seed": 120278743.21236072,
  "weight_decay": 3.744201129955962e-07
}