{
  "beta_1": 0.13456881880972701,
  "beta_2": 0.9315697791903259,
  "epsilon": 2.670431331172669e-07,
  "lr": 1.1325549082766171e-06,
  "seed": 1338536762,
  "weight_decay": 4.5591109838399705e-05
}