{
  "beta1": 0.10001405090440824,
  "beta2": 0.100842318965247,
  "epsilon": 1.21044840514939e-08,
  "lr": 0.00011451696298523787,
  "seed": 1044813789,
  "weight_decay": 9.929798230379954e-08,
  "x_beta1": -8.853068735559466,
  "x_beta2": -5.578354969306146
}