{
  "beta_1": 0.9246343272193556,
  "beta_2": 0.8161711320122017,
  "epsilon": 1.4415052119877009e-07,
  "lr": 0.0018953498233065032,
  "seed": 1894447254.1421704,
  "weight_decay": 0.006072846549056288
}