{
  "beta_1": 0.41513463209586077,
  "beta_2": 0.207871918473379,
  "epsilon": 0.00029179022185669724,
  "lr": 0.0013229814813857513,
  "seed": 1753635535,
  "weight_decay": 0.00029194011685526876
}