{
  "beta_1": 0.9933853217495752,
  "beta_2": 0.3705484831632274,
  "epsilon": 5.0404459647380535e-08,
  "lr": 0.0018714817165104043,
  "seed": 1754268149.42218,
  "weight_decay": 0.0026581224299556303
}