{
  "beta_1": 0.5914316640083086,
  "beta_2": 0.6057782620397502,
  "epsilon": 2.594807412485056e-05,
  "lr": 0.019711524685791456,
  "seed": 871689106,
  "weight_decay": 7.530330776215584e-07
}