{
  "beta_1": 0.33916873813345627,
  "beta_2": 0.2947526906927712,
  "epsilon": 7.411589027435565e-06,
  "lr": 0.01468075553039578,
  "seed": 1204228095,
  "weight_decay": 0.003361138441403632
}