{
  "beta_1": 0.7025074381786366,
  "beta_2": 0.8896841244180592,
  "epsilon": 1.6306145771558822e-10,
  "lr": 0.0008878599275841709,
  "seed": 616162393.1138946,
  "weight_decay": 0.0023526695695704927
}