{
  "beta_1": 0.7120168662452121,
  "beta_2": 0.7463242762220403,
  "epsilon": 4.611284184719363e-06,
  "lr": 0.0006927210728976932,
  "seed": 808322912.328735,
  "weight_decay": 0.006251937561339445
}