{
  "beta_1": 0.28112756001525824,
  "beta_2": 0.7277404919099117,
  "epsilon": 2.0770163530598236e-07,
  "lr": 0.00328860048822915,
  "seed": 865766552,
  "weight_decay": 5.0150546817217134e-08
}