{
  "beta_1": 0.25898233017117944,
  "beta_2": 0.9330815767095068,
  "epsilon": 0.0006476964819007817,
  "lr": 4.226599929796405e-06,
  "seed": 1669438494,
  "weight_decay": 5.9091890230087827e-08
}