{
  "beta1": 0.9967350315416345,
  "beta2": 0.9997204763954092,
  "epsilon": 6.144596430240824e-08,
  "lr": 1.2430842225487504e-05,
  "seed": 661482959,
  "weight_decay": 0.0012643831045568996,
  "x_beta1": 4.7849596729637955,
  "x_beta2": 2.6542112575903953
}