{
  "beta_1": 0.6528930527517716,
  "beta_2": 0.981452324499219,
  "epsilon": 0.00010179564058332431,
  "lr": 2.4368675987094726e-06,
  "seed": 1558505661,
  "weight_decay": 1.3595081424438326e-08
}