{
  "beta_1": 0.7370314526410168,
  "beta_2": 0.680810565452666,
  "epsilon": 1.6488569242036028e-05,
  "lr": 0.00018680581900776906,
  "seed": 1343411218,
  "weight_decay": 4.610514370867676e-05
}