{
  "beta_1": 0.11742442661669096,
  "beta_2": 0.9747906446320082,
  "epsilon": 9.270392583573534e-07,
  "lr": 7.1324272527453355e-06,
  "seed": 1174585953.9379668,
  "weight_decay": 9.403707489670665e-08
}