{
  "beta_1": 0.9567169868889654,
  "beta_2": 0.3121436066941745,
  "epsilon": 1.779541586993488e-08,
  "lr": 0.09685088091885849,
  "seed": 1238339035,
  "weight_decay": 2.386307441232247e-07
}