{
  "beta_1": 0.3145851977881694,
  "beta_2": 0.4470666020844928,
  "epsilon": 0.0008079727036784294,
  "lr": 0.006138700902469712,
  "seed": 84186205.28089209,
  "weight_decay": 0.00017871709457520295
}