{
  "beta_1": 0.19987624676127352,
  "beta_2": 0.906829134417406,
  "epsilon": 3.4104812095228393e-06,
  "lr": 0.0006939350551420237,
  "seed": 578084751.1426272,
  "weight_decay": 0.0022975152204842897
}