{
  "beta_1": 0.11252576414304558,
  "beta_2": 0.506306630592805,
  "epsilon": 1.0030843673597325e-06,
  "lr": 0.003764980527328313,
  "seed": 219258482.7445566,
  "weight_decay": 0.00015159080068861613
}