{
  "beta_1": 0.45272787677410553,
  "beta_2": 0.9115523122633714,
  "epsilon": 9.264486284294456e-06,
  "lr": 0.018350944412994723,
  "seed": 1204228095,
  "weight_decay": 0.00420142305175454
}