{
  "beta_1": 0.19452138989099932,
  "beta_2": 0.32673250113079,
  "epsilon": 1.6768228711324747e-07,
  "lr": 2.8793158957140245e-06,
  "seed": 567903700,
  "weight_decay": 9.353986030370939e-05
}