{
  "beta1": 0.24916944635706637,
  "beta2": 0.10093931724435173,
  "epsilon": 3.5479055456322716e-07,
  "lr": 2.332967235248312e-05,
  "seed": 1669254808,
  "weight_decay": 0.001523461025916496,
  "x_beta1": -1.6147643688594346,
  "x_beta2": -6.863841302518143
}