{
  "beta1": 0.9382178558880334,
  "beta2": 0.7307694611929466,
  "epsilon": 6.170722477394503e-06,
  "lr": 0.001580706833297242,
  "seed": 864103735,
  "weight_decay": 5.327332691840266e-06,
  "x_beta1": 2.099185579561721,
  "x_beta2": 0.6813951238613285
}