{
  "beta_1": 0.5385769027291218,
  "beta_2": 0.8732006142679573,
  "epsilon": 3.169089582480592e-08,
  "lr": 1.1924270261065087e-05,
  "seed": 1271890185,
  "weight_decay": 7.174030461673601e-07
}