{
  "beta1": 0.9989983427191428,
  "beta2": 0.10000141507044273,
  "epsilon": 2.966239538814183e-09,
  "lr": 0.004908642616397614,
  "seed": 321699267,
  "weight_decay": 0.0009144593802677565,
  "x_beta1": 10.563086598777376,
  "x_beta2": -10.690286431872124
}