{
  "beta_1": 0.7239592637116483,
  "beta_2": 0.6892808331451922,
  "epsilon": 3.2567997258461843e-07,
  "lr": 0.002245599006870138,
  "seed": 855671795.1017865,
  "weight_decay": 5.867840632114457e-06
}