{
  "beta_1": 0.8097889994659768,
  "beta_2": 0.10821740985723477,
  "epsilon": 9.629729534654306e-06,
  "lr": 1.3238009876439274e-05,
  "seed": 1865911679,
  "weight_decay": 4.23300709656853e-08
}