{
  "beta_1": 0.25302150992645484,
  "beta_2": 0.25145378078796055,
  "epsilon": 1.2795191566620232e-09,
  "lr": 2.8270987025377712e-06,
  "seed": 1963206795,
  "weight_decay": 3.361887084168904e-06
}