{
  "beta_1": 0.30558843747210784,
  "beta_2": 0.7271046564247449,
  "epsilon": 0.00010261321048978371,
  "lr": 0.001186601278991288,
  "seed": 2016610481,
  "weight_decay": 0.0001184855936143512
}