{
  "beta_1": 0.11051947545333834,
  "beta_2": 0.40446899682078374,
  "epsilon": 2.5024415900782847e-06,
  "lr": 0.0010234320974712196,
  "seed": 427194143,
  "weight_decay": 6.78216457501526e-08
}