{
  "beta1": 0.8445637871032767,
  "beta2": 0.15672031798680386,
  "epsilon": 0.00011294402298762726,
  "lr": 0.00440132675521858,
  "seed": 969676891,
  "weight_decay": 0.0018937292631177613,
  "x_beta1": -1.6445547659922655,
  "x_beta2": 5.243850446496994
}