{
  "beta_1": 0.9153935188883567,
  "beta_2": 0.2699667167076344,
  "epsilon": 1.6387748293509913e-07,
  "lr": 0.002477841143757285,
  "seed": 1839670184,
  "weight_decay": 3.868105320438632e-08
}