{
  "beta1": 0.10454194426386768,
  "beta2": 0.14832543297660483,
  "epsilon": 2.8831383927022945e-09,
  "lr": 1.692674782862774e-05,
  "seed": 728416891,
  "weight_decay": 8.923465591206336e-07,
  "x_beta1": -5.282862838221003,
  "x_beta2": -2.869129082905074
}