{
  "beta_1": 0.4329152379971304,
  "beta_2": 0.41041997451969625,
  "epsilon": 0.0009973523388705214,
  "lr": 0.0019454266065006233,
  "seed": 1772623813.0191507,
  "weight_decay": 6.3648049255144095e-06
}