{
  "beta_1": 0.8005702571097982,
  "beta_2": 0.4886054118288076,
  "epsilon": 1.4873521608627353e-06,
  "lr": 0.0335703129633719,
  "seed": 1494624913,
  "weight_decay": 0.0012643831045568996
}