{
  "beta_1": 0.8661271543236072,
  "beta_2": 0.6059875879863749,
  "epsilon": 0.00012238513663622637,
  "lr": 0.0006717469843841229,
  "seed": 1076917274,
  "weight_decay": 1.993134545561324e-06
}