{
  "beta_1": 0.634873608014627,
  "beta_2": 0.5776899952839749,
  "epsilon": 7.713403096743129e-06,
  "lr": 0.0013172556944143685,
  "seed": 864103735,
  "weight_decay": 4.439443909866888e-06
}