{
  "beta_1": 0.602472382655378,
  "beta_2": 0.9438108228352197,
  "epsilon": 7.836260155676702e-10,
  "lr": 0.013202649195707374,
  "seed": 1396663933,
  "weight_decay": 4.145741713560072e-08
}