{
  "beta_1": 0.3727714421822822,
  "beta_2": 0.7871236183755043,
  "epsilon": 1.155982022264155e-09,
  "lr": 0.016667036908072853,
  "seed": 1115915898,
  "weight_decay": 4.256663947180826e-06
}