{
  "beta_1": 0.48911309090599975,
  "beta_2": 0.43513582338462986,
  "epsilon": 3.754505310047714e-06,
  "lr": 1.9292198572272135e-05,
  "seed": 523950782,
  "weight_decay": 1.304927756351315e-05
}