{
  "beta_1": 0.5209758664845168,
  "beta_2": 0.9215122235728751,
  "epsilon": 1.3484444839929627e-10,
  "lr": 0.0067678875218078775,
  "seed": 252907945,
  "weight_decay": 1.4081727599322773e-08
}