{
  "beta_1": 0.6315721172078582,
  "beta_2": 0.466608652314087,
  "epsilon": 0.00047135334212103944,
  "lr": 0.0453816609236254,
  "seed": 820726861,
  "weight_decay": 1.4142293440562008e-08
}