{
  "beta_1": 0.7536293406053952,
  "beta_2": 0.6919095838897226,
  "epsilon": 0.00042182023575262933,
  "lr": 0.0004184728860388093,
  "seed": 923751556.2170719,
  "weight_decay": 8.319568291555045e-05
}