{
  "beta_1": 0.360743359631717,
  "beta_2": 0.3480592090397261,
  "epsilon": 1.689319326598639e-05,
  "lr": 3.5036460970084276e-05,
  "seed": 1126660545,
  "weight_decay": 0.003260159876456604
}