{
  "beta_1": 0.8088608020546301,
  "beta_2": 0.45375935940363843,
  "epsilon": 8.022581700024605e-08,
  "lr": 0.001085920641725224,
  "seed": 1402225971.6549304,
  "weight_decay": 1.1514936600414459e-05
}