{
  "beta_1": 0.5120294645458429,
  "beta_2": 0.9937857393607747,
  "epsilon": 7.095731020364823e-05,
  "lr": 0.00044874908210952135,
  "seed": 2137587622.0997665,
  "weight_decay": 8.480092752406721e-05
}