{
  "beta_1": 0.16394538306480005,
  "beta_2": 0.4873800566752896,
  "epsilon": 1.1017483789259558e-10,
  "lr": 0.0008221911208974416,
  "seed": 1446189335.5969095,
  "weight_decay": 2.951268981090566e-08
}