{
  "beta_1": 0.5841661358871745,
  "beta_2": 0.3572610039190188,
  "epsilon": 1.5649462508314473e-05,
  "lr": 0.00022684336360658617,
  "seed": 1494007195.5687637,
  "weight_decay": 0.0011289747479895978
}