{
  "beta_1": 0.8245483753556159,
  "beta_2": 0.1238555446390058,
  "epsilon": 6.483576221553469e-05,
  "lr": 1.2818434690011653e-06,
  "seed": 922264063,
  "weight_decay": 1.4447815358371476e-08
}