{
  "beta_1": 0.21993399249805923,
  "beta_2": 0.5830200894562109,
  "epsilon": 1.391020292646307e-06,
  "lr": 1.2405100830780942e-05,
  "seed": 875015107.6345961,
  "weight_decay": 0.0013308419254832596
}