{
  "beta1": 0.10000708547967072,
  "beta2": 0.9996301690673991,
  "epsilon": 1.4606520057445314e-10,
  "lr": 0.0002040506306793074,
  "seed": 557105898,
  "weight_decay": 0.00010309460028985031,
  "x_beta1": -14.101179430526239,
  "x_beta2": 9.734332136735167
}