{
  "beta_1": 0.18202177898204502,
  "beta_2": 0.1061927138712489,
  "epsilon": 7.758618012465874e-07,
  "lr": 0.029969765424632748,
  "seed": 176469977,
  "weight_decay": 7.714616254978853e-05
}