{
  "beta_1": 0.8764418786194411,
  "beta_2": 0.6867535734376564,
  "epsilon": 3.740411053489932e-10,
  "lr": 0.000262943585551275,
  "seed": 273078159.60808784,
  "weight_decay": 0.0012448775910122972
}