{
  "beta_1": 0.3911356006132747,
  "beta_2": 0.2862732442635778,
  "epsilon": 1.9471280621171956e-10,
  "lr": 0.01543993810998121,
  "seed": 2011854978.935782,
  "weight_decay": 1.3849209977892166e-05
}