{
  "beta_1": 0.12324102548608408,
  "beta_2": 0.3145048644809906,
  "epsilon": 1.6334774443790778e-09,
  "lr": 1.4824506724821345e-06,
  "seed": 1128991035,
  "weight_decay": 6.314335821332075e-07
}