{
  "beta_1": 0.49543427923241656,
  "beta_2": 0.28583390717126217,
  "epsilon": 0.0003742380581538147,
  "lr": 0.0007238255664205155,
  "seed": 1106183228,
  "weight_decay": 4.772831017436251e-06
}