{
  "beta1": 0.10069655092050281,
  "beta2": 0.999853539873124,
  "epsilon": 1.4154813420596213e-08,
  "lr": 0.0010017934509413328,
  "seed": 1650082446,
  "weight_decay": 1.171807623392567e-05,
  "x_beta1": -5.7296978456835435,
  "x_beta2": 7.8971142699082115
}