{
  "beta_1": 0.4632925921881973,
  "beta_2": 0.37108037548695005,
  "epsilon": 0.0003468654672061039,
  "lr": 2.0225268044892496e-06,
  "seed": 359212387,
  "weight_decay": 4.366781758934471e-05
}