{
  "beta_1": 0.7392597493553921,
  "beta_2": 0.9254491778225128,
  "epsilon": 7.643312632512928e-07,
  "lr": 0.009483304651021512,
  "seed": 964266935,
  "weight_decay": 1.3270859893298044e-08
}