{
  "beta_1": 0.5823702048258501,
  "beta_2": 0.8088279847840294,
  "epsilon": 0.0007924238198701399,
  "lr": 1.943088585295771e-06,
  "seed": 1656534662.3951588,
  "weight_decay": 0.0007415601480368461
}