{
  "beta_1": 0.7247753736221866,
  "beta_2": 0.997764821990196,
  "epsilon": 1.1074242778915997e-05,
  "lr": 0.0019387375598122073,
  "seed": 1886796716,
  "weight_decay": 5.273753880394411e-07
}