{
  "beta_1": 0.8792298583300494,
  "beta_2": 0.5676466899496397,
  "epsilon": 1.6909080885211447e-08,
  "lr": 0.07439531456257803,
  "seed": 712647748.9344592,
  "weight_decay": 0.008608919933740343
}