{
  "beta_1": 0.8964725074119178,
  "beta_2": 0.885846125152847,
  "epsilon": 1.4497688699910078e-05,
  "lr": 0.0009124573023820755,
  "seed": 1079551108,
  "weight_decay": 0.00019857058056624752
}