{
  "beta_1": 0.7878018965757979,
  "beta_2": 0.9039293942645934,
  "epsilon": 2.3763989946941666e-06,
  "lr": 6.17771341222528e-06,
  "seed": 1510595372,
  "weight_decay": 0.0005674227627078406
}