{
  "beta_1": 0.9565448970437893,
  "beta_2": 0.23851609038749833,
  "epsilon": 7.928626628407823e-10,
  "lr": 0.0006910553195542643,
  "seed": 1216575020.6504536,
  "weight_decay": 4.4010897772613826e-05
}