{
  "beta_1": 0.112745391158234,
  "beta_2": 0.7222761555183381,
  "epsilon": 5.906302239257107e-09,
  "lr": 1.8384985922711516e-05,
  "seed": 824455466,
  "weight_decay": 0.0002481508462778226
}