{
  "beta_1": 0.6524230760346613,
  "beta_2": 0.6445904895255895,
  "epsilon": 1.1226376703612893e-09,
  "lr": 0.09662091856739392,
  "seed": 1329593874,
  "weight_decay": 0.00312324221137241
}