{
  "beta_1": 0.7690923036283078,
  "beta_2": 0.7462256072282056,
  "epsilon": 1.4728166605793945e-05,
  "lr": 0.002905986909211755,
  "seed": 921057795.1625142,
  "weight_decay": 0.0002701026451853924
}