{
  "beta_1": 0.440859386784473,
  "beta_2": 0.8408699618409579,
  "epsilon": 2.8883127971816476e-06,
  "lr": 8.867717417009937e-06,
  "seed": 1766962552,
  "weight_decay": 0.0001339850995087969
}