{
  "beta_1": 0.7497897175147656,
  "beta_2": 0.14809931880171778,
  "epsilon": 9.568554905290995e-09,
  "lr": 2.060827751969442e-06,
  "seed": 1969770690.2776263,
  "weight_decay": 1.7548000550479657e-05
}