{
  "beta_1": 0.10029555255393699,
  "beta_2": 0.15164136845484433,
  "epsilon": 3.949500006260035e-09,
  "lr": 0.00020633037495686472,
  "seed": 844049504,
  "weight_decay": 5.3653116021516026e-05
}