{
  "beta1": 0.998996016622257,
  "beta2": 0.9842222233528213,
  "epsilon": 0.0003378509128734872,
  "lr": 0.0006717849629338712,
  "seed": 1394881215,
  "weight_decay": 9.934309151743243e-08,
  "x_beta1": 14.792284492838531,
  "x_beta2": 4.838957046625793
}