{
  "beta_1": 0.7389501916003409,
  "beta_2": 0.42609139939211815,
  "epsilon": 2.628114106200827e-10,
  "lr": 7.975100236458074e-05,
  "seed": 730143002,
  "weight_decay": 2.1912483919088445e-06
}