{
  "beta_1": 0.47223571017867394,
  "beta_2": 0.8098387872041762,
  "epsilon": 4.155728468670452e-05,
  "lr": 1.2669306566932718e-06,
  "seed": 1993687308.7217836,
  "weight_decay": 4.3114552240494444e-05
}