{
  "beta_1": 0.6164328609723717,
  "beta_2": 0.6091732082350908,
  "epsilon": 0.00011520395238940442,
  "lr": 0.020449876799375898,
  "seed": 701930316,
  "weight_decay": 2.611988687248962e-06
}