{
  "beta_1": 0.42463644987463856,
  "beta_2": 0.38793887313488773,
  "epsilon": 6.810459004620922e-06,
  "lr": 7.186903443566108e-06,
  "seed": 1023163394,
  "weight_decay": 1.0113351929838202e-08
}