{
  "beta_1": 0.833464623692727,
  "beta_2": 0.28096273382957543,
  "epsilon": 4.751429811272903e-05,
  "lr": 0.03703043017752438,
  "seed": 1516583454,
  "weight_decay": 7.999538357941444e-08
}