{
  "beta_1": 0.6056781516031836,
  "beta_2": 0.250487385054017,
  "epsilon": 6.5303176007655885e-06,
  "lr": 1.211057475810761e-06,
  "seed": 1683016924,
  "weight_decay": 7.881036787174867e-07
}