{
  "beta_1": 0.29010117649559164,
  "beta_2": 0.5634831274621367,
  "epsilon": 2.222963922113934e-06,
  "lr": 0.0008209996827534203,
  "seed": 2031505497.240422,
  "weight_decay": 0.003694480567130669
}