{
  "beta_1": 0.2954214533605036,
  "beta_2": 0.8274366579911658,
  "epsilon": 3.058578374599477e-08,
  "lr": 0.0001178537977297158,
  "seed": 1657554791.5554893,
  "weight_decay": 0.0006519606222275488
}