{
  "beta_1": 0.8194548712331566,
  "beta_2": 0.2975578369183882,
  "epsilon": 5.989768771156071e-08,
  "lr": 0.07637452635457682,
  "seed": 1246105310.0630481,
  "weight_decay": 0.001730867268127061
}