{
  "beta_1": 0.23551415605842277,
  "beta_2": 0.1336208738481519,
  "epsilon": 1.089518937098954e-07,
  "lr": 5.89183154874672e-06,
  "seed": 54076189.08823834,
  "weight_decay": 0.004536038006709147
}