{
  "beta_1": 0.582969956125087,
  "beta_2": 0.8459877802213996,
  "epsilon": 1.1692484603391049e-08,
  "lr": 0.0549275871515093,
  "seed": 1729879147,
  "weight_decay": 5.74871749754814e-07
}