{
  "beta_1": 0.33563814312613066,
  "beta_2": 0.836544826101293,
  "epsilon": 1.688331030896169e-05,
  "lr": 1.6286924999513708e-05,
  "seed": 1927324172,
  "weight_decay": 4.826532833391804e-07
}