{
  "beta_1": 0.5504899375439424,
  "beta_2": 0.4345585155799905,
  "epsilon": 0.000117936887064879,
  "lr": 0.001472729364781295,
  "seed": 501403098,
  "weight_decay": 8.152967814048867e-05
}