{
  "beta_1": 0.6535171677091037,
  "beta_2": 0.46553275861849264,
  "epsilon": 3.8429705366952575e-06,
  "lr": 1.6511360379723515e-05,
  "seed": 1362393912,
  "weight_decay": 1.287092133300517e-05
}