{
  "beta_1": 0.5692373677468426,
  "beta_2": 0.3967869711889478,
  "epsilon": 7.736339167640158e-07,
  "lr": 0.0005875525234509868,
  "seed": 2053688564,
  "weight_decay": 6.077154786301577e-07
}