{
  "beta_1": 0.2485392284839884,
  "beta_2": 0.25906774469186633,
  "epsilon": 1.418565831254384e-07,
  "lr": 2.3608038600684276e-05,
  "seed": 1545792841,
  "weight_decay": 5.13204051605861e-07
}