{
  "beta_1": 0.12839045510683877,
  "beta_2": 0.7498044161277222,
  "epsilon": 1.3749762812563278e-10,
  "lr": 0.025885564337128766,
  "seed": 197582604,
  "weight_decay": 1.1530682730510397e-08
}