{
  "beta_1": 0.9735520431157171,
  "beta_2": 0.17324048697769623,
  "epsilon": 3.840058493193978e-06,
  "lr": 0.0007404399939463032,
  "seed": 21213137,
  "weight_decay": 1.1896567278505464e-08
}