{
  "beta_1": 0.6602332691576931,
  "beta_2": 0.7130500694301812,
  "epsilon": 3.8290238295545976e-10,
  "lr": 0.0004041105398681534,
  "seed": 1392811062,
  "weight_decay": 1.6636898388513485e-05
}