{
  "beta_1": 0.7845096803222767,
  "beta_2": 0.2632455151543899,
  "epsilon": 0.00023377501466127865,
  "lr": 0.0013256149548863335,
  "seed": 1619510240,
  "weight_decay": 4.876681944328564e-06
}