{
  "beta_1": 0.8696539565862079,
  "beta_2": 0.7476697140109195,
  "epsilon": 1.0533820689196246e-09,
  "lr": 3.693694932533225e-06,
  "seed": 1394418253,
  "weight_decay": 0.003098007170249558
}