{
  "beta_1": 0.9763578890476675,
  "beta_2": 0.5218699871107445,
  "epsilon": 1.7157198566691213e-10,
  "lr": 0.003933436567658723,
  "seed": 160354146.3586207,
  "weight_decay": 0.00017835506745592756
}