{
  "beta1": 0.10000173760564217,
  "beta2": 0.10000464427277432,
  "epsilon": 3.9003830792528135e-05,
  "lr": 0.010748036504602295,
  "seed": 1719024562,
  "weight_decay": 4.5833826876291486e-08,
  "x_beta1": -13.156528282779886,
  "x_beta2": -12.174398965088901
}