{
  "beta_1": 0.4338550237385169,
  "beta_2": 0.5558562137793446,
  "epsilon": 1.0378333463295272e-05,
  "lr": 3.787076115074139e-06,
  "seed": 808157822,
  "weight_decay": 3.199725651460352e-08
}