{
  "beta_1": 0.24435170105330686,
  "beta_2": 0.8364145018518004,
  "epsilon": 1.1226423884434409e-10,
  "lr": 0.0024202507862779213,
  "seed": 644827250.7057171,
  "weight_decay": 1.1700928982926271e-07
}