{
  "beta1": 0.10021013211507768,
  "beta2": 0.10164678028923886,
  "epsilon": 0.0001413588178590796,
  "lr": 0.0068585234099145685,
  "seed": 522893467,
  "weight_decay": 1.925582532614859e-06,
  "x_beta1": -10.033281712765515,
  "x_beta2": -5.041303974960035
}