{
  "beta_1": 0.9414844776712084,
  "beta_2": 0.6991484025080416,
  "epsilon": 1.0471337855758685e-08,
  "lr": 1.6304049057356202e-06,
  "seed": 1126016797,
  "weight_decay": 0.0005627018408313262
}