{
  "beta_1": 0.6892916650934425,
  "beta_2": 0.7025473606152459,
  "epsilon": 2.5954846001564607e-07,
  "lr": 0.0006564439503778978,
  "seed": 1926432570.6313546,
  "weight_decay": 0.0022819592266641736
}