{
  "beta_1": 0.8323891532588541,
  "beta_2": 0.7164004685547903,
  "epsilon": 1.2020508245163922e-09,
  "lr": 0.08680618349703428,
  "seed": 475310278,
  "weight_decay": 0.00039692900121253053
}