{
  "beta_1": 0.24671182847199427,
  "beta_2": 0.44131045372807143,
  "epsilon": 1.006129505022487e-10,
  "lr": 1.5747000833007426e-06,
  "seed": 530278537,
  "weight_decay": 9.64112647985373e-07
}