{
  "beta_1": 0.4614312096969969,
  "beta_2": 0.7097518303988813,
  "epsilon": 3.5232772651392916e-08,
  "lr": 0.0009654238135610828,
  "seed": 144347653,
  "weight_decay": 4.1900660535503154e-05
}