{
  "beta_1": 0.18128616087490565,
  "beta_2": 0.7144629356794198,
  "epsilon": 3.028627930324169e-09,
  "lr": 0.0007539916931994109,
  "seed": 666485344,
  "weight_decay": 0.009378468067924002
}