{
  "beta_1": 0.721183493748978,
  "beta_2": 0.6478250223485785,
  "epsilon": 1.183710124236204e-05,
  "lr": 0.004429978887335534,
  "seed": 1404779829,
  "weight_decay": 8.321783888626976e-05
}