{
  "beta_1": 0.6438300305711755,
  "beta_2": 0.13167843855869144,
  "epsilon": 6.367282686638021e-07,
  "lr": 4.530512257573013e-05,
  "seed": 433571113.16180885,
  "weight_decay": 2.2059731214631762e-05
}