{
  "beta_1": 0.27898101551840476,
  "beta_2": 0.48426169375487915,
  "epsilon": 6.321111984074181e-10,
  "lr": 4.2238519340794915e-05,
  "seed": 987419100,
  "weight_decay": 1.6198587086804607e-08
}