{
  "beta_1": 0.14135207617409223,
  "beta_2": 0.7533094789677742,
  "epsilon": 0.00010743356647484342,
  "lr": 0.0028289145653424535,
  "seed": 1328374310,
  "weight_decay": 2.343379776466486e-08
}