{
  "beta_1": 0.6617738039169789,
  "beta_2": 0.28155030373562084,
  "epsilon": 3.986309864491742e-10,
  "lr": 0.0009659160913381954,
  "seed": 1992088364,
  "weight_decay": 2.3779639030427325e-08
}