{
  "beta1": 0.10043163873843682,
  "beta2": 0.9997440996211845,
  "epsilon": 2.7484445832788046e-06,
  "lr": 0.00013890763504450585,
  "seed": 677261997,
  "weight_decay": 3.827686101701385e-07,
  "x_beta1": -11.007175004230074,
  "x_beta2": 10.392778154638451
}