{
  "beta_1": 0.5874898241905835,
  "beta_2": 0.8831156829311634,
  "epsilon": 1.679941578214208e-07,
  "lr": 0.0044720148545945165,
  "seed": 156091474.110944,
  "weight_decay": 0.0002097511328178571
}