{
  "beta_1": 0.6598230663999312,
  "beta_2": 0.8406242662906939,
  "epsilon": 2.1177725701994038e-09,
  "lr": 0.02586897158540201,
  "seed": 351178663,
  "weight_decay": 2.1565395140663223e-08
}