{
  "beta_1": 0.46093667054609,
  "beta_2": 0.1276244581349802,
  "epsilon": 6.853292630867948e-08,
  "lr": 0.00015196007081979247,
  "seed": 273335991,
  "weight_decay": 1.1977470244171484e-06
}