{
  "beta_1": 0.25690127274589947,
  "beta_2": 0.7512340086187547,
  "epsilon": 4.196237398004752e-05,
  "lr": 1.0435741765167962e-06,
  "seed": 715153714,
  "weight_decay": 6.730780538309539e-05
}