{
  "beta_1": 0.10173487447584023,
  "beta_2": 0.9127647900217555,
  "epsilon": 5.937428458052123e-07,
  "lr": 3.8640537245774844e-06,
  "seed": 1731218831,
  "weight_decay": 2.4217087943398025e-08
}