{
  "beta_1": 0.9094798764981991,
  "beta_2": 0.7103207437084134,
  "epsilon": 8.787957375056814e-06,
  "lr": 0.00025746660002334544,
  "seed": 868013844.7778038,
  "weight_decay": 1.8185162562324806e-07
}