{
  "beta_1": 0.4667924855329274,
  "beta_2": 0.7354750647910394,
  "epsilon": 4.300591783101565e-10,
  "lr": 3.1763284136246657e-06,
  "seed": 392072694,
  "weight_decay": 1.007151435292539e-05
}