{
  "beta_1": 0.9583661450056911,
  "beta_2": 0.6792717242615349,
  "epsilon": 5.320107033125536e-06,
  "lr": 6.93422223975441e-05,
  "seed": 1309257013,
  "weight_decay": 0.00012895528199344388
}