{
  "beta1": 0.9987953924101538,
  "beta2": 0.12096092229812802,
  "epsilon": 2.2513014947515278e-09,
  "lr": 0.020591582682738307,
  "seed": 82621714,
  "weight_decay": 2.4788614721261247e-05,
  "x_beta1": 8.387716744049223,
  "x_beta2": -3.7360557253811315
}