{
  "beta_1": 0.22207943607107794,
  "beta_2": 0.21425484313266024,
  "epsilon": 2.571135780718461e-05,
  "lr": 6.857313374515012e-06,
  "seed": 1114716209.160976,
  "weight_decay": 1.0153821947545505e-08
}