{
  "beta_1": 0.45750511950074424,
  "beta_2": 0.33408806031292315,
  "epsilon": 7.912086485030663e-10,
  "lr": 0.004209319977406074,
  "seed": 1916510588.8823137,
  "weight_decay": 1.4603334082207526e-08
}