{
  "beta_1": 0.5591318286696341,
  "beta_2": 0.38750423596105943,
  "epsilon": 1.0869807592458514e-08,
  "lr": 0.04549259625027,
  "seed": 961276456,
  "weight_decay": 0.0005546036061491811
}