{
  "beta_1": 0.4584087715101556,
  "beta_2": 0.4753959492567065,
  "epsilon": 1.3229159022244902e-09,
  "lr": 0.0004157447048512288,
  "seed": 1657828035,
  "weight_decay": 1.1158622652613542e-07
}