{
  "beta_1": 0.8395688260522755,
  "beta_2": 0.1243259404013387,
  "epsilon": 4.0079762429458727e-10,
  "lr": 1.2258501418527695e-06,
  "seed": 2058032953,
  "weight_decay": 1.2642782706596534e-05
}