{
  "beta_1": 0.8349443109713088,
  "beta_2": 0.6384315835220827,
  "epsilon": 7.403688499168514e-05,
  "lr": 0.0006521737031334023,
  "seed": 1626870061.5531087,
  "weight_decay": 0.0012459138196162668
}