{
  "beta_1": 0.15040749036299964,
  "beta_2": 0.9962842304082868,
  "epsilon": 5.166522365607348e-07,
  "lr": 5.125622328706747e-05,
  "seed": 1907801842,
  "weight_decay": 7.384102501859301e-06
}