{
  "beta_1": 0.5749035272595721,
  "beta_2": 0.932773154801669,
  "epsilon": 5.218610052375011e-07,
  "lr": 0.0007461190568289667,
  "seed": 1199719425,
  "weight_decay": 0.008719112038484736
}