{
  "beta_1": 0.754986038500394,
  "beta_2": 0.6075678651581183,
  "epsilon": 4.666823618083024e-10,
  "lr": 9.929814339206518e-06,
  "seed": 523606216,
  "weight_decay": 6.825519899038083e-05
}