{
  "beta_1": 0.49646825128950045,
  "beta_2": 0.6976868445413045,
  "epsilon": 7.5319011128947e-08,
  "lr": 0.006421219275715378,
  "seed": 402877185.64068675,
  "weight_decay": 3.1476384386634437e-06
}