{
  "beta_1": 0.5694402008660713,
  "beta_2": 0.5275779527689946,
  "epsilon": 1.8922913236065974e-08,
  "lr": 1.2908217612071401e-05,
  "seed": 327734795,
  "weight_decay": 0.008122819884376225
}