{
  "beta_1": 0.8986336889176334,
  "beta_2": 0.914882438288046,
  "epsilon": 4.4133857617372013e-07,
  "lr": 0.06903974802045676,
  "seed": 1886928289,
  "weight_decay": 1.9033947980983476e-05
}