{
  "beta_1": 0.8291784451165191,
  "beta_2": 0.968640075117455,
  "epsilon": 5.455210048216029e-07,
  "lr": 0.0003633561677797624,
  "seed": 205586832.6153871,
  "weight_decay": 6.569717235720153e-05
}