{
  "beta_1": 0.9825577394955957,
  "beta_2": 0.225037334248522,
  "epsilon": 3.9728889486244925e-09,
  "lr": 0.03912856165784978,
  "seed": 828523534,
  "weight_decay": 1.7346111272377495e-05
}