{
  "beta_1": 0.5495573898894532,
  "beta_2": 0.3412844127736518,
  "epsilon": 2.5102565410483566e-09,
  "lr": 4.142787720676825e-05,
  "seed": 750648033.5942138,
  "weight_decay": 1.890298861886706e-06
}