{
  "beta_1": 0.5688992527165578,
  "beta_2": 0.9046190477839012,
  "epsilon": 5.508306622622945e-05,
  "lr": 0.0012745027674475294,
  "seed": 1745097566,
  "weight_decay": 1.614705202780924e-05
}