{
  "beta_1": 0.9815071423184474,
  "beta_2": 0.16840814893452657,
  "epsilon": 2.5673957281003494e-10,
  "lr": 0.005250831703743812,
  "seed": 878015487.9984295,
  "weight_decay": 2.8138373402704143e-05
}