{
  "beta_1": 0.916473666909678,
  "beta_2": 0.7888505433086122,
  "epsilon": 5.461558465776493e-10,
  "lr": 1.0351560710931383e-06,
  "seed": 1490778271,
  "weight_decay": 7.049353435890523e-07
}