{
  "beta_1": 0.485116222090474,
  "beta_2": 0.855540943390854,
  "epsilon": 1.607342772449768e-05,
  "lr": 2.1024314082012687e-05,
  "seed": 84645446,
  "weight_decay": 0.0003375848096241725
}