{
  "beta_1": 0.729101179455618,
  "beta_2": 0.8592875197102255,
  "epsilon": 4.13787519363744e-05,
  "lr": 0.00024026748237709856,
  "seed": 2129776212,
  "weight_decay": 0.007874162808830723
}