{
  "beta_1": 0.19073238024454703,
  "beta_2": 0.8188395404602417,
  "epsilon": 1.4780254235445266e-07,
  "lr": 0.00032741600136210994,
  "seed": 1251985516,
  "weight_decay": 0.004888775455648376
}