{
  "beta_1": 0.9863714246395123,
  "beta_2": 0.5603739865107016,
  "epsilon": 1.695427145318888e-10,
  "lr": 0.0003850812270893162,
  "seed": 1584074423.05136,
  "weight_decay": 2.6367926925464975e-07
}