{
  "beta1": 0.8663605131345938,
  "beta2": 0.1020830637319133,
  "epsilon": 0.00014527658147010054,
  "lr": 0.040839012953561446,
  "seed": 851607961,
  "weight_decay": 0.0003682769838971709,
  "x_beta1": 1.754017880048199,
  "x_beta2": -6.066126432333464
}