{
  "beta_1": 0.9304792956527568,
  "beta_2": 0.7883040137735248,
  "epsilon": 7.360585372193761e-10,
  "lr": 0.02165120334172067,
  "seed": 1051265811,
  "weight_decay": 1.8041160856134028e-05
}