{
  "beta_1": 0.7807583657194332,
  "beta_2": 0.2946579833619748,
  "epsilon": 2.0360206973946142e-10,
  "lr": 8.485192642549183e-05,
  "seed": 719310029,
  "weight_decay": 0.00011431618968730938
}