{
  "beta_1": 0.21344553800202412,
  "beta_2": 0.7401006741407997,
  "epsilon": 1.134682010963648e-09,
  "lr": 7.058491552478128e-06,
  "seed": 1754400741,
  "weight_decay": 4.273373167727514e-05
}