{
  "beta_1": 0.3214678993031458,
  "beta_2": 0.9842427706700191,
  "epsilon": 2.1108486731232736e-08,
  "lr": 6.935916761756414e-05,
  "seed": 1416343283.235335,
  "weight_decay": 3.5816936729258265e-05
}