{
  "beta_1": 0.875217955252677,
  "beta_2": 0.440319283702475,
  "epsilon": 0.00011670624571089846,
  "lr": 0.003432162189499362,
  "seed": 1719837153,
  "weight_decay": 9.968934090819488e-08
}