{
  "beta_1": 0.16909009713079026,
  "beta_2": 0.8038039721585153,
  "epsilon": 8.544141014576612e-07,
  "lr": 9.454051075922105e-06,
  "seed": 1729934175.9105988,
  "weight_decay": 4.736123623805841e-08
}