{
  "beta_1": 0.2778892665808429,
  "beta_2": 0.17472914405439977,
  "epsilon": 1.3803559479959734e-10,
  "lr": 0.0012735230424345532,
  "seed": 97723595.6795384,
  "weight_decay": 0.0021040327673651268
}