{
  "beta_1": 0.47137408247796164,
  "beta_2": 0.7515289522805628,
  "epsilon": 9.13340245129161e-05,
  "lr": 0.00010324277150766423,
  "seed": 511719278.7656148,
  "weight_decay": 0.000384614333993972
}