{
  "beta_1": 0.668585853630956,
  "beta_2": 0.8159245068394817,
  "epsilon": 7.512814415360259e-09,
  "lr": 9.244677344828868e-05,
  "seed": 1779704358.521495,
  "weight_decay": 0.0005792840582996866
}