{
  "beta_1": 0.47029075583082713,
  "beta_2": 0.857121498557667,
  "epsilon": 4.41108154427302e-06,
  "lr": 0.00630924703461909,
  "seed": 484863075,
  "weight_decay": 0.0027830742166498586
}