{
  "beta_1": 0.7689234584126614,
  "beta_2": 0.390896761599138,
  "epsilon": 1.7343041739566053e-09,
  "lr": 0.0018536467221459904,
  "seed": 1263746003.5019233,
  "weight_decay": 0.0005771536637248109
}