{
  "beta_1": 0.11611968954686364,
  "beta_2": 0.16352091859470957,
  "epsilon": 3.4943089702768196e-10,
  "lr": 0.04855162988616786,
  "seed": 989849217,
  "weight_decay": 9.848192448909222e-05
}