{
  "beta_1": 0.7712604092557955,
  "beta_2": 0.10866003273795945,
  "epsilon": 5.0563134407013924e-05,
  "lr": 0.0004295095501930421,
  "seed": 548459823,
  "weight_decay": 0.00020452410876988392
}