{
  "beta_1": 0.7924012476927424,
  "beta_2": 0.7850712258538363,
  "epsilon": 1.1436860344765805e-07,
  "lr": 1.2976531308914555e-06,
  "seed": 358157523,
  "weight_decay": 2.6809395885178966e-08
}