{
  "beta_1": 0.11135139509980224,
  "beta_2": 0.5220359697741896,
  "epsilon": 9.435760278730428e-08,
  "lr": 0.00129937823955558,
  "seed": 1044153044,
  "weight_decay": 0.0005084259418501828
}