{
  "beta_1": 0.14315092433919946,
  "beta_2": 0.46040277218677195,
  "epsilon": 1.1916421904845326e-07,
  "lr": 1.6774907860119288e-05,
  "seed": 1733180575,
  "weight_decay": 8.886378908973467e-05
}