{
  "beta_1": 0.523680190959916,
  "beta_2": 0.5764456021243396,
  "epsilon": 2.409748706652632e-10,
  "lr": 1.7553274867874314e-05,
  "seed": 433981540.88898414,
  "weight_decay": 8.820305146888235e-08
}