{
  "beta_1": 0.6512140913156877,
  "beta_2": 0.31286271977764246,
  "epsilon": 1.2799930381506729e-09,
  "lr": 6.322838266649106e-06,
  "seed": 672421080,
  "weight_decay": 0.0006268620489056604
}