{
  "beta_1": 0.5037864775776748,
  "beta_2": 0.33095708527669054,
  "epsilon": 9.732263665833702e-08,
  "lr": 8.499919122238695e-05,
  "seed": 1802657525.900783,
  "weight_decay": 0.004964300122317416
}