{
  "beta_1": 0.8790406379222118,
  "beta_2": 0.15192128615629835,
  "epsilon": 1.6348054049628173e-05,
  "lr": 0.0006140790661631737,
  "seed": 666724899.2383723,
  "weight_decay": 1.690893657159961e-07
}