{
  "beta_1": 0.7500102245192913,
  "beta_2": 0.15766099360635003,
  "epsilon": 6.414423510251104e-08,
  "lr": 0.00040812695898741685,
  "seed": 1572362085.9374065,
  "weight_decay": 4.81005745943935e-07
}