{
  "beta_1": 0.9889858560156004,
  "beta_2": 0.7364942807239078,
  "epsilon": 5.030996677970355e-07,
  "lr": 0.0005671193280208662,
  "seed": 1893725633.9342463,
  "weight_decay": 0.002728206178866136
}