{
  "beta_1": 0.3829672326774677,
  "beta_2": 0.2827812789787194,
  "epsilon": 8.870556607119333e-06,
  "lr": 0.01408246324584405,
  "seed": 974162675,
  "weight_decay": 2.2757046602585427e-08
}