{
  "beta_1": 0.6924441830097436,
  "beta_2": 0.9183074062346502,
  "epsilon": 9.499182155773835e-07,
  "lr": 0.0005780022903000138,
  "seed": 1080197068.6738272,
  "weight_decay": 0.0018536917070226856
}