{
  "beta_1": 0.8913028773210706,
  "beta_2": 0.22313596586710385,
  "epsilon": 2.0190258068344294e-09,
  "lr": 4.2827156374639313e-05,
  "seed": 1529037101.4585588,
  "weight_decay": 1.307778919296722e-05
}