{
  "beta_1": 0.4200021474220762,
  "beta_2": 0.5970641592596573,
  "epsilon": 3.2926414591147854e-09,
  "lr": 7.559814642650635e-05,
  "seed": 1874876263.638181,
  "weight_decay": 1.4181892590057465e-05
}