{
  "beta_1": 0.5795693600100861,
  "beta_2": 0.15704514683188459,
  "epsilon": 1.965271521301962e-08,
  "lr": 0.015584979720688584,
  "seed": 1102047862,
  "weight_decay": 0.0010113363047500592
}