{
  "beta_1": 0.9218423331014098,
  "beta_2": 0.9190506825632203,
  "epsilon": 6.644048132986257e-09,
  "lr": 0.016210466429852483,
  "seed": 820557498.1935388,
  "weight_decay": 0.00021677807049726985
}