{
  "beta_1": 0.37969654558784904,
  "beta_2": 0.8483427294802766,
  "epsilon": 4.771147225209559e-05,
  "lr": 0.09067993980173031,
  "seed": 825672466,
  "weight_decay": 9.329867653101618e-06
}