{
  "beta_1": 0.6954492497592654,
  "beta_2": 0.9295898369257194,
  "epsilon": 0.00013489940859959663,
  "lr": 0.0012118549076884143,
  "seed": 1199856812.2039447,
  "weight_decay": 0.0039150304705588244
}