{
  "beta_1": 0.44438469621311405,
  "beta_2": 0.9137009389144175,
  "epsilon": 6.536198025555164e-09,
  "lr": 9.896997301874363e-05,
  "seed": 1644455003,
  "weight_decay": 2.989603875225506e-07
}