{
  "beta_1": 0.9467389728673636,
  "beta_2": 0.7961865812660692,
  "epsilon": 2.9081936874361233e-09,
  "lr": 0.006010612632777812,
  "seed": 1382613087,
  "weight_decay": 2.330620058512139e-07
}