{
  "beta_1": 0.7480085875733554,
  "beta_2": 0.4763548227647657,
  "epsilon": 5.257977138022617e-08,
  "lr": 0.00037090325896243506,
  "seed": 1699252453.1003284,
  "weight_decay": 6.78074582232228e-05
}