{
  "beta_1": 0.9757831192994171,
  "beta_2": 0.1421300710690225,
  "epsilon": 1.8724964047378038e-06,
  "lr": 0.01417912800907994,
  "seed": 277867961,
  "weight_decay": 6.808443889587001e-08
}