{
  "beta_1": 0.946449701208422,
  "beta_2": 0.7323905206388771,
  "epsilon": 0.0008880085305851363,
  "lr": 0.05034226598810158,
  "seed": 999639564,
  "weight_decay": 0.0017367488848763586
}