{
  "beta_1": 0.6533328753328657,
  "beta_2": 0.6149336106399583,
  "epsilon": 1.4724899589024972e-06,
  "lr": 0.00017173523328263226,
  "seed": 1168741630,
  "weight_decay": 1.6375250890730362e-07
}