{
  "beta_1": 0.21277071520887414,
  "beta_2": 0.7479337621579384,
  "epsilon": 2.1522518815016235e-06,
  "lr": 0.002576332957548778,
  "seed": 936129356.3388145,
  "weight_decay": 1.5778844837926587e-05
}