{
  "beta_1": 0.2089636943082651,
  "beta_2": 0.5525976094388271,
  "epsilon": 5.543588967323559e-08,
  "lr": 4.312161567677108e-06,
  "seed": 154118824.13060656,
  "weight_decay": 1.0069682117756923e-06
}