{
  "beta_1": 0.5022323571331864,
  "beta_2": 0.3055462392662325,
  "epsilon": 4.125063222213193e-10,
  "lr": 0.00015790146688090327,
  "seed": 2139184216,
  "weight_decay": 1.829299039905783e-06
}