{
  "beta_1": 0.9839560942584806,
  "beta_2": 0.3656047697951509,
  "epsilon": 6.448693599427436e-07,
  "lr": 0.008727429803463397,
  "seed": 1575101228,
  "weight_decay": 1.2716008926777382e-08
}