{
  "beta_1": 0.8625413578766117,
  "beta_2": 0.9584735820829929,
  "epsilon": 8.517800927385849e-08,
  "lr": 0.014966394656335553,
  "seed": 123894395.41837257,
  "weight_decay": 1.3526700149151991e-08
}