{
  "beta_1": 0.9210944041516465,
  "beta_2": 0.614898355277369,
  "epsilon": 5.338982119985235e-09,
  "lr": 0.011962723414125765,
  "seed": 485103332,
  "weight_decay": 0.0032418995659209285
}