{
  "beta1": 0.10000173760564217,
  "beta2": 0.10000464427277432,
  "epsilon": 4.680459695103376e-05,
  "lr": 0.008598429203681836,
  "seed": 1719024562,
  "weight_decay": 0.006790217040117928,
  "x_beta1": -15.787833939335863,
  "x_beta2": -9.739519172071121
}