{
  "beta_1": 0.7889212174818611,
  "beta_2": 0.8084476507188211,
  "epsilon": 4.1883424765897605e-09,
  "lr": 0.0010969126646482327,
  "seed": 149705034.64614186,
  "weight_decay": 3.4161388042809203e-07
}