{
  "beta_1": 0.39906756163114254,
  "beta_2": 0.7737000687457528,
  "epsilon": 4.0211962119374254e-07,
  "lr": 0.03601251071272749,
  "seed": 1780484632,
  "weight_decay": 2.2304608711409427e-08
}