{
  "beta_1": 0.8078990518925468,
  "beta_2": 0.5728494533435464,
  "epsilon": 4.240583179578273e-09,
  "lr": 0.005061510112225612,
  "seed": 1708646683,
  "weight_decay": 4.97991650537881e-08
}