{
  "beta_1": 0.7267000711908175,
  "beta_2": 0.3827109322261003,
  "epsilon": 9.738200908579983e-05,
  "lr": 1.159966566597543e-06,
  "seed": 2140121216,
  "weight_decay": 0.006540696446868704
}