{
  "beta_1": 0.3322838541456391,
  "beta_2": 0.9666906710144579,
  "epsilon": 1.7963774983882408e-09,
  "lr": 2.0415395389657796e-05,
  "seed": 2128198898,
  "weight_decay": 0.002955382566596722
}