{
  "beta_1": 0.7540175350714787,
  "beta_2": 0.25268486523303046,
  "epsilon": 0.00011836244334161349,
  "lr": 1.3107908453401146e-06,
  "seed": 1251985516,
  "weight_decay": 0.0005710725650195374
}