{
  "beta1": 0.2780441798688367,
  "beta2": 0.1000108116549343,
  "epsilon": 1.7880992907174308e-06,
  "lr": 0.042800093902889004,
  "seed": 549273327,
  "weight_decay": 7.9444040088409e-07,
  "x_beta1": -1.398546138578375,
  "x_beta2": -11.329402197826376
}