{
  "beta_1": 0.7195829469694555,
  "beta_2": 0.26543093593342315,
  "epsilon": 2.9173488664541643e-06,
  "lr": 0.00011557035428941629,
  "seed": 39114889,
  "weight_decay": 7.732965593854646e-07
}