{
  "beta_1": 0.8305647944838895,
  "beta_2": 0.8123695124160129,
  "epsilon": 1.7394107841029033e-08,
  "lr": 0.00015567518994149214,
  "seed": 477467826.11183876,
  "weight_decay": 7.384917270867516e-05
}