{
  "beta1": 0.10917600252248447,
  "beta2": 0.9959791007815728,
  "epsilon": 0.00011658770293158103,
  "lr": 2.000327177390637e-05,
  "seed": 1250396631,
  "weight_decay": 1.2428291325522661e-06,
  "x_beta1": -4.5744320327994625,
  "x_beta2": 5.431596067730455
}