{
  "beta_1": 0.8438034626333164,
  "beta_2": 0.8699286498065505,
  "epsilon": 4.767938996893397e-09,
  "lr": 0.0003119627073825374,
  "seed": 241959873,
  "weight_decay": 0.0002511840814892671
}