{
  "beta_1": 0.8155692215893297,
  "beta_2": 0.2872683317735716,
  "epsilon": 5.745288541260316e-06,
  "lr": 0.00013649837617292712,
  "seed": 1238040299,
  "weight_decay": 5.352534132193521e-06
}