{
  "beta_1": 0.5213274932323578,
  "beta_2": 0.9289294949548011,
  "epsilon": 5.601332839077842e-08,
  "lr": 0.0007400617911474219,
  "seed": 1363458910,
  "weight_decay": 0.0029099153975848152
}