{
  "beta_1": 0.19703134589736088,
  "beta_2": 0.7411251975082324,
  "epsilon": 4.865402508702709e-05,
  "lr": 0.030854973406117054,
  "seed": 284953759.3611111,
  "weight_decay": 4.789571497320794e-07
}