{
  "beta1": 0.9904072151755302,
  "beta2": 0.722432755114507,
  "epsilon": 0.00038202411677448593,
  "lr": 0.002519391592668954,
  "seed": 2046040495,
  "weight_decay": 0.0005242973834212437,
  "x_beta1": 4.640756026000355,
  "x_beta2": 0.8079327088204558
}