{
  "beta_1": 0.10663377068864041,
  "beta_2": 0.671234182374661,
  "epsilon": 1.3016919072820058e-08,
  "lr": 0.018188858447084722,
  "seed": 654362607,
  "weight_decay": 9.294955908720109e-07
}