{
  "beta_1": 0.5356210826414671,
  "beta_2": 0.4434926333360115,
  "epsilon": 4.13787519363744e-05,
  "lr": 0.00024026748237709856,
  "seed": 2129776212,
  "weight_decay": 0.00476450512882371
}