{
  "beta_1": 0.6066767230917908,
  "beta_2": 0.5261576138734556,
  "epsilon": 4.7958501517308214e-09,
  "lr": 4.6986691046997095e-06,
  "seed": 1390461612.2489052,
  "weight_decay": 3.619202397012129e-08
}