{
  "beta_1": 0.441311046108568,
  "beta_2": 0.9860099168272369,
  "epsilon": 1.4641688857195499e-05,
  "lr": 0.07102539685081721,
  "seed": 674711843,
  "weight_decay": 1.4667697167148702e-07
}