{
  "beta_1": 0.2281099692311312,
  "beta_2": 0.9561522836005525,
  "epsilon": 1.1197690140658153e-09,
  "lr": 4.333284653146505e-06,
  "seed": 1713844356.1947918,
  "weight_decay": 0.00017019150292099853
}