{
  "beta_1": 0.2082004755109592,
  "beta_2": 0.2174372890372667,
  "epsilon": 4.1070549439611603e-10,
  "lr": 0.06498330871417324,
  "seed": 1136678200.6044395,
  "weight_decay": 0.00022511052139983077
}