{
  "beta_1": 0.1966111431674853,
  "beta_2": 0.44559788994816507,
  "epsilon": 1.7425973861516732e-08,
  "lr": 0.00025003143454581313,
  "seed": 774370345,
  "weight_decay": 5.438216705392337e-05
}