{
  "beta_1": 0.26553552991759605,
  "beta_2": 0.9315841269705577,
  "epsilon": 1.2832527064082237e-05,
  "lr": 0.0018834565596842876,
  "seed": 277734155,
  "weight_decay": 3.1731317559669754e-08
}