{
  "beta_1": 0.599430227676115,
  "beta_2": 0.7502275183013917,
  "epsilon": 3.1128643515973587e-07,
  "lr": 0.05520848550735575,
  "seed": 1397725787.4105308,
  "weight_decay": 0.00010705458051693141
}