{
  "beta_1": 0.5455296754961076,
  "beta_2": 0.4426081055217089,
  "epsilon": 0.00025369642775539104,
  "lr": 1.3263481686133556e-05,
  "seed": 759566939.1805835,
  "weight_decay": 2.4628823009082064e-06
}