{
  "beta_1": 0.21082790989702205,
  "beta_2": 0.17395445383759287,
  "epsilon": 2.768858059341011e-06,
  "lr": 0.00010533739054464661,
  "seed": 1328307326,
  "weight_decay": 5.753429944067285e-07
}