{
  "beta_1": 0.791459913002401,
  "beta_2": 0.7988043447718037,
  "epsilon": 2.3946977698611582e-05,
  "lr": 0.052487081397122895,
  "seed": 1315170304,
  "weight_decay": 7.194571050293426e-08
}