{
  "beta_1": 0.6495850488462614,
  "beta_2": 0.9980807649702262,
  "epsilon": 1.0715503806234085e-08,
  "lr": 0.0012831709097133534,
  "seed": 1598311010.8569717,
  "weight_decay": 6.417025359915596e-05
}