{
  "beta_1": 0.4008047062666691,
  "beta_2": 0.9872674970250236,
  "epsilon": 8.145225321624927e-05,
  "lr": 7.350478783322198e-05,
  "seed": 838579162.5117729,
  "weight_decay": 0.0062865948147312325
}