{
  "beta_1": 0.2523196333403836,
  "beta_2": 0.14211712447438615,
  "epsilon": 0.00010135066800372338,
  "lr": 0.02854314237695128,
  "seed": 318413306.93690157,
  "weight_decay": 2.3569345471207045e-05
}