{
  "beta_1": 0.9937742844954333,
  "beta_2": 0.4777483561885054,
  "epsilon": 1.5540766785283524e-06,
  "lr": 0.0019443953388022836,
  "seed": 241039074,
  "weight_decay": 4.892842367561794e-05
}