{
  "beta_1": 0.4793332497999423,
  "beta_2": 0.7174766933845829,
  "epsilon": 8.375033288948894e-08,
  "lr": 0.00026538859169555375,
  "seed": 1041649183,
  "weight_decay": 6.514773923874447e-08
}