{
  "beta_1": 0.7526631754892944,
  "beta_2": 0.34346790049349885,
  "epsilon": 0.0008541445047593596,
  "lr": 8.101546307814588e-06,
  "seed": 311960206,
  "weight_decay": 6.0734210725357836e-05
}