{
  "beta_1": 0.7729452190901337,
  "beta_2": 0.8855343432434285,
  "epsilon": 9.775388909004241e-06,
  "lr": 0.00456824784063326,
  "seed": 1210433019.096955,
  "weight_decay": 1.2075108381104082e-08
}