{
  "beta_1": 0.20187671424879838,
  "beta_2": 0.7822584438713294,
  "epsilon": 3.6939814494931795e-06,
  "lr": 0.0042482420590168055,
  "seed": 498135078,
  "weight_decay": 9.137058657892759e-05
}