{
  "beta_1": 0.5854534557451837,
  "beta_2": 0.9737078760449869,
  "epsilon": 0.00023339555478206763,
  "lr": 0.00232619474969348,
  "seed": 2048585024.1831203,
  "weight_decay": 0.000354816331184742
}