{
  "beta_1": 0.5746074971435966,
  "beta_2": 0.7450613673918448,
  "epsilon": 1.0783462114091502e-10,
  "lr": 0.027084482124065612,
  "seed": 494017979,
  "weight_decay": 3.0352866440642085e-07
}