{
  "beta_1": 0.6551787093128212,
  "beta_2": 0.771855300399833,
  "epsilon": 3.26011235642945e-06,
  "lr": 0.000860486651113384,
  "seed": 1492829411.4868844,
  "weight_decay": 1.465558181197864e-08
}