{
  "beta_1": 0.38445290148236544,
  "beta_2": 0.8921919276443148,
  "epsilon": 3.094742669134313e-08,
  "lr": 0.00019824901161157564,
  "seed": 1967329564,
  "weight_decay": 0.001638842773431405
}