{
  "beta_1": 0.2838233994738707,
  "beta_2": 0.8777271024069698,
  "epsilon": 0.00014280273346504755,
  "lr": 0.0010452245590505099,
  "seed": 1853167250.1772308,
  "weight_decay": 7.907689817419395e-07
}