{
  "beta_1": 0.9135385038853979,
  "beta_2": 0.5808482898432328,
  "epsilon": 3.746946010443473e-08,
  "lr": 1.4252112218479406e-05,
  "seed": 1442264655,
  "weight_decay": 0.0003384956753740974
}