{
  "beta_1": 0.9931225966095124,
  "beta_2": 0.8496645466727277,
  "epsilon": 1.016783623404116e-10,
  "lr": 0.01722184485665187,
  "seed": 602850036.793419,
  "weight_decay": 8.924001027887276e-07
}