{
  "beta_1": 0.7342347313690241,
  "beta_2": 0.1485275263617644,
  "epsilon": 5.835363083456742e-05,
  "lr": 9.677857104233654e-06,
  "seed": 471795587.9539133,
  "weight_decay": 0.00554195611022232
}