{
  "beta_1": 0.6191297996773437,
  "beta_2": 0.45790609848267605,
  "epsilon": 9.849439404397334e-05,
  "lr": 4.53557334561073e-05,
  "seed": 393944359.2330209,
  "weight_decay": 8.485842405213562e-05
}