{
  "beta_1": 0.8225804599843086,
  "beta_2": 0.8783874117020755,
  "epsilon": 1.3237229367693261e-10,
  "lr": 0.001118996045686109,
  "seed": 551312869.6280394,
  "weight_decay": 9.279833963731395e-05
}