{
  "beta_1": 0.5064238250325818,
  "beta_2": 0.438738107634174,
  "epsilon": 1.0512729575592209e-08,
  "lr": 0.0007490992313111138,
  "seed": 327734795,
  "weight_decay": 0.006883826308740181
}