{
  "beta_1": 0.6396162408141621,
  "beta_2": 0.6791975769386297,
  "epsilon": 2.9998821792543965e-10,
  "lr": 4.0508609249825095e-05,
  "seed": 1460002679.1864736,
  "weight_decay": 0.0002000317066707755
}