{
  "beta_1": 0.30037666294156695,
  "beta_2": 0.3674157214198801,
  "epsilon": 8.641169936867422e-10,
  "lr": 6.493232400411319e-05,
  "seed": 1298536080,
  "weight_decay": 2.8329458467750933e-06
}