{
  "beta_1": 0.6046777467933738,
  "beta_2": 0.4779581273113518,
  "epsilon": 3.5109951046064644e-10,
  "lr": 0.05084315607520001,
  "seed": 635039478,
  "weight_decay": 4.93465150741154e-07
}