{
  "beta_1": 0.9434789414287134,
  "beta_2": 0.9752184421581458,
  "epsilon": 0.00013409172280572806,
  "lr": 2.580241788216219e-05,
  "seed": 82381559,
  "weight_decay": 2.1351449378761866e-05
}