{
  "beta_1": 0.10585220415293838,
  "beta_2": 0.26077106609121736,
  "epsilon": 6.16820041435508e-10,
  "lr": 0.004736010728949874,
  "seed": 1260584275.352864,
  "weight_decay": 1.0509796485218022e-08
}