{
  "beta_1": 0.41697591570988746,
  "beta_2": 0.3176483145599758,
  "epsilon": 2.8769080347272745e-05,
  "lr": 0.0003444712520313428,
  "seed": 663931825.7694225,
  "weight_decay": 0.0013675718143095286
}