{
  "beta_1": 0.8416201872521261,
  "beta_2": 0.3174906816193386,
  "epsilon": 0.0005017124869741519,
  "lr": 7.423489312838285e-05,
  "seed": 653106858,
  "weight_decay": 9.625936085727397e-06
}