{
  "beta_1": 0.6110236165636108,
  "beta_2": 0.6670218811367821,
  "epsilon": 1.291558700161364e-09,
  "lr": 0.0012672451726764842,
  "seed": 2081098312.2158604,
  "weight_decay": 0.00019066346515501383
}