{
  "beta_1": 0.8453675633174395,
  "beta_2": 0.6705357802956049,
  "epsilon": 6.611819873356477e-08,
  "lr": 0.0014398892911369713,
  "seed": 1435653340,
  "weight_decay": 0.0004540458346232581
}