{
  "beta_1": 0.8238102403956582,
  "beta_2": 0.33956517183399404,
  "epsilon": 2.1827622467131204e-09,
  "lr": 0.01132941702753426,
  "seed": 1597748608,
  "weight_decay": 6.607622449415896e-06
}