{
  "beta_1": 0.6667256544851434,
  "beta_2": 0.710058216954437,
  "epsilon": 0.00010165085646338244,
  "lr": 0.00826318417141114,
  "seed": 1085063680,
  "weight_decay": 8.272531318713235e-08
}