{
  "beta_1": 0.9140767460280157,
  "beta_2": 0.7032313336438962,
  "epsilon": 4.4808479214563416e-06,
  "lr": 0.0009582757272014927,
  "seed": 63202804,
  "weight_decay": 1.469348990657407e-07
}