{
  "beta_1": 0.8522277017228193,
  "beta_2": 0.9610773239914439,
  "epsilon": 3.3014867846645613e-06,
  "lr": 9.853474730974034e-05,
  "seed": 719830942.2185841,
  "weight_decay": 0.004226670930887949
}