{
  "beta_1": 0.37829164470602206,
  "beta_2": 0.38256552401604127,
  "epsilon": 0.00013363168955060612,
  "lr": 0.00021087953669252112,
  "seed": 2110358821.3312993,
  "weight_decay": 1.8680188508007043e-05
}