{
  "beta_1": 0.36504535031861995,
  "beta_2": 0.6760231617828256,
  "epsilon": 5.567470616603796e-09,
  "lr": 1.8815025370071105e-06,
  "seed": 614737738,
  "weight_decay": 1.1248110184394643e-05
}