{
  "beta1": 0.10238438853510286,
  "beta2": 0.999707676419497,
  "epsilon": 3.7759137018857254e-07,
  "lr": 8.444157250883874e-05,
  "seed": 1997218249,
  "weight_decay": 2.0728676329241878e-08,
  "x_beta1": -5.929684531362279,
  "x_beta2": 8.450645916970286
}