{
  "beta_1": 0.3729096644578389,
  "beta_2": 0.6078469595754372,
  "epsilon": 5.478580422862101e-07,
  "lr": 0.0011467713219360592,
  "seed": 512287383,
  "weight_decay": 2.2500212949643204e-07
}