{
  "beta_1": 0.7313228653071655,
  "beta_2": 0.26157896545307346,
  "epsilon": 1.0547885893377939e-08,
  "lr": 0.02562626777727054,
  "seed": 1798931324,
  "weight_decay": 1.6703137713828842e-08
}