{
  "beta_1": 0.5203063749904822,
  "beta_2": 0.3807798578937148,
  "epsilon": 1.3748278691386958e-09,
  "lr": 0.0171716376295456,
  "seed": 1461199317.878724,
  "weight_decay": 1.1754869381750134e-06
}