{
  "beta_1": 0.7846190914967935,
  "beta_2": 0.5533000068845618,
  "epsilon": 1.0508477933552121e-05,
  "lr": 0.026116642906878224,
  "seed": 1059665069.7537824,
  "weight_decay": 4.865465790629463e-05
}