{
  "beta_1": 0.15488446165424208,
  "beta_2": 0.4202715553426589,
  "epsilon": 5.932397876647477e-09,
  "lr": 6.669120357469751e-05,
  "seed": 658184380,
  "weight_decay": 3.80595371471344e-08
}