{
  "beta_1": 0.24306800070545273,
  "beta_2": 0.23333168063483853,
  "epsilon": 2.3281061974737567e-05,
  "lr": 4.183972234355033e-06,
  "seed": 1125693551.6760159,
  "weight_decay": 0.00027705240955411845
}