{
  "beta_1": 0.571607760969252,
  "beta_2": 0.25828151699465257,
  "epsilon": 8.069656034329266e-09,
  "lr": 0.0004192211346267686,
  "seed": 1044813789,
  "weight_decay": 9.929798230379954e-08
}