{
  "beta1": 0.20917554571505667,
  "beta2": 0.9998242889416141,
  "epsilon": 1.607342772449768e-05,
  "lr": 2.1024314082012687e-05,
  "seed": 84645446,
  "weight_decay": 0.0003375848096241725,
  "x_beta1": -1.9788536131088108,
  "x_beta2": 9.383030557245574
}