{
  "beta_1": 0.49520925918400915,
  "beta_2": 0.2982529585461955,
  "epsilon": 0.0002216141870486285,
  "lr": 1.0329559960948545e-05,
  "seed": 936298349,
  "weight_decay": 0.0014105758760371843
}