{
  "beta_1": 0.6310413979792356,
  "beta_2": 0.8625224254887132,
  "epsilon": 1.4167111906260288e-05,
  "lr": 0.002770710402444903,
  "seed": 1120240402.8972178,
  "weight_decay": 0.0035960122908366894
}