{
  "beta_1": 0.21020805027902684,
  "beta_2": 0.8380192603173273,
  "epsilon": 1.2092190874732738e-09,
  "lr": 0.0022968040383351544,
  "seed": 577230306,
  "weight_decay": 0.00010955512414822744
}