{
  "beta_1": 0.5197239146298213,
  "beta_2": 0.6121601711085636,
  "epsilon": 0.0005205646889603593,
  "lr": 0.0012117984204011712,
  "seed": 181660961.63490093,
  "weight_decay": 3.7997675419378018e-06
}