{
  "beta1": 0.9904072151755302,
  "beta2": 0.722432755114507,
  "epsilon": 0.0003056192934195888,
  "lr": 0.0020155132741351634,
  "seed": 2046040495,
  "weight_decay": 0.0006291568601054924,
  "x_beta1": 3.7126048208002844,
  "x_beta2": 0.6463461670563646
}