{
  "beta_1": 0.4755100087149634,
  "beta_2": 0.3183602201680932,
  "epsilon": 1.4849725796113666e-10,
  "lr": 0.00044649828353719116,
  "seed": 617926175.7749908,
  "weight_decay": 3.192122778162778e-06
}