{
  "beta_1": 0.5750580551139396,
  "beta_2": 0.1086504994241203,
  "epsilon": 1.040929122717384e-09,
  "lr": 0.004724596646334507,
  "seed": 337573042,
  "weight_decay": 1.3324594970899177e-08
}