{
  "beta_1": 0.21055716960657883,
  "beta_2": 0.6922096049679971,
  "epsilon": 1.8290420986554155e-06,
  "lr": 2.497134558771977e-06,
  "seed": 994524193,
  "weight_decay": 0.0022462750200835284
}