{
  "beta_1": 0.41234673769652797,
  "beta_2": 0.9730969849809333,
  "epsilon": 4.461859626552924e-10,
  "lr": 0.00024729060975752973,
  "seed": 812282951.2842915,
  "weight_decay": 2.677039981478179e-07
}