{
  "beta1": 0.10000442826963328,
  "beta2": 0.9998745908762173,
  "epsilon": 1.6081484311952814e-10,
  "lr": 0.014670134655469385,
  "seed": 1305787681,
  "weight_decay": 0.0005369994458065489,
  "x_beta1": -12.22102448188517,
  "x_beta2": 10.474902375558957
}