{
  "beta_1": 0.1536452911975137,
  "beta_2": 0.22350758250257158,
  "epsilon": 2.962680369807118e-07,
  "lr": 0.00026585717637343846,
  "seed": 1829475062,
  "weight_decay": 1.7629706667884464e-06
}