{
  "beta_1": 0.9136740099392135,
  "beta_2": 0.6228510288324969,
  "epsilon": 2.7670220775753986e-08,
  "lr": 8.87469995928193e-06,
  "seed": 875210665,
  "weight_decay": 0.0003365982494459317
}