{
  "beta_1": 0.9903531340705215,
  "beta_2": 0.5563495078329387,
  "epsilon": 1.856498625459368e-10,
  "lr": 0.013827335404578329,
  "seed": 1579508854,
  "weight_decay": 1.1544975356522212e-05
}