{
  "beta_1": 0.6369880691193985,
  "beta_2": 0.8240155403846097,
  "epsilon": 9.297912838098595e-07,
  "lr": 3.385967216428231e-06,
  "seed": 661175420,
  "weight_decay": 2.6933128775221447e-06
}