{
  "beta_1": 0.9276732575639474,
  "beta_2": 0.6854707712643819,
  "epsilon": 3.905193932575049e-06,
  "lr": 0.019621578113287182,
  "seed": 2026258620,
  "weight_decay": 1.0600535844941882e-05
}