{
  "beta_1": 0.22000246426585343,
  "beta_2": 0.31812550689777996,
  "epsilon": 0.00039346714356365347,
  "lr": 4.707123362215057e-05,
  "seed": 1580277815,
  "weight_decay": 3.211312071256308e-08
}