{
  "beta_1": 0.4869705103862997,
  "beta_2": 0.7511696292683964,
  "epsilon": 0.0006865961954872731,
  "lr": 0.0008420165854195474,
  "seed": 1724039187.5308042,
  "weight_decay": 1.1764108281225065e-07
}