{
  "beta_1": 0.9867421494141263,
  "beta_2": 0.9150090089841674,
  "epsilon": 2.0423046830624353e-06,
  "lr": 0.0007513867971517228,
  "seed": 32261269.382992912,
  "weight_decay": 2.6329239601085802e-06
}