{
  "beta_1": 0.3614888910778776,
  "beta_2": 0.46853321667454195,
  "epsilon": 1.769543109085718e-07,
  "lr": 1.8079298709294414e-06,
  "seed": 1938618177,
  "weight_decay": 8.047092691510044e-06
}