{
  "beta_1": 0.6343574832180577,
  "beta_2": 0.101389461104266,
  "epsilon": 3.0162774003736306e-10,
  "lr": 0.0007097545333616462,
  "seed": 161217733,
  "weight_decay": 3.1318855969193893e-06
}