{
  "beta_1": 0.6147641432147919,
  "beta_2": 0.9319894600884219,
  "epsilon": 1.1322912334476513e-07,
  "lr": 0.0015592538874666959,
  "seed": 1044153044,
  "weight_decay": 0.0006101111302202193
}