{
  "beta1": 0.1993250349887754,
  "beta2": 0.9998155650433842,
  "epsilon": 7.011771160295747e-08,
  "lr": 0.0014568134881537008,
  "seed": 65871533,
  "weight_decay": 9.454456206518874e-07,
  "x_beta1": -1.6686461579249183,
  "x_beta2": -0.39523824348807857
}