{
  "beta_1": 0.7643428804217739,
  "beta_2": 0.3694701704427079,
  "epsilon": 0.0009274727945499023,
  "lr": 0.005492125138537598,
  "seed": 781564289,
  "weight_decay": 6.81223146078712e-08
}