{
  "beta_1": 0.19275075058019497,
  "beta_2": 0.3053570114341314,
  "epsilon": 7.384196164426156e-09,
  "lr": 1.8950103061471525e-06,
  "seed": 1303130779.7504542,
  "weight_decay": 2.2780311104906254e-08
}