{
  "beta_1": 0.9934188434682311,
  "beta_2": 0.8126354976094013,
  "epsilon": 4.2985903891772054e-08,
  "lr": 0.006341122558601627,
  "seed": 368093888,
  "weight_decay": 4.736413300633663e-08
}