{
  "beta_1": 0.40204990084767744,
  "beta_2": 0.7826729655014806,
  "epsilon": 6.57824359616587e-05,
  "lr": 2.566803014180939e-06,
  "seed": 2104133426,
  "weight_decay": 9.17798639733283e-05
}