{
  "beta_1": 0.5335843261654631,
  "beta_2": 0.8580420196136267,
  "epsilon": 1.5382624456359407e-08,
  "lr": 4.576350890899746e-05,
  "seed": 1975691927,
  "weight_decay": 5.269972002686132e-08
}