{
  "beta_1": 0.5676919603711807,
  "beta_2": 0.660897871809397,
  "epsilon": 3.4059893238069807e-07,
  "lr": 3.66336175791049e-05,
  "seed": 1669254808,
  "weight_decay": 1.9891629166530045e-06
}