{
  "beta_1": 0.8050551893093105,
  "beta_2": 0.23529132443904013,
  "epsilon": 1.4288336309906084e-06,
  "lr": 1.273841005532567e-06,
  "seed": 654810613.6300664,
  "weight_decay": 3.051044137345881e-06
}