{
  "beta_1": 0.7125954452906056,
  "beta_2": 0.3555014615414025,
  "epsilon": 6.3333213503822945e-06,
  "lr": 0.00011213042919130278,
  "seed": 276689067,
  "weight_decay": 5.619283161638547e-07
}