{
  "beta_1": 0.6381474019186555,
  "beta_2": 0.8942797091761022,
  "epsilon": 1.591310319692863e-10,
  "lr": 0.0006334906614007742,
  "seed": 1838826398.809075,
  "weight_decay": 1.7990009863595846e-06
}