{
  "beta_1": 0.2643460255816858,
  "beta_2": 0.12335243540029853,
  "epsilon": 5.601184915947418e-09,
  "lr": 0.0016716302306285173,
  "seed": 1639620934,
  "weight_decay": 0.00024541916945705297
}