{
  "beta_1": 0.13851890620849566,
  "beta_2": 0.8089650204376856,
  "epsilon": 6.624043691673322e-09,
  "lr": 0.0002825347953293139,
  "seed": 413328180,
  "weight_decay": 0.0004299505924365999
}