{
  "beta_1": 0.8997648847633986,
  "beta_2": 0.6653848407937517,
  "epsilon": 2.0602996306888255e-06,
  "lr": 3.749270882670242e-05,
  "seed": 755775307,
  "weight_decay": 4.600715739354217e-08
}