{
  "beta_1": 0.4368248781976728,
  "beta_2": 0.9523924317769679,
  "epsilon": 4.0324702974755356e-10,
  "lr": 0.0015297753270050508,
  "seed": 1498571202,
  "weight_decay": 0.00024195578831671144
}