{
  "beta_1": 0.7408440307559077,
  "beta_2": 0.6725175331472159,
  "epsilon": 1.420054039774877e-05,
  "lr": 7.571315118621706e-06,
  "seed": 391731598,
  "weight_decay": 5.388938195096841e-08
}