{
  "beta_1": 0.6485155894656353,
  "beta_2": 0.614720748145275,
  "epsilon": 7.875153821180774e-09,
  "lr": 0.0002909509978246191,
  "seed": 1888354397.5343843,
  "weight_decay": 0.0012444556373279482
}