{
  "beta_1": 0.9417777215060846,
  "beta_2": 0.37358833498018795,
  "epsilon": 5.59537744809305e-07,
  "lr": 5.299970448809001e-05,
  "seed": 1014257864,
  "weight_decay": 0.00022969191392233952
}