{
  "beta1": 0.998996016622257,
  "beta2": 0.9842222233528213,
  "epsilon": 3.12795644869622e-06,
  "lr": 0.00044785664195591416,
  "seed": 1394881215,
  "weight_decay": 3.521480082241228e-07,
  "x_beta1": -5.030338285689766,
  "x_beta2": -7.500701412521267
}