{
  "beta_1": 0.10660379987610713,
  "beta_2": 0.4784245726927031,
  "epsilon": 5.927513321239373e-09,
  "lr": 0.01200156488453896,
  "seed": 2131277742,
  "weight_decay": 7.290155445556577e-06
}