{
  "beta_1": 0.9281514839149527,
  "beta_2": 0.9762212728762885,
  "epsilon": 1.2754327453741914e-08,
  "lr": 0.00012663339234982707,
  "seed": 273335991,
  "weight_decay": 0.000550383581916739
}