{
  "beta1": 0.10072874413984526,
  "beta2": 0.10223636796055804,
  "epsilon": 3.356112234170392e-05,
  "lr": 0.0007995100863884192,
  "seed": 735090432,
  "weight_decay": 1.7794286040870414e-08,
  "x_beta1": -8.540285606492588,
  "x_beta2": -7.193930783813229
}