{
  "beta_1": 0.27513435186441615,
  "beta_2": 0.787670631302187,
  "epsilon": 6.154000769306667e-05,
  "lr": 0.02672410191910942,
  "seed": 1383782957,
  "weight_decay": 9.94976888473527e-08
}