{
  "beta_1": 0.684921007587987,
  "beta_2": 0.4003750134002829,
  "epsilon": 1.666878508447678e-10,
  "lr": 0.00041669738952062295,
  "seed": 284534942,
  "weight_decay": 1.3698506116934034e-08
}