{
  "beta_1": 0.266124815766268,
  "beta_2": 0.7825404084597002,
  "epsilon": 1.1274086343000728e-09,
  "lr": 0.000324198133871753,
  "seed": 1071865797,
  "weight_decay": 0.0059327462725373955
}