{
  "beta_1": 0.9697520809303254,
  "beta_2": 0.5033350579625098,
  "epsilon": 1.5473668530188077e-06,
  "lr": 0.008283019612479134,
  "seed": 1240473001,
  "weight_decay": 1.4635570478525238e-06
}