{
  "beta1": 0.10540236331289729,
  "beta2": 0.10071831385648079,
  "epsilon": 1.0398607250784403e-06,
  "lr": 0.0024208699482983222,
  "seed": 1243718630,
  "weight_decay": 1.1815184706890727e-05,
  "x_beta1": -7.356123496333076,
  "x_beta2": -6.847040439865525
}