{
  "beta_1": 0.36442925450392816,
  "beta_2": 0.524416658418226,
  "epsilon": 3.955105783377702e-05,
  "lr": 0.01567231053262051,
  "seed": 1632811074,
  "weight_decay": 0.002443921834206472
}