{
  "beta_1": 0.5422519602153009,
  "beta_2": 0.9671720458576364,
  "epsilon": 1.4484819421130737e-10,
  "lr": 6.023407633797444e-06,
  "seed": 2010995009,
  "weight_decay": 1.7678869745024396e-05
}