{
  "beta_1": 0.5542408912576505,
  "beta_2": 0.8869202407197216,
  "epsilon": 4.290649904819291e-08,
  "lr": 1.3333719265928204e-05,
  "seed": 1222158056,
  "weight_decay": 4.122024256411392e-07
}