{
  "beta_1": 0.11373584613973056,
  "beta_2": 0.28702344677278,
  "epsilon": 2.1010736587164215e-05,
  "lr": 8.069619790922061e-06,
  "seed": 217388033,
  "weight_decay": 1.6117832920491977e-06
}