{
  "beta_1": 0.5192014677547212,
  "beta_2": 0.7108796108040806,
  "epsilon": 0.00012876586705581685,
  "lr": 0.007585434171220018,
  "seed": 926381710,
  "weight_decay": 6.196699379678502e-08
}