{
  "beta1": 0.6841887562578736,
  "beta2": 0.1000205818985661,
  "epsilon": 3.323342002424696e-05,
  "lr": 3.7130696558576e-05,
  "seed": 528817043,
  "weight_decay": 0.002561387393366601,
  "x_beta1": 0.7419010924490216,
  "x_beta2": -8.548483259458862
}