{
  "beta_1": 0.21701882249693577,
  "beta_2": 0.6115653754048962,
  "epsilon": 7.529601532508485e-05,
  "lr": 0.00660199013282787,
  "seed": 969676891,
  "weight_decay": 0.005772373711112377
}