{
  "beta_1": 0.5246727467374988,
  "beta_2": 0.81894978217019,
  "epsilon": 4.138483952626243e-05,
  "lr": 0.05822538844772885,
  "seed": 22181199.626216255,
  "weight_decay": 2.700982012961833e-07
}