{
  "beta_1": 0.9103698776078049,
  "beta_2": 0.40788068850371517,
  "epsilon": 3.1682962820241435e-08,
  "lr": 3.4129817140191223e-06,
  "seed": 234228546.25406465,
  "weight_decay": 8.395538739690176e-08
}