{
  "beta_1": 0.6714069572911989,
  "beta_2": 0.10095244636975605,
  "epsilon": 3.844187047108142e-10,
  "lr": 2.1237455800470975e-05,
  "seed": 611526475.9882158,
  "weight_decay": 1.0004288920094068e-05
}