{
  "beta_1": 0.8973192499476679,
  "beta_2": 0.8332635174725865,
  "epsilon": 5.65344111117991e-09,
  "lr": 0.0008031007017546967,
  "seed": 1528423975,
  "weight_decay": 0.0073827710809768595
}