{
  "beta_1": 0.6253942241186896,
  "beta_2": 0.41640476387954684,
  "epsilon": 1.6692330833231982e-08,
  "lr": 1.3158729233689225e-05,
  "seed": 856697929,
  "weight_decay": 4.544330359026519e-07
}