{
  "beta_1": 0.10128592534955382,
  "beta_2": 0.716162580152901,
  "epsilon": 8.351246082979346e-08,
  "lr": 0.000650967223595539,
  "seed": 1017917374,
  "weight_decay": 1.1915977875358136e-07
}