{
  "beta_1": 0.8668480644481313,
  "beta_2": 0.8760913551019401,
  "epsilon": 4.0792977209415624e-08,
  "lr": 0.00014518745363114086,
  "seed": 503576996.4154959,
  "weight_decay": 0.005626506778882463
}