{
  "beta_1": 0.176265072398116,
  "beta_2": 0.7076419041923073,
  "epsilon": 5.917745667057129e-08,
  "lr": 0.04302262116157731,
  "seed": 1287364082,
  "weight_decay": 6.627851140559499e-05
}