{
  "beta_1": 0.26216832805759316,
  "beta_2": 0.6816504557448706,
  "epsilon": 1.8433793383647159e-09,
  "lr": 0.0001227703251489921,
  "seed": 2023269220.6108763,
  "weight_decay": 6.515807699775449e-06
}