{
  "beta_1": 0.44445850820429755,
  "beta_2": 0.7650016356302287,
  "epsilon": 2.2443972152244662e-05,
  "lr": 0.0017777592150991256,
  "seed": 1248718511.6472142,
  "weight_decay": 0.00010182438570894218
}