{
  "beta_1": 0.13504107742669616,
  "beta_2": 0.621761013916802,
  "epsilon": 2.1295596050510634e-10,
  "lr": 0.010659753205218978,
  "seed": 1137453664,
  "weight_decay": 3.6672760808706275e-06
}