{
  "beta_1": 0.8227561189332004,
  "beta_2": 0.2518615688156184,
  "epsilon": 7.092615315485603e-05,
  "lr": 1.520878931191104e-06,
  "seed": 153610639,
  "weight_decay": 0.0006457475720392347
}