{
  "beta_1": 0.22582656971163706,
  "beta_2": 0.15033898963512698,
  "epsilon": 2.1030644133430324e-05,
  "lr": 2.564747048811316e-05,
  "seed": 140556951,
  "weight_decay": 2.913744847453344e-05
}