{
  "beta_1": 0.1197517086748619,
  "beta_2": 0.18951237549832656,
  "epsilon": 7.296046798010065e-10,
  "lr": 3.6623791094531095e-05,
  "seed": 1316730439,
  "weight_decay": 4.8801478185366895e-08
}