{
  "beta_1": 0.7731673519806429,
  "beta_2": 0.5109134974053194,
  "epsilon": 0.00045746167928113827,
  "lr": 0.034482749410143565,
  "seed": 1520985482.0772188,
  "weight_decay": 0.0011327288341948564
}