{
  "beta1": 0.10000127432378733,
  "beta2": 0.36812358070107287,
  "epsilon": 1.2793269118586743e-09,
  "lr": 0.001039502591644464,
  "seed": 1044153044,
  "weight_decay": 0.0004067407534801462,
  "x_beta1": -10.773296976742762,
  "x_beta2": -0.6856700547030385
}