{
  "beta_1": 0.2187853811138899,
  "beta_2": 0.7940476338383282,
  "epsilon": 5.0181502988937235e-06,
  "lr": 5.467252691549026e-06,
  "seed": 298324159.97023475,
  "weight_decay": 3.097536530935601e-08
}