{
  "beta_1": 0.23109018785797028,
  "beta_2": 0.8403115546270096,
  "epsilon": 0.00030300027838630516,
  "lr": 0.0679498996147013,
  "seed": 1069475800,
  "weight_decay": 7.347660930610061e-05
}