{
  "beta_1": 0.6499953899824756,
  "beta_2": 0.7286298170760371,
  "epsilon": 2.4046887245639587e-09,
  "lr": 0.0005532250700786205,
  "seed": 1983085398.2680264,
  "weight_decay": 0.0004154271646698298
}