{
  "beta1": 0.3874045017663492,
  "beta2": 0.10011583898482278,
  "epsilon": 2.672443427623698e-06,
  "lr": 1.974011739153214e-05,
  "seed": 97706950,
  "weight_decay": 0.005220957719649837,
  "x_beta1": -0.755180476101323,
  "x_beta2": -8.957709027467036
}