{
  "beta_1": 0.9568023059499822,
  "beta_2": 0.29336483894733584,
  "epsilon": 0.00023390730690868672,
  "lr": 1.6949841248213933e-06,
  "seed": 855662669,
  "weight_decay": 5.0099606719939484e-08
}