{
  "beta_1": 0.15897340724128595,
  "beta_2": 0.8009542502087543,
  "epsilon": 1.6641115586508309e-10,
  "lr": 0.00033830776775227103,
  "seed": 2034518496.2208226,
  "weight_decay": 1.0994365012417302e-06
}