{
  "beta_1": 0.37624062715145745,
  "beta_2": 0.17549701010292662,
  "epsilon": 0.0001558500097741858,
  "lr": 0.0008837433032575558,
  "seed": 1619510240,
  "weight_decay": 4.876681944328564e-06
}