{
  "beta_1": 0.3444110009265361,
  "beta_2": 0.2583335881562425,
  "epsilon": 1.7271761898755178e-09,
  "lr": 3.706210186796599e-06,
  "seed": 1218976258,
  "weight_decay": 3.129747068565089e-06
}