{
  "beta_1": 0.22803596860347788,
  "beta_2": 0.11606193328183602,
  "epsilon": 5.015303085279359e-09,
  "lr": 0.006922049831215756,
  "seed": 888391347,
  "weight_decay": 0.0023882748966424544
}