{
  "beta_1": 0.8774393771675639,
  "beta_2": 0.882778288860444,
  "epsilon": 1.1969888018733057e-10,
  "lr": 0.0014001694720661123,
  "seed": 182821185.95973822,
  "weight_decay": 1.3668057492075953e-06
}