{
  "beta_1": 0.7597610841425365,
  "beta_2": 0.31804281083152286,
  "epsilon": 7.409604604836378e-08,
  "lr": 0.00034582276307601494,
  "seed": 566088152,
  "weight_decay": 2.583402418585335e-06
}