{
  "beta_1": 0.15117468346218477,
  "beta_2": 0.5033814837023688,
  "epsilon": 7.833539458308418e-05,
  "lr": 8.420349106808717e-06,
  "seed": 211114220,
  "weight_decay": 0.004748087497294005
}