{
  "beta_1": 0.4868959101673297,
  "beta_2": 0.7043310701201677,
  "epsilon": 3.277331664767368e-07,
  "lr": 0.001379542378374574,
  "seed": 102950259,
  "weight_decay": 5.6023018146456705e-08
}