{
  "beta1": 0.9989877728930237,
  "beta2": 0.9918404813343885,
  "epsilon": 4.4808479214563416e-06,
  "lr": 0.0009582757272014927,
  "seed": 63202804,
  "weight_decay": 1.469348990657407e-07,
  "x_beta1": 11.20536934226847,
  "x_beta2": 4.7064334481742645
}