{
  "beta_1": 0.3691920643354384,
  "beta_2": 0.6773948423565374,
  "epsilon": 4.785735563560737e-10,
  "lr": 7.557952602132528e-06,
  "seed": 1809267134,
  "weight_decay": 1.785811693165266e-06
}