{
  "beta_1": 0.16274135291554967,
  "beta_2": 0.27274630638458,
  "epsilon": 0.00026762860382914636,
  "lr": 0.0005922775101852632,
  "seed": 2141343926,
  "weight_decay": 2.1339996389349334e-05
}