{
  "beta_1": 0.37977935024941334,
  "beta_2": 0.631050536200413,
  "epsilon": 2.9570470470990305e-10,
  "lr": 0.03482570274992286,
  "seed": 1913579498.0852077,
  "weight_decay": 2.1015437529220504e-05
}