{
  "beta1": 0.26693669786185736,
  "beta2": 0.1018134133869197,
  "epsilon": 0.0008857528436379121,
  "lr": 0.004390430229669435,
  "seed": 1614514038,
  "weight_decay": 1.2642842643555965e-08,
  "x_beta1": -1.4782523027151342,
  "x_beta2": -6.205055566848423
}