{
  "beta_1": 0.33475959484216544,
  "beta_2": 0.2379327422296943,
  "epsilon": 2.1889398136145163e-07,
  "lr": 0.002275921790429058,
  "seed": 97443569.08460411,
  "weight_decay": 3.816517438685341e-05
}