{
  "beta_1": 0.35120632223214343,
  "beta_2": 0.17567018814175694,
  "epsilon": 4.744880753321615e-10,
  "lr": 0.0003119438896470466,
  "seed": 1370344045.445658,
  "weight_decay": 0.0001973875355606091
}