{
  "beta1": 0.10001235741815202,
  "beta2": 0.10000281437903345,
  "epsilon": 2.8764703017061426e-05,
  "lr": 0.00013749791969733144,
  "seed": 150750856,
  "weight_decay": 0.004721390216767304,
  "x_beta1": -11.194768024789138,
  "x_beta2": -12.675294152350531
}