{
  "beta_1": 0.7822561244576975,
  "beta_2": 0.277391084290915,
  "epsilon": 0.0009314250615288202,
  "lr": 0.00011881783369083139,
  "seed": 1571045437,
  "weight_decay": 1.5899487719431947e-05
}