{
  "beta_1": 0.44517074149222924,
  "beta_2": 0.7954746670358201,
  "epsilon": 5.2780225561907835e-05,
  "lr": 0.00018499120573907366,
  "seed": 1112250308,
  "weight_decay": 0.0008603310417756601
}