{
  "beta_1": 0.5474946723996538,
  "beta_2": 0.8284755981023236,
  "epsilon": 6.75402853038921e-10,
  "lr": 4.381309056891243e-05,
  "seed": 261638818,
  "weight_decay": 0.0002341975767512169
}