{
  "beta_1": 0.6671194623498488,
  "beta_2": 0.38204623651633474,
  "epsilon": 3.20431409239186e-06,
  "lr": 0.00014401919567258532,
  "seed": 847513878,
  "weight_decay": 0.0001735228260003448
}