{
  "beta1": 0.7462905748634987,
  "beta2": 0.11422695760059123,
  "epsilon": 6.206812790456159e-05,
  "lr": 0.0001601783215847324,
  "seed": 2129776212,
  "weight_decay": 7.296833804055112e-07,
  "x_beta1": 0.7512071180089621,
  "x_beta2": -4.957451122084124
}