{
  "beta1": 0.10000125707611919,
  "beta2": 0.13700916625990156,
  "epsilon": 3.49424677565586e-10,
  "lr": 0.00011683163084007463,
  "seed": 1906248145,
  "weight_decay": 1.7731102427065682e-08,
  "x_beta1": -13.480248431142963,
  "x_beta2": -3.1491225681199246
}