{
  "beta_1": 0.2649108032326242,
  "beta_2": 0.10923947060060692,
  "epsilon": 6.990935633853876e-06,
  "lr": 0.00029747876077805904,
  "seed": 1018071166,
  "weight_decay": 8.292559930104033e-08
}