{
  "beta_1": 0.6506210658188055,
  "beta_2": 0.9726444971838427,
  "epsilon": 1.278790306582356e-07,
  "lr": 0.0038426136987635175,
  "seed": 66110742.130420916,
  "weight_decay": 0.002482229500660928
}