{
  "beta_1": 0.3811855893837133,
  "beta_2": 0.36934732825642586,
  "epsilon": 6.247409284452677e-08,
  "lr": 0.0015805595776024256,
  "seed": 97506244,
  "weight_decay": 1.9764120039142087e-08
}