{
  "beta_1": 0.9103255079564816,
  "beta_2": 0.7386661254166039,
  "epsilon": 1.3634184009893874e-07,
  "lr": 0.0007377076740359158,
  "seed": 1813379971,
  "weight_decay": 3.4598029143595245e-06
}