{
  "beta_1": 0.35280161064574367,
  "beta_2": 0.9344569774211035,
  "epsilon": 9.623237689602709e-05,
  "lr": 2.2703092361288135e-05,
  "seed": 1059815634,
  "weight_decay": 1.2761172468093336e-08
}