{
  "beta_1": 0.7222106328962151,
  "beta_2": 0.24240198288501194,
  "epsilon": 2.2699663181003823e-05,
  "lr": 0.0026419609996476607,
  "seed": 1928814307,
  "weight_decay": 5.877530298468202e-08
}