{
  "beta_1": 0.6389998742135019,
  "beta_2": 0.7422190392146947,
  "epsilon": 3.0845709648347508e-06,
  "lr": 2.5324689830875348e-05,
  "seed": 1098788323,
  "weight_decay": 7.038673497663757e-07
}