{
  "beta_1": 0.7421653518693744,
  "beta_2": 0.5036503291858786,
  "epsilon": 2.664298348406044e-06,
  "lr": 0.0004173566171832533,
  "seed": 68947858.70352225,
  "weight_decay": 0.0005321692978136326
}