{
  "beta_1": 0.14241808276791762,
  "beta_2": 0.4682974903644538,
  "epsilon": 1.4133179054097873e-06,
  "lr": 1.2244390792718845e-05,
  "seed": 864887089,
  "weight_decay": 0.00015150554382208182
}