{
  "beta_1": 0.26449841370155414,
  "beta_2": 0.2254843045752182,
  "epsilon": 8.898965912834067e-07,
  "lr": 1.695655843361634e-05,
  "seed": 1271739101,
  "weight_decay": 2.136638141239171e-08
}