{
  "beta_1": 0.23577935380458104,
  "beta_2": 0.25306187531829916,
  "epsilon": 6.012088108751059e-10,
  "lr": 0.0003029481915506529,
  "seed": 2115124673.4727159,
  "weight_decay": 2.2641870339529205e-05
}