{
  "beta_1": 0.5724289128410042,
  "beta_2": 0.13626743216225798,
  "epsilon": 2.91192414189735e-10,
  "lr": 5.314813791120198e-06,
  "seed": 989849217,
  "weight_decay": 8.206827040757685e-05
}