{
  "beta_1": 0.6017009808391411,
  "beta_2": 0.22840074636818433,
  "epsilon": 1.3239283763967218e-08,
  "lr": 3.119376279534084e-05,
  "seed": 631741921,
  "weight_decay": 1.1367745813228795e-08
}