{
  "beta_1": 0.45752603701303807,
  "beta_2": 0.3656533020194941,
  "epsilon": 6.250131153174036e-07,
  "lr": 6.517067535439481e-06,
  "seed": 831295513,
  "weight_decay": 0.0009951722056616766
}