{
  "beta_1": 0.19043539643135263,
  "beta_2": 0.4310209332376941,
  "epsilon": 1.5636372281444753e-09,
  "lr": 1.415880040728475e-06,
  "seed": 362341184,
  "weight_decay": 2.8413122255389427e-05
}