{
  "beta_1": 0.37641315886291316,
  "beta_2": 0.8612343214105893,
  "epsilon": 5.279980842003099e-06,
  "lr": 6.671272247845038e-05,
  "seed": 960356569,
  "weight_decay": 2.599687110484466e-06
}