{
  "beta_1": 0.9927300069452727,
  "beta_2": 0.4011647177542873,
  "epsilon": 1.6363426158086705e-08,
  "lr": 0.0006832377603404469,
  "seed": 996878171,
  "weight_decay": 2.322748292756073e-08
}