{
  "beta1": 0.10006328232207247,
  "beta2": 0.23648644286922982,
  "epsilon": 1.7035053539912316e-05,
  "lr": 0.0023143825313129813,
  "seed": 1069475800,
  "weight_decay": 0.004075985934918211,
  "x_beta1": -7.649089520865809,
  "x_beta2": -2.0658895307791454
}