{
  "beta1": 0.2578110795615012,
  "beta2": 0.9998840757469216,
  "epsilon": 6.913864972626837e-06,
  "lr": 9.417175445900526e-06,
  "seed": 1762587641,
  "weight_decay": 1.637379311475457e-05,
  "x_beta1": -1.5468569275285375,
  "x_beta2": 10.942177931381865
}