{
  "beta_1": 0.4186515605650214,
  "beta_2": 0.3401743501228387,
  "epsilon": 5.05420558867407e-08,
  "lr": 0.0009599261940913143,
  "seed": 1435653340,
  "weight_decay": 2.5187466861160214e-07
}