{
  "beta_1": 0.3703295837856364,
  "beta_2": 0.6420025067484554,
  "epsilon": 1.3696389639682215e-09,
  "lr": 0.00035889453622879803,
  "seed": 594487169,
  "weight_decay": 9.833067392040256e-07
}