{
  "beta_1": 0.16475908466076988,
  "beta_2": 0.7453977041749605,
  "epsilon": 2.602847787006139e-10,
  "lr": 0.0005037711040803337,
  "seed": 213491394.86263886,
  "weight_decay": 1.0212128907679957e-06
}