{
  "beta_1": 0.6176389154735894,
  "beta_2": 0.7699706605950315,
  "epsilon": 1.2286327166996252e-05,
  "lr": 8.235718163780577e-05,
  "seed": 90834395,
  "weight_decay": 1.0789662366201934e-08
}