{
  "beta_1": 0.5266754361634077,
  "beta_2": 0.44605114260668244,
  "epsilon": 2.019692979266186e-09,
  "lr": 1.2598530596659725e-06,
  "seed": 879946828,
  "weight_decay": 7.508689196399387e-05
}