{
  "beta_1": 0.19477123883983366,
  "beta_2": 0.9801181071947169,
  "epsilon": 3.615983292860318e-09,
  "lr": 0.07162405924211197,
  "seed": 146293517,
  "weight_decay": 0.0009477788764229804
}