{
  "beta_1": 0.2020235745492274,
  "beta_2": 0.13437666320546793,
  "epsilon": 6.199194789779037e-07,
  "lr": 1.2231059456193148e-05,
  "seed": 1788971110.7937353,
  "weight_decay": 9.018583670546106e-06
}