{
  "beta_1": 0.2306133183965015,
  "beta_2": 0.8431873248013864,
  "epsilon": 2.5249067611449177e-08,
  "lr": 1.6114934382339736e-05,
  "seed": 198801717,
  "weight_decay": 1.6306945153554567e-07
}