{
  "beta_1": 0.5922978920221523,
  "beta_2": 0.811945467518259,
  "epsilon": 1.0164323847208036e-05,
  "lr": 0.04735260995311048,
  "seed": 1977827885.829986,
  "weight_decay": 2.5998775331896756e-07
}