{
  "beta_1": 0.8239563569774842,
  "beta_2": 0.4234185395318757,
  "epsilon": 1.82079957157805e-05,
  "lr": 0.0007805767842398557,
  "seed": 1412825408,
  "weight_decay": 1.6326408790683313e-05
}