{
  "beta_1": 0.6531147187059952,
  "beta_2": 0.6726366837568829,
  "epsilon": 3.017904962467709e-07,
  "lr": 0.02326048906385593,
  "seed": 1958731998,
  "weight_decay": 1.2558291141905975e-06
}