{
  "beta_1": 0.1685476567231211,
  "beta_2": 0.1981782898819236,
  "epsilon": 2.067407490545707e-09,
  "lr": 0.00014693960479335758,
  "seed": 1407026833,
  "weight_decay": 2.426736393995836e-05
}