{
  "beta_1": 0.5437976233701557,
  "beta_2": 0.5413641220104636,
  "epsilon": 2.734002848666234e-05,
  "lr": 1.2539725757069898e-05,
  "seed": 1573349420,
  "weight_decay": 5.603134196125691e-08
}