{
  "beta1": 0.9928116471232395,
  "beta2": 0.37234765311263407,
  "epsilon": 0.0008641118507751013,
  "lr": 0.0005344611527617045,
  "seed": 855774790,
  "weight_decay": 1.9523043383819507e-06,
  "x_beta1": 3.97736534407248,
  "x_beta2": -4.813182188468984
}