{
  "beta_1": 0.1594944336730107,
  "beta_2": 0.5337366382955011,
  "epsilon": 4.769971290498093e-05,
  "lr": 0.00022821989119773713,
  "seed": 1113871884,
  "weight_decay": 0.00035573407880098187
}