{
  "beta_1": 0.5828478759398137,
  "beta_2": 0.16644878751541725,
  "epsilon": 0.00023494881334719373,
  "lr": 7.462009053324754e-05,
  "seed": 861428320,
  "weight_decay": 3.356939604796397e-08
}