{
  "beta_1": 0.1366903404253315,
  "beta_2": 0.9473303796706539,
  "epsilon": 0.00036938867663749685,
  "lr": 0.0009437432564097448,
  "seed": 944544728,
  "weight_decay": 3.8070486119995603e-06
}