{
  "beta_1": 0.2599070218693027,
  "beta_2": 0.20213133893685736,
  "epsilon": 7.064166546486457e-10,
  "lr": 0.00013436714914340743,
  "seed": 2121854285,
  "weight_decay": 5.655989231782995e-06
}