{
  "beta_1": 0.5992659429698941,
  "beta_2": 0.3013192154837927,
  "epsilon": 1.6209271104961696e-10,
  "lr": 0.0005074298926668609,
  "seed": 2058054964.5665083,
  "weight_decay": 4.157944138825399e-07
}