{
  "beta_1": 0.384911898841236,
  "beta_2": 0.5745637567790997,
  "epsilon": 7.194862167281508e-08,
  "lr": 1.0676087115566852e-06,
  "seed": 965791693,
  "weight_decay": 8.810128477610458e-05
}