{
  "beta_1": 0.21298534267876418,
  "beta_2": 0.3099649629269495,
  "epsilon": 2.2731872404786298e-07,
  "lr": 0.00019839733062848344,
  "seed": 115812351,
  "weight_decay": 0.00019632513648754781
}