{
  "beta_1": 0.635923083115168,
  "beta_2": 0.679581120155293,
  "epsilon": 1.3247205082072063e-05,
  "lr": 0.054928043420215546,
  "seed": 270600676.58836913,
  "weight_decay": 1.1953410811432828e-07
}