{
  "beta_1": 0.6862397213454663,
  "beta_2": 0.7020630031008891,
  "epsilon": 1.6014623729415605e-10,
  "lr": 6.1386575282910976e-06,
  "seed": 997400950.397847,
  "weight_decay": 0.0006960134531714524
}