{
  "beta1": 0.10156090917527741,
  "beta2": 0.5921145772605226,
  "epsilon": 3.3313318702224824e-09,
  "lr": 0.0046828091275100975,
  "seed": 1008789378,
  "weight_decay": 4.3753398741470017e-07,
  "x_beta1": -6.354276796521359,
  "x_beta2": 0.18797045859150963
}