{
  "beta_1": 0.5804698537285639,
  "beta_2": 0.6096511909379244,
  "epsilon": 1.19843289873457e-07,
  "lr": 0.0012742132400959019,
  "seed": 388861153,
  "weight_decay": 1.959576949101816e-08
}