{
  "beta_1": 0.19826290850626282,
  "beta_2": 0.3429274283585164,
  "epsilon": 1.6454612371186985e-07,
  "lr": 0.029620848627911162,
  "seed": 1635023490,
  "weight_decay": 0.00045008041919643104
}