{
  "beta_1": 0.29583532912568855,
  "beta_2": 0.7996023542479543,
  "epsilon": 1.7947492953517094e-09,
  "lr": 0.0006145885067128307,
  "seed": 753321966.2722449,
  "weight_decay": 6.008321691389266e-06
}