{
  "beta_1": 0.1483777259465748,
  "beta_2": 0.8290434860086436,
  "epsilon": 2.2952281051247867e-09,
  "lr": 4.834990587191648e-06,
  "seed": 1486721007.7937593,
  "weight_decay": 0.001296168494880845
}