{
  "beta_1": 0.9864754269085636,
  "beta_2": 0.9714900216062937,
  "epsilon": 8.874809188182704e-08,
  "lr": 7.588305084495287e-06,
  "seed": 551251546,
  "weight_decay": 0.0035348828816064125
}