{
  "beta_1": 0.815936674887816,
  "beta_2": 0.3810564856648174,
  "epsilon": 6.33362706742894e-05,
  "lr": 0.00022198944688688838,
  "seed": 1112250308,
  "weight_decay": 3.0875067618050886e-08
}