{
  "beta_1": 0.8990690452353097,
  "beta_2": 0.9796506394158335,
  "epsilon": 5.9132807694681266e-09,
  "lr": 1.9233638512908554e-06,
  "seed": 1720255948,
  "weight_decay": 0.0007813311056182308
}