{
  "beta_1": 0.6684700878944196,
  "beta_2": 0.8649400421647286,
  "epsilon": 3.409852485210686e-10,
  "lr": 0.00017290496235263764,
  "seed": 1762602651.5348833,
  "weight_decay": 1.8761292957718e-07
}