{
  "beta_1": 0.3636957032610768,
  "beta_2": 0.8454129207245192,
  "epsilon": 4.799443076189902e-06,
  "lr": 0.0038271082053715193,
  "seed": 1323700917,
  "weight_decay": 0.0003516875515631974
}