{
  "beta_1": 0.18645010710761784,
  "beta_2": 0.7157451312651592,
  "epsilon": 2.6254788446909167e-05,
  "lr": 5.629791183179615e-06,
  "seed": 1261764650,
  "weight_decay": 2.3850506891815717e-06
}