{
  "beta_1": 0.8045643422257445,
  "beta_2": 0.35304546644990653,
  "epsilon": 6.487465303472222e-09,
  "lr": 0.0001599546805886572,
  "seed": 131091126,
  "weight_decay": 0.008816502127241185
}