{
  "beta_1": 0.8283155343116485,
  "beta_2": 0.6984747711412551,
  "epsilon": 4.591541578719776e-08,
  "lr": 0.000999923118845119,
  "seed": 1435653340,
  "weight_decay": 1.1570426554519326e-08
}