{
  "beta_1": 0.2865851017450171,
  "beta_2": 0.8131844560069914,
  "epsilon": 5.503239861715061e-06,
  "lr": 0.016012123751528634,
  "seed": 1964031387,
  "weight_decay": 0.000177838905344591
}