{
  "beta_1": 0.25823681905201834,
  "beta_2": 0.12378742631264804,
  "epsilon": 1.3700919482424005e-05,
  "lr": 0.001448529407501992,
  "seed": 141965461,
  "weight_decay": 8.378262592078534e-06
}