{
  "beta_1": 0.6602314342437485,
  "beta_2": 0.12546617333956378,
  "epsilon": 1.4077708801158419e-09,
  "lr": 8.212970614311822e-05,
  "seed": 1890496929.2881906,
  "weight_decay": 0.000843057164776292
}