{
  "beta_1": 0.7528122728903688,
  "beta_2": 0.5402235324135439,
  "epsilon": 2.748119577975718e-09,
  "lr": 0.0048029774582970955,
  "seed": 1342535302,
  "weight_decay": 0.0013409229204138441
}