{
  "beta_1": 0.363193871944675,
  "beta_2": 0.9492359960469607,
  "epsilon": 1.1759688788082724e-09,
  "lr": 1.6465617458559663e-05,
  "seed": 1814391332,
  "weight_decay": 1.6815619896508148e-06
}