{
  "beta_1": 0.3640396350078926,
  "beta_2": 0.12286094608024199,
  "epsilon": 1.668898097385353e-08,
  "lr": 0.002423306142695052,
  "seed": 1263108140.3100762,
  "weight_decay": 0.00018770533328173533
}