{
  "beta_1": 0.6658697024595082,
  "beta_2": 0.33935956613451557,
  "epsilon": 1.8416073841068142e-08,
  "lr": 1.6218988356520327e-05,
  "seed": 1201283653.64353,
  "weight_decay": 1.3289328786053458e-07
}