{
  "beta_1": 0.5302875963938771,
  "beta_2": 0.8702897074685764,
  "epsilon": 0.00037686449832127636,
  "lr": 0.009864947234788774,
  "seed": 2113109986.1205862,
  "weight_decay": 0.002348501000925535
}