{
  "beta_1": 0.3175891249153099,
  "beta_2": 0.7937803324293711,
  "epsilon": 9.914637062052734e-07,
  "lr": 0.00019920692168782155,
  "seed": 14633724,
  "weight_decay": 4.430130159273062e-07
}