{
  "beta_1": 0.8205643692703405,
  "beta_2": 0.53718457371695,
  "epsilon": 0.0001355011216082559,
  "lr": 0.07035647880312117,
  "seed": 1639634639.0745428,
  "weight_decay": 0.003178200158458215
}