{
  "beta_1": 0.6281051501106601,
  "beta_2": 0.7385240568989246,
  "epsilon": 1.7390880866901565e-09,
  "lr": 0.08919315145695024,
  "seed": 1100301344.7147133,
  "weight_decay": 2.7185839640006374e-06
}