{
  "beta_1": 0.10361703787107215,
  "beta_2": 0.29409777048785046,
  "epsilon": 0.00019921403581663698,
  "lr": 0.0005472822244897862,
  "seed": 770984983,
  "weight_decay": 0.0010876322401565555
}