{
  "beta_1": 0.25119360934812934,
  "beta_2": 0.9837503140191582,
  "epsilon": 3.325994361287674e-08,
  "lr": 0.00039751209248670437,
  "seed": 1575360928.6438882,
  "weight_decay": 9.134445032550676e-06
}