{
  "beta_1": 0.42387822299513156,
  "beta_2": 0.43824009768961414,
  "epsilon": 1.9255284778426295e-05,
  "lr": 0.0010561096235343717,
  "seed": 1804528974.5349576,
  "weight_decay": 0.0007524791424665335
}