{
  "beta_1": 0.6328272497015385,
  "beta_2": 0.46794897541930647,
  "epsilon": 3.4807945325813677e-10,
  "lr": 0.015957834760986642,
  "seed": 1437422016.1800113,
  "weight_decay": 5.214138464536277e-06
}