{
  "beta_1": 0.4006667492167336,
  "beta_2": 0.7268487702140561,
  "epsilon": 0.00011658770293158103,
  "lr": 2.000327177390637e-05,
  "seed": 1250396631,
  "weight_decay": 1.2428291325522661e-06
}