{
  "beta_1": 0.8077318406795776,
  "beta_2": 0.14082327616704465,
  "epsilon": 5.063759430269398e-05,
  "lr": 2.2241348430120337e-06,
  "seed": 2000498589,
  "weight_decay": 2.625931502223536e-07
}