{
  "beta_1": 0.956856153696413,
  "beta_2": 0.7125364540015966,
  "epsilon": 2.323770918731675e-06,
  "lr": 0.019930682515404217,
  "seed": 63645830.7002216,
  "weight_decay": 1.11878130294211e-06
}