{
  "beta1": 0.10000125707611919,
  "beta2": 0.13700916625990156,
  "epsilon": 4.1930961307870316e-10,
  "lr": 1.755327486787435e-05,
  "seed": 1906248145,
  "weight_decay": 2.1277322912478818e-08,
  "x_beta1": -16.176298117371555,
  "x_beta2": -8.231601029019927
}