{
  "beta_1": 0.4624146338048224,
  "beta_2": 0.9034412656926628,
  "epsilon": 4.028981756021623e-05,
  "lr": 2.524188939364599e-06,
  "seed": 478644932,
  "weight_decay": 7.41168040896773e-08
}