{
  "beta_1": 0.778803973117006,
  "beta_2": 0.9162684755713207,
  "epsilon": 1.5799711921637204e-09,
  "lr": 0.00015846095744663342,
  "seed": 836390188.6507541,
  "weight_decay": 1.831411140515847e-08
}