{
  "beta_1": 0.27264408409086566,
  "beta_2": 0.23188053370355638,
  "epsilon": 1.0760687657100922e-08,
  "lr": 0.0007220905411687197,
  "seed": 2004340924,
  "weight_decay": 1.6559179628178272e-08
}