{
  "beta_1": 0.31794512056006663,
  "beta_2": 0.35470390462486334,
  "epsilon": 2.796760195141993e-05,
  "lr": 0.000999387607985524,
  "seed": 735090432,
  "weight_decay": 2.2242857551088017e-08
}