{
  "beta_1": 0.1641276789068313,
  "beta_2": 0.7221172008276696,
  "epsilon": 2.1076484571454316e-09,
  "lr": 4.763402541266637e-05,
  "seed": 163181016,
  "weight_decay": 0.0004336813124039733
}