{
  "beta_1": 0.8417262871349884,
  "beta_2": 0.5899542018747529,
  "epsilon": 1.1172264895343273e-05,
  "lr": 0.003709596689108529,
  "seed": 1186184689,
  "weight_decay": 2.0303466259652368e-08
}