{
  "beta_1": 0.14988710449784706,
  "beta_2": 0.39267877387381156,
  "epsilon": 1.185252077972792e-10,
  "lr": 0.0043880206660271886,
  "seed": 1989843653,
  "weight_decay": 0.00217884035508277
}