{
  "beta_1": 0.2740461391805893,
  "beta_2": 0.18596240911154627,
  "epsilon": 5.016594515726661e-07,
  "lr": 0.00046344542928800677,
  "seed": 340473085.636778,
  "weight_decay": 1.506975824187714e-08
}