{
  "beta_1": 0.6639503601001225,
  "beta_2": 0.7428454110555041,
  "epsilon": 2.050420551214315e-06,
  "lr": 0.0018791117143312436,
  "seed": 287369317.338263,
  "weight_decay": 0.00011684192797802486
}