{
  "beta_1": 0.9688275497401914,
  "beta_2": 0.9332357972089897,
  "epsilon": 5.736124972756849e-05,
  "lr": 0.003319039464459481,
  "seed": 2140692787.2157009,
  "weight_decay": 0.007874162808830742
}