{
  "beta_1": 0.47974176517508216,
  "beta_2": 0.2777825873374043,
  "epsilon": 6.724746682396717e-06,
  "lr": 0.00018399997362179916,
  "seed": 1095697512,
  "weight_decay": 0.00031286998855642803
}