{
  "beta_1": 0.9005025153101957,
  "beta_2": 0.5628760059467345,
  "epsilon": 2.260009926577112e-10,
  "lr": 6.5169734181078675e-06,
  "seed": 1798272554,
  "weight_decay": 0.0011437171906466506
}