{
  "beta_1": 0.6245373000650922,
  "beta_2": 0.8247556477793891,
  "epsilon": 0.00021779190043495406,
  "lr": 0.0224194666305063,
  "seed": 216916342,
  "weight_decay": 3.25810357258716e-06
}