{
  "beta1": 0.10540236331289729,
  "beta2": 0.10071831385648079,
  "epsilon": 2.9709469028743523e-09,
  "lr": 9.941484642931616e-05,
  "seed": 1243718630,
  "weight_decay": 1.2307484069677842e-05,
  "x_beta1": -5.108419094675748,
  "x_beta2": -7.132333791526589
}