{
  "beta_1": 0.7491659037626945,
  "beta_2": 0.7807873719673791,
  "epsilon": 7.932178549243166e-10,
  "lr": 2.338376049294257e-06,
  "seed": 43437369,
  "weight_decay": 0.0015260223647869848
}