{
  "beta_1": 0.2416377543892867,
  "beta_2": 0.6965042669452064,
  "epsilon": 1.3406328320460308e-05,
  "lr": 6.088563735413922e-06,
  "seed": 1390254221.545608,
  "weight_decay": 1.5633154209150227e-08
}