{
  "beta_1": 0.8712384247777589,
  "beta_2": 0.792408143225929,
  "epsilon": 1.0141259402622615e-06,
  "lr": 0.00030773939761435427,
  "seed": 582872370.0838294,
  "weight_decay": 0.00023722463393585657
}