{
  "beta_1": 0.8455263461203022,
  "beta_2": 0.134835656779971,
  "epsilon": 0.00010161989168190391,
  "lr": 2.3040782766873855e-06,
  "seed": 1446119642,
  "weight_decay": 0.0004967744429460025
}