{
  "beta_1": 0.7013165152202266,
  "beta_2": 0.21860597740624607,
  "epsilon": 6.8419358233029e-08,
  "lr": 1.3107908453401146e-06,
  "seed": 364626695,
  "weight_decay": 4.5964333454901555e-07
}