{
  "beta_1": 0.7252957797073988,
  "beta_2": 0.5549351874234129,
  "epsilon": 9.656717472962523e-07,
  "lr": 0.0016593444847292974,
  "seed": 1461720415,
  "weight_decay": 1.9989667762094784e-07
}