{
  "beta1": 0.10072874413984526,
  "beta2": 0.10223636796055804,
  "epsilon": 2.2374081561135947e-05,
  "lr": 0.0014297761308910098,
  "seed": 735090432,
  "weight_decay": 2.669142906130562e-08,
  "x_beta1": -8.540285606492588,
  "x_beta2": -11.08857069850308
}