{
  "beta_1": 0.28050344895143925,
  "beta_2": 0.516482205515986,
  "epsilon": 2.6843450926661086e-05,
  "lr": 0.00025152674971040223,
  "seed": 1087298606.3385317,
  "weight_decay": 4.0783886686326675e-07
}