{
  "beta_1": 0.1887505149019932,
  "beta_2": 0.18664565970601538,
  "epsilon": 7.74340569044346e-05,
  "lr": 1.5646892710267896e-05,
  "seed": 1400166949,
  "weight_decay": 0.0009833847149194992
}