{
  "beta_1": 0.13090752598072614,
  "beta_2": 0.6458845550272246,
  "epsilon": 7.166082189406892e-05,
  "lr": 0.0007645142146240396,
  "seed": 512287383,
  "weight_decay": 3.3750319424464804e-07
}