{
  "beta_1": 0.9427833101367612,
  "beta_2": 0.969745727208033,
  "epsilon": 1.841792752954465e-07,
  "lr": 0.004105705459192742,
  "seed": 312117712,
  "weight_decay": 1.8376794076018235e-07
}