{
  "beta_1": 0.13368024316263852,
  "beta_2": 0.24284252336620823,
  "epsilon": 1.784622653957905e-08,
  "lr": 0.00024380252459881358,
  "seed": 1639238100.935914,
  "weight_decay": 3.2558497798449104e-06
}