{
  "beta_1": 0.2808538939629741,
  "beta_2": 0.50682897971752,
  "epsilon": 0.00023377501466127865,
  "lr": 0.0013256149548863335,
  "seed": 1619510240,
  "weight_decay": 7.315022916492844e-06
}