{
  "beta_1": 0.8997759826242722,
  "beta_2": 0.8392321759631151,
  "epsilon": 2.9247749237205642e-08,
  "lr": 0.0010639553901006442,
  "seed": 1299707374.2702003,
  "weight_decay": 2.7086877717349748e-08
}