{
  "beta_1": 0.9773948478112543,
  "beta_2": 0.40581449378863377,
  "epsilon": 1.7490294870736735e-05,
  "lr": 0.007425766112139775,
  "seed": 1737493690,
  "weight_decay": 8.919220372692332e-05
}