{
  "beta_1": 0.3912626872153422,
  "beta_2": 0.5458223948482237,
  "epsilon": 1.3617388857416948e-05,
  "lr": 1.3575259649267069e-06,
  "seed": 1213744784.2295852,
  "weight_decay": 0.0026619013958759947
}