{
  "beta_1": 0.9406427447031804,
  "beta_2": 0.3297992874355525,
  "epsilon": 0.0009201575621257975,
  "lr": 0.00025387439796422024,
  "seed": 84600197.19789821,
  "weight_decay": 1.2266104891075053e-08
}