{
  "beta_1": 0.5859358279933652,
  "beta_2": 0.4861512837258257,
  "epsilon": 2.0488326888296018e-05,
  "lr": 0.0009028886667128749,
  "seed": 1639966292,
  "weight_decay": 7.590865437247878e-05
}