{
  "beta_1": 0.7023667250065084,
  "beta_2": 0.2567636412339811,
  "epsilon": 0.0002781144360034221,
  "lr": 0.00015757434897674494,
  "seed": 1793797025.0459929,
  "weight_decay": 4.535027238266189e-07
}