{
  "beta_1": 0.3410610694103084,
  "beta_2": 0.5450249496014782,
  "epsilon": 4.15395118727532e-07,
  "lr": 0.0006717849629338712,
  "seed": 1394881215,
  "weight_decay": 6.147355533799076e-05
}