{
  "beta_1": 0.9712663805798594,
  "beta_2": 0.431419721929459,
  "epsilon": 4.0351373667461245e-05,
  "lr": 0.085709879815435,
  "seed": 1634654574.0941408,
  "weight_decay": 7.102340532201415e-08
}