{
  "beta_1": 0.6754993974821303,
  "beta_2": 0.4397687101956498,
  "epsilon": 2.5004295423104626e-10,
  "lr": 0.005499812781609919,
  "seed": 2066217678.5692165,
  "weight_decay": 1.945364590803985e-06
}