{
  "beta_1": 0.3231575790374681,
  "beta_2": 0.7363806057724308,
  "epsilon": 2.6702861577406864e-06,
  "lr": 0.0017383530603270715,
  "seed": 170382002.0981442,
  "weight_decay": 3.3606843434776714e-06
}