{
  "beta_1": 0.6218660386101161,
  "beta_2": 0.8461775431040648,
  "epsilon": 8.808786010062557e-05,
  "lr": 0.0002860510087648927,
  "seed": 1219638133.9710922,
  "weight_decay": 1.8991127022108286e-07
}