{
  "beta_1": 0.3822508888424109,
  "beta_2": 0.7171472459516494,
  "epsilon": 5.201921443381445e-09,
  "lr": 0.006219323455886446,
  "seed": 1576181855.697325,
  "weight_decay": 1.775703517525467e-05
}