{
  "beta_1": 0.6571060708825022,
  "beta_2": 0.7033396772574824,
  "epsilon": 1.0995817586411083e-10,
  "lr": 0.0018693464376869468,
  "seed": 1459160664.75957,
  "weight_decay": 0.0003249855931012973
}