{
  "beta_1": 0.31970425231401955,
  "beta_2": 0.8243616122434198,
  "epsilon": 1.623259892737231e-05,
  "lr": 0.002679833622139944,
  "seed": 388871543,
  "weight_decay": 3.7497080051798295e-07
}