{
  "beta_1": 0.7847325628017296,
  "beta_2": 0.578931453850259,
  "epsilon": 9.840893367867708e-10,
  "lr": 3.944385055793824e-05,
  "seed": 320733762,
  "weight_decay": 2.135818829929299e-06
}