{
  "beta_1": 0.6313627995120922,
  "beta_2": 0.964690169668012,
  "epsilon": 5.580293718343488e-09,
  "lr": 0.016576479721307068,
  "seed": 1174764269.985794,
  "weight_decay": 2.9134459149252818e-05
}