{
  "beta_1": 0.667317194050321,
  "beta_2": 0.18881222474406203,
  "epsilon": 2.3439829798682984e-09,
  "lr": 2.557338515736843e-06,
  "seed": 879628784.0279095,
  "weight_decay": 3.2809730111177347e-06
}