{
  "beta_1": 0.6066909474393685,
  "beta_2": 0.4363617251665677,
  "epsilon": 1.2391716390222296e-07,
  "lr": 3.985919242321961e-05,
  "seed": 1458393610,
  "weight_decay": 9.24545226304935e-05
}