{
  "beta_1": 0.27879341343903313,
  "beta_2": 0.9043915787477668,
  "epsilon": 7.4323714726575326e-09,
  "lr": 0.0002842226403856258,
  "seed": 2139184216,
  "weight_decay": 3.292738271830409e-06
}