{
  "beta_1": 0.611739743173217,
  "beta_2": 0.5809832356678774,
  "epsilon": 7.07358811958792e-07,
  "lr": 0.0003787474164571354,
  "seed": 973193206.0081446,
  "weight_decay": 0.00032963279856926633
}