{
  "beta_1": 0.7172683906269817,
  "beta_2": 0.9053360028455562,
  "epsilon": 8.169204334085017e-07,
  "lr": 0.06692687239566159,
  "seed": 31767878.25448021,
  "weight_decay": 9.279198092071793e-07
}