{
  "beta_1": 0.7851294174163072,
  "beta_2": 0.9052889662049021,
  "epsilon": 2.822641097936543e-06,
  "lr": 0.008348021570598474,
  "seed": 739504451,
  "weight_decay": 1.1600358485434386e-05
}