{
  "beta_1": 0.7493292588253226,
  "beta_2": 0.9900980109478302,
  "epsilon": 7.84690195435629e-06,
  "lr": 0.0003316536322010988,
  "seed": 1843855662.086875,
  "weight_decay": 0.0006521508300429446
}