{
  "beta_1": 0.5659659932676424,
  "beta_2": 0.9736334934595194,
  "epsilon": 1.5159629297618644e-08,
  "lr": 5.336530293338564e-06,
  "seed": 107321363.57504366,
  "weight_decay": 0.0044722217124595065
}