{
  "beta_1": 0.7270926457151812,
  "beta_2": 0.7108159507586872,
  "epsilon": 1.8716716166357302e-06,
  "lr": 4.865449721940298e-06,
  "seed": 1589929158.9993854,
  "weight_decay": 0.005141098219529985
}