{
  "beta_1": 0.4354786813043464,
  "beta_2": 0.1784764588052482,
  "epsilon": 3.909537644947427e-08,
  "lr": 5.701067978872384e-05,
  "seed": 1889025518,
  "weight_decay": 2.2412379305956778e-08
}