{
  "beta_1": 0.5365842760402062,
  "beta_2": 0.34123572856233103,
  "epsilon": 7.343107516682133e-06,
  "lr": 0.009592870947532093,
  "seed": 191908309,
  "weight_decay": 9.454641133323388e-05
}