{
  "beta_1": 0.664018364205657,
  "beta_2": 0.6424567415235969,
  "epsilon": 7.106657761349719e-10,
  "lr": 5.857385425849808e-05,
  "seed": 839114589,
  "weight_decay": 1.935719020098232e-06
}