{
  "beta_1": 0.8986649263064052,
  "beta_2": 0.31003347389658886,
  "epsilon": 1.4106205121376889e-09,
  "lr": 0.001108554061667476,
  "seed": 466105956,
  "weight_decay": 1.169123256786472e-07
}