{
  "beta_1": 0.2959978749960449,
  "beta_2": 0.8884461700449953,
  "epsilon": 1.7818067754531938e-07,
  "lr": 0.04607409081921932,
  "seed": 531788410.84463614,
  "weight_decay": 8.008438333052344e-06
}