{
  "beta_1": 0.64714890111904,
  "beta_2": 0.8642646273113601,
  "epsilon": 1.4584740381566975e-10,
  "lr": 0.0015517129592429403,
  "seed": 2141646648.5370388,
  "weight_decay": 0.0011361860415325647
}