{
  "beta_1": 0.5322319902410996,
  "beta_2": 0.9815396924552684,
  "epsilon": 7.429936143160113e-06,
  "lr": 1.6459872046421002e-05,
  "seed": 1821827727.668179,
  "weight_decay": 1.4517017376968324e-07
}