{
  "beta_1": 0.7274067225490668,
  "beta_2": 0.12774933636254293,
  "epsilon": 6.845184398073739e-10,
  "lr": 0.003194416741677887,
  "seed": 782095810,
  "weight_decay": 0.0022553609836900683
}