{
  "beta_1": 0.18884442994715647,
  "beta_2": 0.7439888332680231,
  "epsilon": 8.084461943597409e-08,
  "lr": 0.0008996193056643953,
  "seed": 1717073038.379664,
  "weight_decay": 0.007186871153042073
}