{
  "beta_1": 0.14497953376405628,
  "beta_2": 0.4650836902297678,
  "epsilon": 5.356673890243921e-06,
  "lr": 0.0007846915945475954,
  "seed": 1412059247,
  "weight_decay": 1.0723412350724038e-07
}