{
  "beta_1": 0.6132540751041792,
  "beta_2": 0.7338612619237131,
  "epsilon": 1.0907202479791028e-07,
  "lr": 0.0025766081690105375,
  "seed": 1587736115,
  "weight_decay": 1.3407859994983413e-07
}