{
  "beta_1": 0.8586843980651656,
  "beta_2": 0.6377149864581053,
  "epsilon": 1.4765331285161157e-09,
  "lr": 0.0018085058885546213,
  "seed": 1050430924,
  "weight_decay": 5.949625568060885e-06
}