{
  "beta_1": 0.8300582083728348,
  "beta_2": 0.8376830602530453,
  "epsilon": 6.146265834539903e-05,
  "lr": 5.1207425853066875e-06,
  "seed": 610446021,
  "weight_decay": 1.1665016003488317e-06
}