{
  "beta_1": 0.9743272533301915,
  "beta_2": 0.3970688165579589,
  "epsilon": 0.0001056472517318349,
  "lr": 5.131027855974813e-06,
  "seed": 1766029446.8476367,
  "weight_decay": 1.0627823238215042e-07
}