{
  "beta_1": 0.7414310359251023,
  "beta_2": 0.7040596099644756,
  "epsilon": 6.403023501754519e-05,
  "lr": 0.00023123900717384206,
  "seed": 1112250308,
  "weight_decay": 0.0007169425348130501
}