{
  "beta_1": 0.24632579385519102,
  "beta_2": 0.31690979165210564,
  "epsilon": 3.9775777841462593e-07,
  "lr": 3.18141109811139e-06,
  "seed": 1148319013,
  "weight_decay": 6.893381758666863e-06
}