{
  "beta_1": 0.8601652287943903,
  "beta_2": 0.8668671191348605,
  "epsilon": 3.9815952941217767e-07,
  "lr": 0.0015202006741485035,
  "seed": 525715899.4396532,
  "weight_decay": 2.253742592620572e-08
}