{
  "beta_1": 0.5914952253480726,
  "beta_2": 0.4781264179757839,
  "epsilon": 1.6516641103201643e-05,
  "lr": 8.86628139871603e-06,
  "seed": 869549350.3144342,
  "weight_decay": 0.00040163134068766537
}