{
  "beta_1": 0.622409563700372,
  "beta_2": 0.40555499598568867,
  "epsilon": 5.278022556190784e-05,
  "lr": 2.5586247574085726e-06,
  "seed": 1404917528.3661466,
  "weight_decay": 7.364540262112642e-05
}