{
  "beta_1": 0.1823277034682669,
  "beta_2": 0.12520618515405144,
  "epsilon": 0.00042106980441083264,
  "lr": 0.0046349598282630815,
  "seed": 58330548,
  "weight_decay": 6.844260052069776e-08
}