{
  "beta_1": 0.4028878272384021,
  "beta_2": 0.16322533341602302,
  "epsilon": 8.590809904974936e-06,
  "lr": 0.005941747389574089,
  "seed": 879437145,
  "weight_decay": 0.00016808195013793024
}