{
  "beta_1": 0.7759106537761845,
  "beta_2": 0.35317451200747396,
  "epsilon": 6.440487775048963e-07,
  "lr": 7.378721367101654e-06,
  "seed": 1582159964,
  "weight_decay": 6.514084838797908e-05
}