{
  "beta_1": 0.808258136962032,
  "beta_2": 0.5602233299453373,
  "epsilon": 2.736914932712248e-09,
  "lr": 0.04758610782737222,
  "seed": 1473529932,
  "weight_decay": 1.381881668687067e-08
}