{
  "beta_1": 0.13026897258864167,
  "beta_2": 0.9597250075823726,
  "epsilon": 5.350230146047774e-07,
  "lr": 0.02547095217947779,
  "seed": 1984196797,
  "weight_decay": 7.407805007396096e-06
}