{
  "beta_1": 0.6524696829810822,
  "beta_2": 0.425644685549836,
  "epsilon": 3.356112234170392e-05,
  "lr": 0.0011992651295826286,
  "seed": 735090432,
  "weight_decay": 1.7794286040870414e-08
}