{
  "beta_1": 0.40041074265453624,
  "beta_2": 0.8146035384441382,
  "epsilon": 1.5792767444617052e-06,
  "lr": 0.06379599966356371,
  "seed": 432623855,
  "weight_decay": 1.2665169932074485e-06
}