{
  "beta_1": 0.7441036955767595,
  "beta_2": 0.8274181402294615,
  "epsilon": 7.68074553780103e-08,
  "lr": 1.553855278185938e-05,
  "seed": 661482959,
  "weight_decay": 0.00016990028018128386
}