{
  "beta_1": 0.7535280543111874,
  "beta_2": 0.26335512261819305,
  "epsilon": 2.870807621741844e-05,
  "lr": 0.0001898946594860999,
  "seed": 49827683,
  "weight_decay": 5.597626301990128e-05
}