{
  "beta_1": 0.4688990568372975,
  "beta_2": 0.9617613588882987,
  "epsilon": 1.7840700912358928e-09,
  "lr": 2.1339407337059904e-06,
  "seed": 862961687,
  "weight_decay": 5.316685863337593e-07
}