{
  "beta_1": 0.9563270880651431,
  "beta_2": 0.21729663152145054,
  "epsilon": 1.5261689485886343e-10,
  "lr": 4.635074590594362e-05,
  "seed": 1041129945.3907282,
  "weight_decay": 1.1175442117284713e-06
}