{
  "beta_1": 0.8876619007912927,
  "beta_2": 0.7345510263782624,
  "epsilon": 4.139653642193858e-09,
  "lr": 0.0009153089300009157,
  "seed": 1953970152,
  "weight_decay": 1.1636195365567733e-05
}