{
  "beta_1": 0.863848951917977,
  "beta_2": 0.6691589678226771,
  "epsilon": 2.4684499398497978e-05,
  "lr": 6.920940976759693e-06,
  "seed": 987235013,
  "weight_decay": 0.0004042452911407397
}