{
  "beta_1": 0.4242836209643144,
  "beta_2": 0.4880825335557246,
  "epsilon": 1.7574793016713073e-09,
  "lr": 0.027582283433344856,
  "seed": 540859620,
  "weight_decay": 1.8140812335608406e-06
}