{
  "beta_1": 0.6372055581760926,
  "beta_2": 0.7396219376661005,
  "epsilon": 0.0002949217275611261,
  "lr": 0.0008705563944188361,
  "seed": 1667747289.8856156,
  "weight_decay": 1.3740920176296463e-08
}