{
  "beta_1": 0.5624679658977149,
  "beta_2": 0.7164063411666133,
  "epsilon": 1.1346429147280577e-09,
  "lr": 0.0009397744855420958,
  "seed": 30779445.280921336,
  "weight_decay": 0.003058616015011078
}