{
  "beta_1": 0.7616195072174238,
  "beta_2": 0.696067052003004,
  "epsilon": 1.0139058900812405e-10,
  "lr": 4.2620013739196563e-05,
  "seed": 727917196,
  "weight_decay": 3.1105685489026455e-08
}