{
  "beta_1": 0.3975697538768979,
  "beta_2": 0.26112415577103215,
  "epsilon": 4.2574866547587257e-07,
  "lr": 1.8663737881986497e-05,
  "seed": 1669254808,
  "weight_decay": 3.0856443174520386e-08
}