{
  "beta_1": 0.5566870092722923,
  "beta_2": 0.5167440901273285,
  "epsilon": 8.957602736758614e-05,
  "lr": 0.0009556427682800494,
  "seed": 512287383,
  "weight_decay": 2.8125266187054004e-07
}