{
  "beta_1": 0.3030651115908077,
  "beta_2": 0.47303013103975,
  "epsilon": 5.739351683816648e-07,
  "lr": 0.0008220647686991292,
  "seed": 679433787.1226864,
  "weight_decay": 1.6002344216606995e-08
}