{
  "beta_1": 0.7845113525615329,
  "beta_2": 0.1472201004169254,
  "epsilon": 5.616560674388677e-08,
  "lr": 0.0045044873520496,
  "seed": 895068936,
  "weight_decay": 1.8691854414371627e-08
}