{
  "beta_1": 0.41343190783247963,
  "beta_2": 0.5687677229189317,
  "epsilon": 2.0974233395277917e-05,
  "lr": 2.184879252384506e-06,
  "seed": 51434107,
  "weight_decay": 1.0228136799549586e-06
}