{
  "beta_1": 0.8925672856356298,
  "beta_2": 0.32485451690896777,
  "epsilon": 1.4118301128067943e-08,
  "lr": 0.0028071159863044463,
  "seed": 1597094391,
  "weight_decay": 0.000513292660308937
}