{
  "beta_1": 0.43043017817593454,
  "beta_2": 0.5481200168154983,
  "epsilon": 4.0519267573810866e-08,
  "lr": 0.0031712201818752156,
  "seed": 280173737,
  "weight_decay": 1.8427625563663266e-07
}