{
  "beta_1": 0.5225434939233425,
  "beta_2": 0.3887783039530258,
  "epsilon": 0.0006641730008990043,
  "lr": 1.0748086080860624e-05,
  "seed": 88718345,
  "weight_decay": 4.012839782628399e-08
}