{
  "beta_1": 0.24380436125173693,
  "beta_2": 0.929263768994837,
  "epsilon": 1.8598263885286848e-08,
  "lr": 0.0006079403025581711,
  "seed": 117966624,
  "weight_decay": 2.1683713993191306e-06
}