{
  "beta_1": 0.8449888195542851,
  "beta_2": 0.3472778775155655,
  "epsilon": 0.0002067700439533202,
  "lr": 0.0071553616727424735,
  "seed": 1518649333,
  "weight_decay": 0.002250067842161606
}