{
  "beta_1": 0.4154695774599745,
  "beta_2": 0.3419187944356571,
  "epsilon": 2.6032432098650877e-07,
  "lr": 0.006876111830937076,
  "seed": 866494353.96067,
  "weight_decay": 7.482033079242918e-05
}