{
  "beta_1": 0.317413087373009,
  "beta_2": 0.4655345623963948,
  "epsilon": 3.0309940343658242e-06,
  "lr": 7.453499200800558e-05,
  "seed": 185693273,
  "weight_decay": 0.001008518805035877
}