{
  "beta_1": 0.7052067535543374,
  "beta_2": 0.5125393114198239,
  "epsilon": 3.3636026258622036e-07,
  "lr": 1.9472592436419206e-06,
  "seed": 107682790,
  "weight_decay": 2.5888067669412754e-06
}