{
  "beta_1": 0.1487791532707617,
  "beta_2": 0.4274098880026497,
  "epsilon": 2.1873676133267935e-10,
  "lr": 1.6616346612235087e-05,
  "seed": 790082799.6857597,
  "weight_decay": 0.0003919996035245719
}