{
  "beta_1": 0.6090993632829612,
  "beta_2": 0.5362092714909672,
  "epsilon": 1.144550544420381e-06,
  "lr": 4.737597884235194e-06,
  "seed": 431957038,
  "weight_decay": 4.451139073650662e-06
}