{
  "beta_1": 0.5395616811031937,
  "beta_2": 0.5149459384603932,
  "epsilon": 2.651926099910812e-09,
  "lr": 2.296875585762086e-06,
  "seed": 1846939805.9452639,
  "weight_decay": 1.5300780584085818e-06
}