{
  "beta_1": 0.6290210637022158,
  "beta_2": 0.8372780253688866,
  "epsilon": 1.074149482855734e-09,
  "lr": 0.0009895836941649127,
  "seed": 1405824410.589689,
  "weight_decay": 9.30377754220323e-06
}