{
  "beta_1": 0.38563427105035064,
  "beta_2": 0.5487505292599909,
  "epsilon": 0.0005217048420842562,
  "lr": 1.5656285638717012e-05,
  "seed": 1119787235.1970234,
  "weight_decay": 1.019970488724942e-06
}