{
  "beta_1": 0.9520363923909829,
  "beta_2": 0.7844890494440471,
  "epsilon": 1.6689235086373468e-10,
  "lr": 5.302283985260938e-05,
  "seed": 190702032,
  "weight_decay": 4.028165387712786e-05
}