{
  "beta_1": 0.34281183757979133,
  "beta_2": 0.5433203119727579,
  "epsilon": 4.739400007512042e-09,
  "lr": 0.0002475964499482377,
  "seed": 844049504,
  "weight_decay": 6.438373922581923e-05
}