{
  "beta_1": 0.6435691262601866,
  "beta_2": 0.2117086648724647,
  "epsilon": 2.0382884315623518e-05,
  "lr": 0.0017924421193237232,
  "seed": 1042137985,
  "weight_decay": 6.020614623792678e-08
}