{
  "beta_1": 0.49310537740424953,
  "beta_2": 0.21653186675706462,
  "epsilon": 0.0001744219227290606,
  "lr": 0.02876061391603471,
  "seed": 1987077898,
  "weight_decay": 1.3805848750782852e-06
}