{
  "beta_1": 0.22462107390913438,
  "beta_2": 0.4465818586627337,
  "epsilon": 0.0005902408705938854,
  "lr": 0.009079746744676785,
  "seed": 1360444929,
  "weight_decay": 0.00018372592900178946
}