{
  "beta_1": 0.9736892579861987,
  "beta_2": 0.40334474365116746,
  "epsilon": 0.0004261146720670403,
  "lr": 0.0007216978302451382,
  "seed": 1514417224,
  "weight_decay": 8.134385329269642e-08
}