{
  "beta_1": 0.14081663107426717,
  "beta_2": 0.4550616121501706,
  "epsilon": 4.3941635933518244e-08,
  "lr": 0.0014275336654354567,
  "seed": 2045411186.604732,
  "weight_decay": 5.171327185623043e-05
}