{
  "beta_1": 0.686158954255114,
  "beta_2": 0.7982920914435364,
  "epsilon": 5.235414661661949e-06,
  "lr": 2.5989241810006134e-06,
  "seed": 289883281,
  "weight_decay": 9.071850518585736e-06
}