{
  "beta_1": 0.2527214262696502,
  "beta_2": 0.628131793808894,
  "epsilon": 4.264986942479073e-07,
  "lr": 8.146730842018968e-06,
  "seed": 1541059588,
  "weight_decay": 5.048840544413579e-05
}