{
  "beta_1": 0.4209833417005584,
  "beta_2": 0.7944770605788265,
  "epsilon": 0.0005006443396188685,
  "lr": 3.2461978479366895e-06,
  "seed": 491954453,
  "weight_decay": 2.4027040971834832e-06
}