{
  "beta_1": 0.15432254035543644,
  "beta_2": 0.3082401478718139,
  "epsilon": 0.0007450449631424611,
  "lr": 0.0006141083010690482,
  "seed": 1639821365,
  "weight_decay": 1.1035366280623978e-07
}