{
  "beta1": 0.9382178558880334,
  "beta2": 0.7307694611929466,
  "epsilon": 1.3630707132236611e-05,
  "lr": 0.0015174785599653524,
  "seed": 864103735,
  "weight_decay": 5.114239384166655e-06,
  "x_beta1": -0.7397411218792467,
  "x_beta2": 0.9812089783603131
}