{
  "beta1": 0.9965416506965656,
  "beta2": 0.9920410979329497,
  "epsilon": 5.122418801403615e-05,
  "lr": 0.0002774868086086105,
  "seed": 1112250308,
  "weight_decay": 0.0008603310417756601,
  "x_beta1": 4.719243713074825,
  "x_beta2": 5.678238353851575
}