{
  "beta_1": 0.5135392743916681,
  "beta_2": 0.5765639443987798,
  "epsilon": 8.418494307055124e-09,
  "lr": 0.00022765089717586494,
  "seed": 1220280886,
  "weight_decay": 0.00111875717439632
}