{
  "beta_1": 0.46412795151036423,
  "beta_2": 0.8318747197693105,
  "epsilon": 1.2120708989100608e-08,
  "lr": 0.0008276719525623932,
  "seed": 1593202681,
  "weight_decay": 1.3791949686960864e-05
}