{
  "beta_1": 0.7445159371643931,
  "beta_2": 0.5831308613754345,
  "epsilon": 7.793968326836239e-09,
  "lr": 0.00045103049142292,
  "seed": 1900526795.0310209,
  "weight_decay": 0.007370702579506471
}