{
  "beta_1": 0.6020706521604621,
  "beta_2": 0.9465832729343083,
  "epsilon": 8.343409889711113e-10,
  "lr": 0.0007429007504673214,
  "seed": 1270799208.124466,
  "weight_decay": 5.070147529512272e-08
}