{
  "beta_1": 0.24719706792983936,
  "beta_2": 0.5527650627348688,
  "epsilon": 4.642337329087481e-06,
  "lr": 6.383722205142491e-05,
  "seed": 1977454793,
  "weight_decay": 0.0017686568405639127
}