{
  "beta_1": 0.22733619736533212,
  "beta_2": 0.3874222754919788,
  "epsilon": 1.21044840514939e-08,
  "lr": 0.0004192211346267686,
  "seed": 1044813789,
  "weight_decay": 0.00030567671839474154
}