{
  "beta_1": 0.9586086017215796,
  "beta_2": 0.8047422070592641,
  "epsilon": 1.866074480983686e-08,
  "lr": 0.0025146418935321248,
  "seed": 657995583,
  "weight_decay": 2.5762688585795678e-05
}