{
  "beta_1": 0.4673459512428929,
  "beta_2": 0.731493909709695,
  "epsilon": 2.2528156574976614e-08,
  "lr": 0.003943111365175423,
  "seed": 674507574.3986536,
  "weight_decay": 1.4453557977284365e-06
}