{
  "beta_1": 0.6815347425888053,
  "beta_2": 0.3964001098601898,
  "epsilon": 1.0690524723910778e-07,
  "lr": 0.00017509960836913617,
  "seed": 364626695,
  "weight_decay": 4.787951401552245e-07
}