{
  "beta_1": 0.5716091339962885,
  "beta_2": 0.7512658916405254,
  "epsilon": 1.2611479424246603e-06,
  "lr": 0.0004096230250909772,
  "seed": 824719941.6223857,
  "weight_decay": 1.0787807799924363e-06
}