{
  "beta_1": 0.34791876870219196,
  "beta_2": 0.3783066889986708,
  "epsilon": 0.0001644222165629145,
  "lr": 0.00041796083879600525,
  "seed": 875368771,
  "weight_decay": 0.003172720457029468
}