{
  "beta_1": 0.28801073985773373,
  "beta_2": 0.227848751886353,
  "epsilon": 0.00016932786887216008,
  "lr": 6.628139672741309e-06,
  "seed": 1490338056,
  "weight_decay": 0.0007970128902773691
}