{
  "beta_1": 0.693139791576152,
  "beta_2": 0.566408059862467,
  "epsilon": 2.416013800621703e-07,
  "lr": 2.7916838333167712e-05,
  "seed": 2035679507.0648797,
  "weight_decay": 0.001361079989194163
}