{
  "beta_1": 0.7584308965013324,
  "beta_2": 0.7240105586115051,
  "epsilon": 6.591792082932872e-10,
  "lr": 0.0017559148203326396,
  "seed": 461849188.8086017,
  "weight_decay": 0.00012263543098371495
}