{
  "beta_1": 0.9002965246320588,
  "beta_2": 0.7007645078625845,
  "epsilon": 1.307967261246857e-10,
  "lr": 0.0021141632657517137,
  "seed": 944799271,
  "weight_decay": 5.662387838525819e-06
}