{
  "beta_1": 0.5107830223710168,
  "beta_2": 0.13312996350527576,
  "epsilon": 2.8198529497776123e-07,
  "lr": 0.0006903506693822503,
  "seed": 1065642829,
  "weight_decay": 0.00036050923550883895
}