{
  "beta_1": 0.8972592524803269,
  "beta_2": 0.8724270328544119,
  "epsilon": 9.157473488623078e-10,
  "lr": 1.2475929319634782e-05,
  "seed": 286040176,
  "weight_decay": 4.482268446810272e-06
}