{
  "beta_1": 0.7967151176475592,
  "beta_2": 0.9542894622610681,
  "epsilon": 1.5693392256412829e-07,
  "lr": 2.3214464678836472e-06,
  "seed": 1707717917,
  "weight_decay": 1.3496439645394921e-05
}