{
  "beta1": 0.9989899082727839,
  "beta2": 0.11982410514603509,
  "epsilon": 1.4135015536577267e-06,
  "lr": 0.012244388812788123,
  "seed": 1638296285,
  "weight_decay": 6.7338051715895e-07,
  "x_beta1": 11.397311087189982,
  "x_beta2": -3.793109519056202
}