{
  "beta_1": 0.1646446679640442,
  "beta_2": 0.7537104820830834,
  "epsilon": 1.6871866040882081e-06,
  "lr": 4.45568358702912e-05,
  "seed": 425485912,
  "weight_decay": 1.2598007068426671e-06
}