{
  "beta_1": 0.6286192798650413,
  "beta_2": 0.6686030092175601,
  "epsilon": 2.6594123915344786e-10,
  "lr": 9.77446134448096e-05,
  "seed": 1602412454.4751134,
  "weight_decay": 2.2800967032492397e-07
}