{
  "beta_1": 0.5391376021973701,
  "beta_2": 0.852704462884253,
  "epsilon": 0.00015044096301664064,
  "lr": 0.0048932177787989715,
  "seed": 1913029283,
  "weight_decay": 0.0036127130643361597
}