{
  "beta_1": 0.6518720628061255,
  "beta_2": 0.678281448032165,
  "epsilon": 2.120082252774027e-05,
  "lr": 0.00011483514553820309,
  "seed": 167592674,
  "weight_decay": 1.352373617791118e-08
}