{
  "beta_1": 0.850201104483336,
  "beta_2": 0.8788906220940259,
  "epsilon": 1.7412364206713774e-07,
  "lr": 0.01974612714860741,
  "seed": 1471916605,
  "weight_decay": 4.150018180754333e-05
}