{
  "beta_1": 0.5257933547188114,
  "beta_2": 0.29800615218168214,
  "epsilon": 0.00024221369277242124,
  "lr": 0.00034681819262160095,
  "seed": 1560360650,
  "weight_decay": 2.6605596992293526e-08
}