{
  "beta_1": 0.7542531090441089,
  "beta_2": 0.9858903365530949,
  "epsilon": 0.00033842591680088364,
  "lr": 2.8412883583767058e-06,
  "seed": 1078467544,
  "weight_decay": 4.970042621142014e-05
}