{
  "beta_1": 0.9876589146730561,
  "beta_2": 0.7572480606922796,
  "epsilon": 3.33028347179476e-10,
  "lr": 4.428281573854785e-06,
  "seed": 120628937.08538428,
  "weight_decay": 3.105439552361763e-08
}