{
  "beta_1": 0.385833430198379,
  "beta_2": 0.3056636357221406,
  "epsilon": 6.375478356222578e-09,
  "lr": 9.304389264106764e-05,
  "seed": 1702603987.3153048,
  "weight_decay": 1.0605574364432625e-05
}