{
  "beta_1": 0.9720265949449279,
  "beta_2": 0.9009504025091439,
  "epsilon": 0.00012977543788617512,
  "lr": 0.0017998905013741195,
  "seed": 696909156.2801026,
  "weight_decay": 5.669071610632012e-07
}