{
  "beta_1": 0.45308274691283124,
  "beta_2": 0.2564994954427898,
  "epsilon": 2.0445397475515865e-10,
  "lr": 1.5547792437246243e-05,
  "seed": 1731443461,
  "weight_decay": 7.647144420654756e-05
}