{
  "beta_1": 0.5077544818642409,
  "beta_2": 0.3413023986232887,
  "epsilon": 1.086980759245849e-08,
  "lr": 7.143307340689834e-06,
  "seed": 1864471579.8499408,
  "weight_decay": 0.0007151814947407608
}