{
  "beta_1": 0.2923940604493843,
  "beta_2": 0.9427584251007576,
  "epsilon": 2.5809675737735323e-08,
  "lr": 0.00029336192677006966,
  "seed": 957498808,
  "weight_decay": 3.5020759677001556e-05
}