{
  "beta_1": 0.21772848240415882,
  "beta_2": 0.8243707857799882,
  "epsilon": 0.0006663683166667937,
  "lr": 1.1496627086310321e-06,
  "seed": 198564282,
  "weight_decay": 8.273518701280099e-06
}