{
  "beta_1": 0.9899566347713714,
  "beta_2": 0.3106005731417274,
  "epsilon": 4.885080628716688e-07,
  "lr": 5.7171392131830335e-05,
  "seed": 316170037,
  "weight_decay": 1.2317542602786852e-05
}