{
  "beta_1": 0.9264952511648452,
  "beta_2": 0.8841995846681996,
  "epsilon": 2.464331270651336e-09,
  "lr": 0.00011809573550296971,
  "seed": 198696832.6382371,
  "weight_decay": 0.0001868030314495232
}