{
  "beta_1": 0.6201463603784079,
  "beta_2": 0.9769717985891484,
  "epsilon": 3.37903272129706e-07,
  "lr": 0.006617178363843382,
  "seed": 33297687.29821812,
  "weight_decay": 4.89138094385314e-08
}