{
  "beta_1": 0.7395977169510557,
  "beta_2": 0.33106836447012267,
  "epsilon": 4.433852127031579e-08,
  "lr": 0.0649296048070871,
  "seed": 957824817,
  "weight_decay": 0.00016506355028075278
}