{
  "beta1": 0.126237406348424,
  "beta2": 0.1000100151817581,
  "epsilon": 3.75315613914953e-08,
  "lr": 8.209537889576232e-05,
  "seed": 1889025518,
  "weight_decay": 2.1515884133718506e-08,
  "x_beta1": -2.242865574380436,
  "x_beta2": -10.9496886510758
}