{
  "beta_1": 0.4865335234280055,
  "beta_2": 0.7216903236844322,
  "epsilon": 2.1017852422118247e-07,
  "lr": 0.0037052014211868944,
  "seed": 1898070818,
  "weight_decay": 3.3785563625251215e-07
}