{
  "beta_1": 0.9409942736212925,
  "beta_2": 0.8432192956874125,
  "epsilon": 1.4103107410836563e-06,
  "lr": 3.8925803573032616e-05,
  "seed": 58330548,
  "weight_decay": 9.034258064550615e-06
}