{
  "beta_1": 0.5090221804849729,
  "beta_2": 0.6527463125254499,
  "epsilon": 9.292888787735863e-08,
  "lr": 0.0007997641018515952,
  "seed": 973679965,
  "weight_decay": 0.0001864056082241947
}