{
  "beta1": 0.10013213617797467,
  "beta2": 0.1244764781649703,
  "epsilon": 5.7579178248857185e-06,
  "lr": 7.030648864780855e-05,
  "seed": 408384093,
  "weight_decay": 7.325842889752332e-06,
  "x_beta1": 9.24437542063257,
  "x_beta2": -4.292394255270278
}