{
  "beta_1": 0.5151735786168763,
  "beta_2": 0.9715395145539554,
  "epsilon": 1.2038081315369313e-07,
  "lr": 0.00046675472344680495,
  "seed": 340828286.356208,
  "weight_decay": 3.155672950124311e-06
}