{
  "beta_1": 0.7049370986323226,
  "beta_2": 0.8573163703993238,
  "epsilon": 7.97920741291564e-09,
  "lr": 5.895764636457207e-06,
  "seed": 462355184.7899362,
  "weight_decay": 1.353037558567485e-06
}