{
  "beta_1": 0.27366031254981543,
  "beta_2": 0.29039546988862586,
  "epsilon": 0.00013353742596454598,
  "lr": 6.954359270206875e-05,
  "seed": 1499281981,
  "weight_decay": 6.64283290478676e-08
}