{
  "beta_1": 0.990126366811609,
  "beta_2": 0.8658521494796668,
  "epsilon": 0.00023102949600803562,
  "lr": 0.0002139678749916511,
  "seed": 175120485,
  "weight_decay": 2.5438195986719998e-06
}