{
  "beta_1": 0.5140708090092749,
  "beta_2": 0.24150904013740787,
  "epsilon": 9.344952103660324e-07,
  "lr": 7.610698343650667e-06,
  "seed": 1465056140.7918456,
  "weight_decay": 3.8438344774970305e-07
}