{
  "beta_1": 0.13160425309788754,
  "beta_2": 0.5422096320477113,
  "epsilon": 2.2905032104032973e-06,
  "lr": 0.001170804558175254,
  "seed": 709993738,
  "weight_decay": 3.847489709487821e-07
}