{
  "beta_1": 0.5293049828329757,
  "beta_2": 0.5315129894583718,
  "epsilon": 1.4398096679641882e-07,
  "lr": 1.1386307193281661e-06,
  "seed": 334581960,
  "weight_decay": 2.921872722917525e-05
}