{
  "beta_1": 0.425550340498954,
  "beta_2": 0.6464885027459167,
  "epsilon": 3.420340737764813e-07,
  "lr": 0.0005978757350629138,
  "seed": 1396895301.854143,
  "weight_decay": 5.700292812302289e-07
}