{
  "beta_1": 0.7312257740333314,
  "beta_2": 0.39164158043670105,
  "epsilon": 0.00022760318151773806,
  "lr": 0.010626234124480181,
  "seed": 831252475,
  "weight_decay": 3.916877799558339e-06
}