{
  "beta_1": 0.5584298335036859,
  "beta_2": 0.923551941009808,
  "epsilon": 1.4296046182547408e-08,
  "lr": 0.0037481124579207517,
  "seed": 1282209123,
  "weight_decay": 1.2476232863345657e-07
}