{
  "beta_1": 0.11812925000627325,
  "beta_2": 0.3950180077785297,
  "epsilon": 4.6004044814070945e-07,
  "lr": 0.0007732629237635765,
  "seed": 224867904.4068589,
  "weight_decay": 2.4584598890138562e-08
}