{
  "beta_1": 0.1839025942277229,
  "beta_2": 0.22255527327151023,
  "epsilon": 1.025803228828985e-09,
  "lr": 7.365871430287071e-06,
  "seed": 1617401221,
  "weight_decay": 0.0049391339418926195
}