{
  "beta1": 0.10015222002344819,
  "beta2": 0.30951560956633395,
  "epsilon": 8.194217910157828e-07,
  "lr": 0.0008684432531995726,
  "seed": 1374825508,
  "weight_decay": 4.1610454382179495e-05,
  "x_beta1": 8.411959369923286,
  "x_beta2": -1.4309403417650812
}