{
  "beta_1": 0.7910842796059979,
  "beta_2": 0.47342906113000116,
  "epsilon": 0.0002108629375798195,
  "lr": 2.4889664128303043e-05,
  "seed": 1729851016,
  "weight_decay": 1.7037755949143005e-08
}