{
  "beta_1": 0.6150889253721558,
  "beta_2": 0.5545451487535495,
  "epsilon": 1.1958898201571192e-07,
  "lr": 0.0028328091047534745,
  "seed": 434171004.4608914,
  "weight_decay": 1.1707735901132555e-06
}