{
  "beta_1": 0.26229227903834806,
  "beta_2": 0.16686192191450339,
  "epsilon": 0.0008492318702202806,
  "lr": 0.0005351347227746854,
  "seed": 1489818823,
  "weight_decay": 2.279027262234235e-06
}