{
  "beta_1": 0.5387699378894721,
  "beta_2": 0.1815948793224572,
  "epsilon": 6.674932725876089e-07,
  "lr": 0.00023289397625642007,
  "seed": 1156573903.4470553,
  "weight_decay": 3.355057268338932e-07
}