{
  "beta_1": 0.9638104121226043,
  "beta_2": 0.41530908522986454,
  "epsilon": 2.5307799061323118e-06,
  "lr": 2.9704557246860803e-05,
  "seed": 425485912,
  "weight_decay": 1.2598007068426671e-06
}