{
  "beta1": 0.12295106276853764,
  "beta2": 0.10003343153171348,
  "epsilon": 7.387402705920102e-09,
  "lr": 1.2086683296257538e-05,
  "seed": 1019174053,
  "weight_decay": 2.3504012300449302e-07,
  "x_beta1": -3.642057710363856,
  "x_beta2": -10.200502256144677
}