{
  "beta_1": 0.8524527500347617,
  "beta_2": 0.9090195710928309,
  "epsilon": 0.0004665755343177618,
  "lr": 0.00024544257453195734,
  "seed": 116552794.81107225,
  "weight_decay": 3.5704894224209794e-08
}