{
  "beta_1": 0.6198633520604815,
  "beta_2": 0.2398982016024555,
  "epsilon": 3.989156771950856e-05,
  "lr": 0.0023290572970802092,
  "seed": 96379715,
  "weight_decay": 0.0002637648722736353
}