{
  "beta_1": 0.6164383225253153,
  "beta_2": 0.9002427031405495,
  "epsilon": 4.582731891787267e-06,
  "lr": 0.0010237380476091488,
  "seed": 1937710886,
  "weight_decay": 0.000266132988786071
}