{
  "beta_1": 0.15414302965991783,
  "beta_2": 0.8832274110758496,
  "epsilon": 1.2312506743898756e-09,
  "lr": 0.0018273121165542582,
  "seed": 86547080.21683615,
  "weight_decay": 2.345699938511805e-07
}