{
  "beta_1": 0.8876870767612878,
  "beta_2": 0.7993348826879202,
  "epsilon": 2.3874208769260803e-06,
  "lr": 1.1943388190420383e-06,
  "seed": 1707416117,
  "weight_decay": 0.000426546713949157
}