{
  "beta_1": 0.3945165633965033,
  "beta_2": 0.3720599103553238,
  "epsilon": 0.0006211724426572332,
  "lr": 0.00779718305575912,
  "seed": 16554445,
  "weight_decay": 0.003732240316087553
}