{
  "beta_1": 0.3771971673434894,
  "beta_2": 0.6671791241500402,
  "epsilon": 1.5226802305366557e-05,
  "lr": 0.017343988626506518,
  "seed": 139270160,
  "weight_decay": 4.944876520888414e-07
}