{
  "beta_1": 0.9210039572291405,
  "beta_2": 0.5032374160411873,
  "epsilon": 7.4369361955791905e-09,
  "lr": 0.004142612454542044,
  "seed": 2132936825,
  "weight_decay": 4.224007115355299e-06
}