{
  "beta_1": 0.7105646364286854,
  "beta_2": 0.1722558764930768,
  "epsilon": 1.7265484383178864e-06,
  "lr": 2.6481641267799766e-05,
  "seed": 459148722,
  "weight_decay": 2.8539997997118688e-05
}