{
  "beta_1": 0.7465051928073856,
  "beta_2": 0.4047629242694022,
  "epsilon": 1.0932036940184855e-06,
  "lr": 1.189886902927683e-06,
  "seed": 85307360.82385851,
  "weight_decay": 2.0413607493548944e-07
}