{
  "beta_1": 0.10348544474898666,
  "beta_2": 0.6222134508599892,
  "epsilon": 1.318728405750976e-05,
  "lr": 7.44585637501854e-05,
  "seed": 846946314,
  "weight_decay": 6.0993486213621194e-05
}