{
  "beta_1": 0.16627749556588517,
  "beta_2": 0.2688938211176455,
  "epsilon": 1.195482763460906e-10,
  "lr": 0.00044276249951658773,
  "seed": 869273548.9081316,
  "weight_decay": 0.0029412353046903575
}