{
  "beta_1": 0.8929244346921114,
  "beta_2": 0.9929017682753537,
  "epsilon": 3.569072205964689e-06,
  "lr": 1.2430842225487504e-05,
  "seed": 661482959,
  "weight_decay": 0.00669437556747761
}