{
  "beta_1": 0.700491161414914,
  "beta_2": 0.5762631316883683,
  "epsilon": 0.00038202411677448593,
  "lr": 0.002519391592668954,
  "seed": 2046040495,
  "weight_decay": 0.0005242973834212437
}