{
  "beta1": 0.5844034131535563,
  "beta2": 0.8950040969446832,
  "epsilon": 1.8228708685193527e-06,
  "lr": 7.529042393653373e-06,
  "seed": 260676448,
  "weight_decay": 1.7113635758122382e-07,
  "x_beta1": 0.1195100853000663,
  "x_beta2": 1.036993950263167
}