{
  "beta_1": 0.5222818868655231,
  "beta_2": 0.9005188155291437,
  "epsilon": 7.331297916712877e-08,
  "lr": 0.0003889965006254071,
  "seed": 761672896.5959184,
  "weight_decay": 1.154108559320026e-07
}