{
  "beta_1": 0.2442638223375028,
  "beta_2": 0.8607250039034618,
  "epsilon": 0.0004284691300727153,
  "lr": 0.0490700243413389,
  "seed": 567391812,
  "weight_decay": 4.246745826524504e-05
}