{
  "beta_1": 0.45297112910037696,
  "beta_2": 0.1852768193271476,
  "epsilon": 6.510273108106796e-08,
  "lr": 0.04606542359656146,
  "seed": 356889473.6921604,
  "weight_decay": 7.129853363085125e-05
}