{
  "beta_1": 0.33997542030170386,
  "beta_2": 0.3997146343995555,
  "epsilon": 6.092276852373847e-05,
  "lr": 5.888985363849293e-06,
  "seed": 261808149,
  "weight_decay": 3.610081325684903e-08
}