{
  "beta1": 0.10008070524883969,
  "beta2": 0.10070195216719453,
  "epsilon": 4.773093340975511e-07,
  "lr": 6.849016532697425e-06,
  "seed": 1148319013,
  "weight_decay": 3.061880390119482e-08,
  "x_beta1": -7.45451593810686,
  "x_beta2": -5.7243146586479785
}