{
  "beta_1": 0.27501102227938246,
  "beta_2": 0.9315488527485034,
  "epsilon": 4.388783683546358e-06,
  "lr": 0.01741430937413075,
  "seed": 199278415,
  "weight_decay": 1.2424518734361187e-05
}