{
  "beta_1": 0.23169122694739927,
  "beta_2": 0.12838474709952127,
  "epsilon": 1.8931700467731926e-05,
  "lr": 0.012238646075335707,
  "seed": 2056740047.3158605,
  "weight_decay": 0.0006667934106572164
}