{
  "beta_1": 0.9687103202051865,
  "beta_2": 0.7664171926406594,
  "epsilon": 7.414161573360376e-05,
  "lr": 0.002774746163229943,
  "seed": 2093527316.6324003,
  "weight_decay": 1.5194261077471822e-05
}