{
  "beta_1": 0.7848734395961534,
  "beta_2": 0.7492901049976071,
  "epsilon": 2.4603379390311376e-07,
  "lr": 0.0015327828241866034,
  "seed": 821555846,
  "weight_decay": 0.0005483162231678838
}