{
  "beta_1": 0.8445304069199776,
  "beta_2": 0.8278179957923646,
  "epsilon": 0.0006062137376259138,
  "lr": 0.0054890205699552625,
  "seed": 1448207594.5869937,
  "weight_decay": 0.0013355070429449298
}