{
  "beta_1": 0.1383231532121168,
  "beta_2": 0.33411622206595504,
  "epsilon": 4.154388693566453e-05,
  "lr": 0.0001087012137618132,
  "seed": 1918174424,
  "weight_decay": 0.0005841052530727086
}