{
  "beta_1": 0.5798818964835158,
  "beta_2": 0.8023372415474658,
  "epsilon": 1.3242861695098418e-09,
  "lr": 0.00020216905339001516,
  "seed": 2146822727.005448,
  "weight_decay": 1.2076370065210036e-05
}