{
  "beta_1": 0.7091232868715182,
  "beta_2": 0.33494197453989205,
  "epsilon": 0.00024794988311758846,
  "lr": 3.86312893227241e-06,
  "seed": 460826006,
  "weight_decay": 0.00016644339596324343
}