{
  "beta_1": 0.370492740156364,
  "beta_2": 0.11141730631662723,
  "epsilon": 0.00020969075715372294,
  "lr": 0.013260583611825855,
  "seed": 1750279057,
  "weight_decay": 0.002600378431500841
}