{
  "beta_1": 0.19450039050857845,
  "beta_2": 0.6331275683410048,
  "epsilon": 1.3945309321418747e-07,
  "lr": 0.002115876149879305,
  "seed": 1823953745,
  "weight_decay": 0.0026361241629744405
}