{
  "beta_1": 0.4919433069478404,
  "beta_2": 0.9604015210904041,
  "epsilon": 2.01967160545317e-06,
  "lr": 0.0002787654144320671,
  "seed": 265808309.08674464,
  "weight_decay": 8.965808978824052e-05
}