{
  "beta_1": 0.40659500505986357,
  "beta_2": 0.29491839574118905,
  "epsilon": 7.537351213556105e-08,
  "lr": 4.4881377327579856e-06,
  "seed": 1707392921,
  "weight_decay": 1.0019788703866791e-06
}