{
  "beta1": 0.9982419836343592,
  "beta2": 0.23212810993297342,
  "epsilon": 3.261283310439684e-05,
  "lr": 0.03639620447974716,
  "seed": 1001555490,
  "weight_decay": 1.3992014334206827e-08,
  "x_beta1": 7.077489804545545,
  "x_beta2": -1.7597206891650714
}