{
  "beta_1": 0.9975745254441829,
  "beta_2": 0.9838163401440032,
  "epsilon": 3.6259388976076282e-06,
  "lr": 0.025456260727210876,
  "seed": 1710984339,
  "weight_decay": 7.109956392120256e-08
}