{
  "beta_1": 0.3204560468908927,
  "beta_2": 0.5175374638033853,
  "epsilon": 1.1495846254800496e-06,
  "lr": 6.769177734198895e-05,
  "seed": 1546516391,
  "weight_decay": 2.2327986192819818e-07
}