{
  "beta_1": 0.6063985742842132,
  "beta_2": 0.903820464221994,
  "epsilon": 9.276525247803936e-06,
  "lr": 0.040373914113200536,
  "seed": 956694306,
  "weight_decay": 2.8387178795201085e-06
}