{
  "beta_1": 0.2753804203789497,
  "beta_2": 0.7359551879880758,
  "epsilon": 1.5783368957585165e-05,
  "lr": 0.0003225088459170459,
  "seed": 1170688876,
  "weight_decay": 7.70847273026809e-05
}