{
  "beta_1": 0.9443565181980205,
  "beta_2": 0.8864062103497042,
  "epsilon": 1.6090226941868265e-09,
  "lr": 0.04180472901996015,
  "seed": 1770398851,
  "weight_decay": 1.4361393081964217e-05
}