{
  "beta_1": 0.5337135047398655,
  "beta_2": 0.3257369412192051,
  "epsilon": 1.5560210254601612e-05,
  "lr": 0.010974850480852501,
  "seed": 1494624913,
  "weight_decay": 4.375527028140136e-06
}