{
  "beta_1": 0.4234041236001487,
  "beta_2": 0.3080879516613803,
  "epsilon": 2.5936285715256494e-05,
  "lr": 6.108456088434348e-06,
  "seed": 1573714513.457549,
  "weight_decay": 0.00019951007309583808
}