{
  "beta_1": 0.7692110232820022,
  "beta_2": 0.9720382484488364,
  "epsilon": 2.781310857592188e-10,
  "lr": 0.0005229582568713607,
  "seed": 599105559.7072656,
  "weight_decay": 2.8396995461529482e-05
}