{
  "beta_1": 0.5367379554759553,
  "beta_2": 0.5417165807945492,
  "epsilon": 1.9980051466477413e-06,
  "lr": 1.265228026203569e-05,
  "seed": 7730201.659753549,
  "weight_decay": 7.212753869315372e-05
}