{
  "beta_1": 0.1300947898447121,
  "beta_2": 0.42912733237384804,
  "epsilon": 7.570483692960027e-05,
  "lr": 1.0981191375385416e-06,
  "seed": 162804725,
  "weight_decay": 3.7623667151935214e-06
}