{
  "beta_1": 0.3068967940234705,
  "beta_2": 0.707902900347548,
  "epsilon": 1.4303139117537016e-06,
  "lr": 0.0025005671398609674,
  "seed": 2025417083,
  "weight_decay": 0.0007011134430775721
}