{
  "beta_1": 0.9918722158065544,
  "beta_2": 0.9991148638253803,
  "epsilon": 2.926747907546839e-10,
  "lr": 0.0003165160385574344,
  "seed": 546189478,
  "weight_decay": 5.293496160380103e-06
}