{
  "beta1": 0.126237406348424,
  "beta2": 0.1000100151817581,
  "epsilon": 3.909537644947427e-08,
  "lr": 5.701067978872384e-05,
  "seed": 1889025518,
  "weight_decay": 2.2412379305956778e-08,
  "x_beta1": -3.504477459969431,
  "x_beta2": -11.405925678203959
}