{
  "beta_1": 0.6149198904876476,
  "beta_2": 0.9429308976626191,
  "epsilon": 1.1178525398204652e-05,
  "lr": 0.00032946292349856184,
  "seed": 1486335162,
  "weight_decay": 2.1026480384303844e-05
}