{
  "beta_1": 0.22232181281949182,
  "beta_2": 0.10970805641898176,
  "epsilon": 3.451764362047371e-05,
  "lr": 0.001660556211373975,
  "seed": 150750856,
  "weight_decay": 0.0037771121734138436
}