{
  "beta_1": 0.347273585564139,
  "beta_2": 0.5546633415956651,
  "epsilon": 3.429869996735992e-10,
  "lr": 0.0037579586845582777,
  "seed": 1592625825,
  "weight_decay": 0.00033005884576909673
}