{
  "beta_1": 0.6615604849720832,
  "beta_2": 0.594516854619161,
  "epsilon": 2.4941080476867684e-06,
  "lr": 0.0027765363884791174,
  "seed": 2035879367,
  "weight_decay": 6.937602389228853e-08
}