{
  "beta_1": 0.4367368151008342,
  "beta_2": 0.5424018126714015,
  "epsilon": 4.66202784541548e-08,
  "lr": 0.0001427555556377646,
  "seed": 1889169276,
  "weight_decay": 1.785665658305227e-08
}