{
  "beta_1": 0.16506321619786218,
  "beta_2": 0.27056529527320994,
  "epsilon": 0.0005352745721712112,
  "lr": 0.0070049669621495125,
  "seed": 1652797923,
  "weight_decay": 0.000400423238020239
}