{
  "beta_1": 0.2727389535333674,
  "beta_2": 0.8114988978731345,
  "epsilon": 9.65050654614006e-06,
  "lr": 0.002537543996193075,
  "seed": 1204228095,
  "weight_decay": 0.0043764823455776465
}