{
  "beta_1": 0.16960338993707474,
  "beta_2": 0.7637644836449556,
  "epsilon": 2.692682478707968e-09,
  "lr": 0.0003241624765025684,
  "seed": 152696692.04453856,
  "weight_decay": 0.0008809625407148968
}