{
  "beta_1": 0.6077734833694057,
  "beta_2": 0.36193175183247017,
  "epsilon": 1.268932205503853e-09,
  "lr": 5.292916337844936e-05,
  "seed": 2145025043.5420005,
  "weight_decay": 1.0743351926915066e-08
}