{
  "beta_1": 0.48802380243951204,
  "beta_2": 0.29754513820175543,
  "epsilon": 4.668840813024536e-06,
  "lr": 7.4487598644416335e-06,
  "seed": 195342363,
  "weight_decay": 2.9140377498882308e-08
}