{
  "beta1": 0.10043163873843682,
  "beta2": 0.9997440996211845,
  "epsilon": 3.4355557290985057e-06,
  "lr": 0.00011575636253708821,
  "seed": 677261997,
  "weight_decay": 3.1897384180844876e-07,
  "x_beta1": -7.640969081304601,
  "x_beta2": 8.66064846219871
}