{
  "beta_1": 0.7801545152931987,
  "beta_2": 0.16963007339461922,
  "epsilon": 3.6090621197360337e-09,
  "lr": 0.00544237178549344,
  "seed": 927293545.3624096,
  "weight_decay": 0.005002837739223362
}