{
  "beta_1": 0.12493188892592444,
  "beta_2": 0.5234383836836664,
  "epsilon": 7.616268496969708e-08,
  "lr": 0.0010875163351086964,
  "seed": 191908309,
  "weight_decay": 1.341353634747883e-07
}