{
  "beta1": 0.10375770965769886,
  "beta2": 0.10120397989138402,
  "epsilon": 0.000559915320330472,
  "lr": 4.866028202714086e-06,
  "seed": 1222693921,
  "weight_decay": 0.0024840769374861633,
  "x_beta1": -5.473284758890461,
  "x_beta2": -6.615312200917402
}