{
  "beta_1": 0.24104378232143944,
  "beta_2": 0.5676197577919063,
  "epsilon": 8.867897703244495e-08,
  "lr": 9.243994423321816e-05,
  "seed": 212223045,
  "weight_decay": 1.6502726110240214e-06
}