{
  "beta_1": 0.7548545014814532,
  "beta_2": 0.19673991892499912,
  "epsilon": 7.764026840784545e-10,
  "lr": 0.019390304699595795,
  "seed": 847234553.3080587,
  "weight_decay": 1.3439856728503686e-07
}