{
  "beta_1": 0.7090944968876512,
  "beta_2": 0.9681197204355477,
  "epsilon": 6.837086694084761e-06,
  "lr": 0.0003747698145265743,
  "seed": 1059229492,
  "weight_decay": 4.164081905341375e-08
}