{
  "beta_1": 0.290544510214303,
  "beta_2": 0.40924578908777065,
  "epsilon": 4.935060702553428e-05,
  "lr": 0.09940008575128136,
  "seed": 1248864147.8518393,
  "weight_decay": 7.249385959582878e-06
}