{
  "beta_1": 0.7237050791532841,
  "beta_2": 0.4066830698866579,
  "epsilon": 1.461353227278096e-10,
  "lr": 0.0003643519736549987,
  "seed": 1885244355,
  "weight_decay": 3.0160707709609807e-05
}