{
  "beta_1": 0.3353318971258137,
  "beta_2": 0.34467931656815787,
  "epsilon": 4.443395396623786e-09,
  "lr": 2.7318383337586818e-06,
  "seed": 233565640,
  "weight_decay": 9.943494286520533e-08
}