{
  "beta1": 0.9904072151755302,
  "beta2": 0.722432755114507,
  "epsilon": 0.0005501147281552597,
  "lr": 0.0016124106193081307,
  "seed": 2046040495,
  "weight_decay": 0.000503325488084394,
  "x_beta1": 4.455125784960341,
  "x_beta2": -9.206491463546802
}