{
  "beta_1": 0.8673549800206578,
  "beta_2": 0.9143505871438556,
  "epsilon": 1.4690637972977053e-08,
  "lr": 0.0030191352107739188,
  "seed": 504757644,
  "weight_decay": 3.7822926036940767e-07
}