{
  "beta_1": 0.27714515619754565,
  "beta_2": 0.5127384780982065,
  "epsilon": 6.541927668520909e-10,
  "lr": 0.000438213080178913,
  "seed": 881135355,
  "weight_decay": 0.00085240332452807
}