{
  "beta_1": 0.5502762602403376,
  "beta_2": 0.5954574926715039,
  "epsilon": 2.6816849718678252e-08,
  "lr": 4.1695237139565925e-05,
  "seed": 1185528243,
  "weight_decay": 0.000517136484666227
}