{
  "beta_1": 0.6983053803520449,
  "beta_2": 0.7287228075538179,
  "epsilon": 2.794749135378139e-10,
  "lr": 0.0007185884444283165,
  "seed": 1568266574.7504659,
  "weight_decay": 4.6983283408231776e-08
}