{
  "beta_1": 0.8297509940859806,
  "beta_2": 0.33291213821028426,
  "epsilon": 5.715073700652516e-10,
  "lr": 0.00011697343165447633,
  "seed": 360546389,
  "weight_decay": 7.732810203615619e-07
}