{
  "beta_1": 0.5554538020225487,
  "beta_2": 0.49782276870611575,
  "epsilon": 7.659423722370908e-05,
  "lr": 0.000887796328962838,
  "seed": 106502903.38757342,
  "weight_decay": 0.00024713092968147246
}