{
  "beta_1": 0.6884078507003145,
  "beta_2": 0.36752531636952845,
  "epsilon": 4.64739478285157e-07,
  "lr": 0.00037338725076933545,
  "seed": 1447763397.758931,
  "weight_decay": 4.072134782405747e-08
}