{
  "beta_1": 0.6790015939457599,
  "beta_2": 0.28652425933589837,
  "epsilon": 1.1265732350478426e-07,
  "lr": 0.06050418808752092,
  "seed": 1498487738.9225368,
  "weight_decay": 1.5113136010214392e-05
}