{
  "beta_1": 0.42723103942116214,
  "beta_2": 0.8338340312836062,
  "epsilon": 2.8633144767995973e-05,
  "lr": 0.0018841082639636942,
  "seed": 1796757118.3937228,
  "weight_decay": 3.1581240139576764e-05
}