{
  "beta_1": 0.8976604201574847,
  "beta_2": 0.4778452815555474,
  "epsilon": 2.7738163813686917e-05,
  "lr": 1.7194598944606595e-06,
  "seed": 1943427675,
  "weight_decay": 0.003593206511782791
}