{
  "beta_1": 0.8254943809065349,
  "beta_2": 0.28289415945053253,
  "epsilon": 4.3299208616103135e-08,
  "lr": 0.046010104220760344,
  "seed": 15358480,
  "weight_decay": 0.0001097187527306775
}