{
  "beta_1": 0.5775985638574728,
  "beta_2": 0.1963332185147741,
  "epsilon": 1.0251432937083214e-08,
  "lr": 0.05444776167009344,
  "seed": 1554641844.9026737,
  "weight_decay": 4.455855603446039e-05
}