{
  "beta_1": 0.1399436951999789,
  "beta_2": 0.3612445607606437,
  "epsilon": 3.9203478169718906e-05,
  "lr": 0.08746017925545839,
  "seed": 1352166126,
  "weight_decay": 1.899001089461892e-08
}