{
  "beta_1": 0.654045346927795,
  "beta_2": 0.9560821471711586,
  "epsilon": 3.386129813681693e-08,
  "lr": 0.0012882639157906987,
  "seed": 545426338.735369,
  "weight_decay": 7.393708924483167e-08
}