{
  "beta_1": 0.5952829564614076,
  "beta_2": 0.6619345121835692,
  "epsilon": 9.216894645361235e-08,
  "lr": 1.8646263338231254e-05,
  "seed": 661482959,
  "weight_decay": 0.00020388033621754063
}