{
  "beta_1": 0.9055117779745029,
  "beta_2": 0.5370403174347681,
  "epsilon": 9.431932485852021e-06,
  "lr": 0.0024321511736684048,
  "seed": 1616847972.4232252,
  "weight_decay": 0.001825317170723498
}