{
  "beta_1": 0.7501470416219654,
  "beta_2": 0.176482029699227,
  "epsilon": 2.2275519142425567e-10,
  "lr": 0.035258419987755606,
  "seed": 1944231330,
  "weight_decay": 2.1019279617701156e-08
}