{
  "beta_1": 0.8578883257442873,
  "beta_2": 0.5109283282019002,
  "epsilon": 1.631925133160053e-05,
  "lr": 0.00011914286846270588,
  "seed": 1839304478,
  "weight_decay": 0.0011641687773161291
}