{
  "beta_1": 0.11292449681090597,
  "beta_2": 0.5769168820323738,
  "epsilon": 5.329754158972428e-09,
  "lr": 1.1988565596301605e-06,
  "seed": 1481779457,
  "weight_decay": 0.007209587201357237
}