{
  "beta_1": 0.13913574905282397,
  "beta_2": 0.547973182085627,
  "epsilon": 0.0007363637498137842,
  "lr": 0.0018030255922876646,
  "seed": 127794531.58828671,
  "weight_decay": 8.377346237249775e-05
}