{
  "beta_1": 0.8810672524547503,
  "beta_2": 0.8710704985147103,
  "epsilon": 2.8509317257347067e-09,
  "lr": 0.00932876936674701,
  "seed": 378961011.6447813,
  "weight_decay": 4.3116988056694424e-05
}