{
  "beta_1": 0.8120644173033119,
  "beta_2": 0.4051686675581513,
  "epsilon": 3.152950390986633e-08,
  "lr": 3.895280375028483e-06,
  "seed": 961899426,
  "weight_decay": 0.003047875586177805
}