{
  "beta_1": 0.82324236678588,
  "beta_2": 0.9755697330301115,
  "epsilon": 2.144651416495598e-10,
  "lr": 1.953698539663633e-06,
  "seed": 2000644111,
  "weight_decay": 1.7845337124182562e-07
}