{
  "beta_1": 0.17500541125500596,
  "beta_2": 0.46306658802595835,
  "epsilon": 2.329241289937761e-09,
  "lr": 0.0014830743659654145,
  "seed": 1691104448,
  "weight_decay": 0.0005074221390095299
}