{
  "beta_1": 0.3558986601279961,
  "beta_2": 0.21301116397042053,
  "epsilon": 0.00046521632969863776,
  "lr": 0.058370729313099404,
  "seed": 1350028977,
  "weight_decay": 0.00025259097175843464
}