{
  "beta_1": 0.12685778345113397,
  "beta_2": 0.4960136048534247,
  "epsilon": 3.000825112644424e-09,
  "lr": 1.3704879860219757e-05,
  "seed": 922898403,
  "weight_decay": 0.0017198110666504008
}