{
  "beta_1": 0.6955973598334815,
  "beta_2": 0.7181721971433103,
  "epsilon": 5.306666777821793e-06,
  "lr": 0.004863447609412965,
  "seed": 1294126543.9827492,
  "weight_decay": 0.003808697413036844
}