{
  "beta1": 0.10001113027366706,
  "beta2": 0.10017900673553559,
  "epsilon": 1.0130145601416882e-09,
  "lr": 0.0014161470588155394,
  "seed": 78583292,
  "weight_decay": 0.0012729837561550842,
  "x_beta1": -13.559228615315757,
  "x_beta2": -6.817933242349624
}