{
  "beta_1": 0.3009930555930952,
  "beta_2": 0.13670831069487685,
  "epsilon": 4.59128185529591e-05,
  "lr": 1.0443071095410417e-05,
  "seed": 82322155,
  "weight_decay": 1.3524374967572011e-06
}