{
  "beta_1": 0.1956050810662136,
  "beta_2": 0.41623638158930143,
  "epsilon": 1.761918622117921e-08,
  "lr": 0.009622603699983006,
  "seed": 1190903341,
  "weight_decay": 7.071874920205742e-06
}