{
  "beta_1": 0.2622060070649895,
  "beta_2": 0.2500874955444301,
  "epsilon": 4.422919585169135e-08,
  "lr": 1.1118832030252434e-05,
  "seed": 1523805925,
  "weight_decay": 6.282026249390691e-05
}