{
  "beta_1": 0.9483186263237805,
  "beta_2": 0.3994527023687233,
  "epsilon": 7.5224206419957025e-06,
  "lr": 0.030383139221116157,
  "seed": 1996191592,
  "weight_decay": 8.135595325072716e-06
}