{
  "beta_1": 0.5325689811151983,
  "beta_2": 0.9164106445418649,
  "epsilon": 1.4713053047523175e-06,
  "lr": 8.917877253606258e-05,
  "seed": 576345759,
  "weight_decay": 0.00013327028676409088
}