{
  "beta_1": 0.695220380840981,
  "beta_2": 0.9115123172694553,
  "epsilon": 2.3088117979886867e-06,
  "lr": 0.002557782436080718,
  "seed": 1001825632.0681893,
  "weight_decay": 1.5462809039621577e-08
}