{
  "beta_1": 0.6949867759863675,
  "beta_2": 0.548948840902469,
  "epsilon": 3.332431876245713e-09,
  "lr": 0.001970110099884768,
  "seed": 1922719478.9424188,
  "weight_decay": 0.0033120029160526093
}