{
  "beta_1": 0.589127848672572,
  "beta_2": 0.13127211079190915,
  "epsilon": 3.2602421001651854e-06,
  "lr": 0.0002720015057612385,
  "seed": 1855436499.03404,
  "weight_decay": 2.475819515358854e-05
}