{
  "beta_1": 0.19217776533041794,
  "beta_2": 0.7026561040011553,
  "epsilon": 2.1040889676207648e-08,
  "lr": 0.0014383153983414223,
  "seed": 198801717,
  "weight_decay": 1.3589120961295473e-07
}