{
  "beta1": 0.9989411971536931,
  "beta2": 0.5351602183410924,
  "epsilon": 4.8568779232338605e-08,
  "lr": 0.010286417277488278,
  "seed": 351517622,
  "weight_decay": 0.0012512616405741365,
  "x_beta1": 9.63478264182917,
  "x_beta2": -0.06576335831017843
}