{
  "beta_1": 0.5357509763346073,
  "beta_2": 0.9174155690139713,
  "epsilon": 2.239776894267685e-09,
  "lr": 0.0005634355723450428,
  "seed": 330043116,
  "weight_decay": 9.491466131012843e-06
}