{
  "beta_1": 0.2991957665276116,
  "beta_2": 0.7487121915578469,
  "epsilon": 3.22836521450395e-07,
  "lr": 0.000617672048577594,
  "seed": 1602415921,
  "weight_decay": 2.6423276016288504e-05
}