{
  "beta_1": 0.6316107469295651,
  "beta_2": 0.8618275923722509,
  "epsilon": 1.6693678348444193e-07,
  "lr": 0.0008173032614024756,
  "seed": 1400864894.3967636,
  "weight_decay": 7.717615427703234e-06
}