{
  "beta_1": 0.6889881190515467,
  "beta_2": 0.6151184393847738,
  "epsilon": 2.339823129676179e-10,
  "lr": 2.0089036198713136e-06,
  "seed": 741714155.9330348,
  "weight_decay": 2.0475379346593565e-08
}