{
  "beta_1": 0.9524869426160495,
  "beta_2": 0.2386915377661841,
  "epsilon": 9.929150459517728e-06,
  "lr": 0.0015795814414149391,
  "seed": 959993184.2422045,
  "weight_decay": 0.009553934427219862
}