{
  "beta1": 0.9989983427191428,
  "beta2": 0.10000141507044273,
  "epsilon": 2.4718662823451526e-09,
  "lr": 0.004090535513664679,
  "seed": 321699267,
  "weight_decay": 0.0011430742253346956,
  "x_beta1": 13.20385824847172,
  "x_beta2": -13.362858039840155
}