{
  "beta_1": 0.5478478488245315,
  "beta_2": 0.479346672479921,
  "epsilon": 1.048267711514525e-05,
  "lr": 0.0004955213250612473,
  "seed": 1175823401,
  "weight_decay": 0.0030987404736247367
}