{
  "beta_1": 0.4584826574931702,
  "beta_2": 0.9553183249874124,
  "epsilon": 1.7138875406842014e-06,
  "lr": 0.06414772199920989,
  "seed": 1966539296,
  "weight_decay": 4.2842214644970543e-07
}