{
  "beta_1": 0.3297199864549245,
  "beta_2": 0.358304753680984,
  "epsilon": 1.7438424804790796e-06,
  "lr": 0.0012224939151698655,
  "seed": 1062036950.4860368,
  "weight_decay": 0.005151696249161287
}