{
  "beta_1": 0.634365994847276,
  "beta_2": 0.7687927278730495,
  "epsilon": 2.003079699987838e-08,
  "lr": 1.052698338695138e-05,
  "seed": 856697929,
  "weight_decay": 5.453196430831822e-07
}