{
  "beta_1": 0.19360653711043968,
  "beta_2": 0.9420745611955903,
  "epsilon": 5.161369078234398e-09,
  "lr": 0.00019737683360112907,
  "seed": 2139184216,
  "weight_decay": 2.2866237998822287e-06
}