{
  "beta_1": 0.6038988430991905,
  "beta_2": 0.6389045495100466,
  "epsilon": 2.5432612271295817e-05,
  "lr": 2.092286714151668e-05,
  "seed": 613238647,
  "weight_decay": 0.0006045735218225873
}