{
  "beta_1": 0.16729437429050986,
  "beta_2": 0.15903966495681665,
  "epsilon": 4.341322214534631e-10,
  "lr": 7.776179909621479e-05,
  "seed": 1440636266,
  "weight_decay": 8.16920840550563e-06
}