{
  "beta_1": 0.11023410053019528,
  "beta_2": 0.6110374493731463,
  "epsilon": 2.1291357040352684e-07,
  "lr": 0.016095609862905674,
  "seed": 1970330645,
  "weight_decay": 1.4449399480265736e-05
}