{
  "beta_1": 0.15670240577881614,
  "beta_2": 0.12429593081210656,
  "epsilon": 1.1272272501169464e-10,
  "lr": 0.0064621382536620645,
  "seed": 1544033786,
  "weight_decay": 0.00040661989050298097
}