{
  "beta_1": 0.8783200223165587,
  "beta_2": 0.1524989376169972,
  "epsilon": 1.3175415197713872e-06,
  "lr": 1.8706484854359058e-05,
  "seed": 592063850,
  "weight_decay": 1.5895442327922527e-07
}