{
  "beta1": 0.4416338429585991,
  "beta2": 0.10014086511731075,
  "epsilon": 2.2759994644725622e-05,
  "lr": 0.0006504806535332132,
  "seed": 1412825408,
  "weight_decay": 2.040801098835414e-05,
  "x_beta1": -0.4894828685554078,
  "x_beta2": -8.762079560866745
}