{
  "beta_1": 0.899056936580282,
  "beta_2": 0.30653109436800696,
  "epsilon": 1.3475780246009695e-10,
  "lr": 0.00014854928173640308,
  "seed": 1885940312,
  "weight_decay": 3.19802232665259e-06
}