{
  "beta_1": 0.3493496250602022,
  "beta_2": 0.3812192529073364,
  "epsilon": 1.2194483447770822e-08,
  "lr": 0.00026400860527245947,
  "seed": 1996002826,
  "weight_decay": 2.554564308873161e-08
}