{
  "beta_1": 0.24489671172265406,
  "beta_2": 0.4853606375342693,
  "epsilon": 1.4339785980748027e-05,
  "lr": 2.7357206504912817e-06,
  "seed": 1046637660.9421091,
  "weight_decay": 1.1627692215421135e-07
}