{
  "beta_1": 0.13042531132894153,
  "beta_2": 0.6253440257592401,
  "epsilon": 2.3093239157131484e-05,
  "lr": 0.04547835043325231,
  "seed": 1814547263,
  "weight_decay": 6.6027797761555915e-06
}