{
  "beta_1": 0.3826533994321437,
  "beta_2": 0.36671300046785926,
  "epsilon": 7.764402070586104e-09,
  "lr": 0.03139825614046742,
  "seed": 379963015.81077594,
  "weight_decay": 0.002376058561867484
}