{
  "beta_1": 0.6731861665377532,
  "beta_2": 0.1777596084088055,
  "epsilon": 4.857020528966577e-07,
  "lr": 0.011825983076632797,
  "seed": 104167178,
  "weight_decay": 1.3362266173793298e-07
}