{
  "beta_1": 0.978237830202871,
  "beta_2": 0.5319828422555972,
  "epsilon": 1.92113942276898e-08,
  "lr": 0.006573876065486218,
  "seed": 805731270.8472819,
  "weight_decay": 1.387594626531092e-07
}