{
  "beta_1": 0.2805104458782499,
  "beta_2": 0.6577326750011525,
  "epsilon": 8.946805970502367e-09,
  "lr": 0.00016635398377025409,
  "seed": 297700545.04709065,
  "weight_decay": 0.0001357510483689883
}