{
  "beta_1": 0.11639377622812004,
  "beta_2": 0.39223862993801933,
  "epsilon": 5.402744320755672e-10,
  "lr": 0.0011329176470524316,
  "seed": 78583292,
  "weight_decay": 0.0006789246699493783
}