{
  "beta_1": 0.6969681195371492,
  "beta_2": 0.2619835667006356,
  "epsilon": 4.767508464183068e-07,
  "lr": 9.171201668469381e-05,
  "seed": 538085432,
  "weight_decay": 2.0425551399060154e-06
}