{
  "beta_1": 0.4556919203636637,
  "beta_2": 0.5094820912998552,
  "epsilon": 8.7823023258289e-08,
  "lr": 0.00026495730204356715,
  "seed": 1321235268,
  "weight_decay": 0.0003637566645489388
}