{
  "beta_1": 0.2547944823945645,
  "beta_2": 0.5599570335331159,
  "epsilon": 9.672365103311016e-10,
  "lr": 0.01090446496955334,
  "seed": 393329622,
  "weight_decay": 1.2833101631413448e-06
}