{
  "beta_1": 0.6884684888542243,
  "beta_2": 0.2599967124093516,
  "epsilon": 2.779310516463545e-07,
  "lr": 0.026780974579794895,
  "seed": 1003820751,
  "weight_decay": 4.9809700937734765e-05
}