{
  "beta_1": 0.4916901681428659,
  "beta_2": 0.29520638514740544,
  "epsilon": 4.1312740036973794e-09,
  "lr": 0.001947889642504781,
  "seed": 350587753.628758,
  "weight_decay": 1.9550408321171243e-07
}