{
  "beta_1": 0.7449328931972586,
  "beta_2": 0.6646495836936928,
  "epsilon": 1.9917328408686493e-08,
  "lr": 0.0003229115164126631,
  "seed": 990047675.4236867,
  "weight_decay": 4.560373999431267e-06
}