{
  "beta_1": 0.8552954258084612,
  "beta_2": 0.49028696951390016,
  "epsilon": 3.212448645969195e-06,
  "lr": 0.0007660590516864101,
  "seed": 328884947.88044417,
  "weight_decay": 0.007067162617838013
}