{
  "beta1": 0.108496537166382,
  "beta2": 0.9998983420876942,
  "epsilon": 2.896395899534565e-07,
  "lr": 0.00016465966339552216,
  "seed": 2063123914,
  "weight_decay": 3.317403368935057e-06,
  "x_beta1": -3.7217026424501145,
  "x_beta2": 15.845373502782568
}