{
  "beta_1": 0.2568702013219707,
  "beta_2": 0.6196576710807064,
  "epsilon": 3.1117924631821877e-09,
  "lr": 0.011966392483246567,
  "seed": 1045223750,
  "weight_decay": 1.0272428223469527e-07
}