{
  "beta_1": 0.6225546596899588,
  "beta_2": 0.35621940678350594,
  "epsilon": 1.122647589099971e-08,
  "lr": 2.5742845057607695e-06,
  "seed": 2081027421,
  "weight_decay": 5.627123471701961e-06
}