{
  "beta_1": 0.9726407683310831,
  "beta_2": 0.19311034731644128,
  "epsilon": 2.4565713314260586e-10,
  "lr": 5.365719193069353e-05,
  "seed": 663406640.2458825,
  "weight_decay": 1.8928389804513943e-06
}