{
  "beta_1": 0.9686991917356703,
  "beta_2": 0.557368223322913,
  "epsilon": 1.1816498891553612e-06,
  "lr": 1.4962866305633796e-05,
  "seed": 1288588920,
  "weight_decay": 0.0072158744556725385
}