{
  "beta_1": 0.1336216741197627,
  "beta_2": 0.45432444311426645,
  "epsilon": 6.375478356222598e-09,
  "lr": 1.3890015199669766e-05,
  "seed": 1044153044,
  "weight_decay": 0.0004067407534801462
}