{
  "beta_1": 0.5320812202626021,
  "beta_2": 0.40743636369461045,
  "epsilon": 1.736691020517759e-10,
  "lr": 0.0008831097422407555,
  "seed": 315941744.00637203,
  "weight_decay": 3.1831594893785374e-08
}