{
  "beta_1": 0.864773390128289,
  "beta_2": 0.5323064919315883,
  "epsilon": 1.1525771104658749e-10,
  "lr": 1.9342069922804612e-05,
  "seed": 779129660,
  "weight_decay": 4.628259536285391e-05
}