{
  "beta_1": 0.7447327584696941,
  "beta_2": 0.6573055581161917,
  "epsilon": 1.0939505440995041e-07,
  "lr": 0.022735577677522652,
  "seed": 528646693,
  "weight_decay": 2.1777173640346587e-06
}