{
  "beta_1": 0.12996548056064358,
  "beta_2": 0.39523751130677054,
  "epsilon": 3.3277075684525962e-06,
  "lr": 0.00045012631872962914,
  "seed": 753388995.6869824,
  "weight_decay": 1.2443274789901375e-08
}