{
  "beta_1": 0.9698592038648564,
  "beta_2": 0.5500546032223921,
  "epsilon": 1.1337804870143828e-07,
  "lr": 3.342084923750018e-05,
  "seed": 1027754923,
  "weight_decay": 3.953047539545694e-06
}