{
  "beta_1": 0.663919641232879,
  "beta_2": 0.7760274885463103,
  "epsilon": 2.938012917260728e-05,
  "lr": 0.0039061041433454988,
  "seed": 2065920477.1706598,
  "weight_decay": 3.747708980978024e-06
}