{
  "beta_1": 0.47131559417439084,
  "beta_2": 0.8052712504657523,
  "epsilon": 2.6992058099099727e-07,
  "lr": 0.008686630589862066,
  "seed": 1361910834,
  "weight_decay": 3.284826380421466e-08
}