{
  "beta_1": 0.9757961536044022,
  "beta_2": 0.6806140780234953,
  "epsilon": 9.659678963173422e-08,
  "lr": 0.005534772121977582,
  "seed": 397438110.50839394,
  "weight_decay": 1.1475645756054535e-08
}