{
  "beta_1": 0.16078150264162228,
  "beta_2": 0.5216689550798475,
  "epsilon": 2.8638841199200932e-08,
  "lr": 0.003978038130682188,
  "seed": 400587391.21841186,
  "weight_decay": 0.002652508884109212
}