{
  "beta_1": 0.7590098014334149,
  "beta_2": 0.7826009380295345,
  "epsilon": 4.658086289080643e-10,
  "lr": 2.4457771210130865e-05,
  "seed": 1737332250,
  "weight_decay": 3.283072787930066e-05
}