{
  "beta1": 0.7854293600929741,
  "beta2": 0.15749598613534743,
  "epsilon": 8.565800672491985e-06,
  "lr": 0.0017658372797754846,
  "seed": 1696187483,
  "weight_decay": 5.16600889363116e-05,
  "x_beta1": 1.1660778009390427,
  "x_beta2": -2.6845445865800652
}