{
  "beta_1": 0.6172999224967449,
  "beta_2": 0.98996493214805,
  "epsilon": 3.471531518845247e-07,
  "lr": 0.0014367280403841717,
  "seed": 1319558339,
  "weight_decay": 0.0001046002350289037
}