{
  "beta_1": 0.4453967347810681,
  "beta_2": 0.24320295080814186,
  "epsilon": 5.0832067466441436e-08,
  "lr": 0.0001734564408177891,
  "seed": 2042076223,
  "weight_decay": 0.0009266059835014035
}