{
  "beta_1": 0.2711796372708126,
  "beta_2": 0.3481169715115589,
  "epsilon": 2.0452535034560744e-05,
  "lr": 3.144311790535148e-06,
  "seed": 1131285030,
  "weight_decay": 2.9387224350515676e-08
}