{
  "beta_1": 0.2935611276460288,
  "beta_2": 0.7704398407300964,
  "epsilon": 5.284050510255097e-06,
  "lr": 2.9185316541896193e-06,
  "seed": 101087976,
  "weight_decay": 1.132568936022358e-08
}