{
  "beta_1": 0.5443575023250924,
  "beta_2": 0.7940654082832347,
  "epsilon": 8.244438326801854e-05,
  "lr": 1.2364853610812134e-06,
  "seed": 1878800853,
  "weight_decay": 3.513914346568289e-08
}