{
  "beta_1": 0.7054668212284955,
  "beta_2": 0.8776235936455231,
  "epsilon": 8.300887249783708e-07,
  "lr": 0.0025358264152305333,
  "seed": 1289052255,
  "weight_decay": 4.360822770322755e-06
}