{
  "beta_1": 0.6225181633163236,
  "beta_2": 0.507539964469512,
  "epsilon": 0.0001391546067109904,
  "lr": 0.00040018947426263796,
  "seed": 1536638274,
  "weight_decay": 2.8712064902280106e-05
}