{
  "beta_1": 0.42265499491772546,
  "beta_2": 0.45902467525218876,
  "epsilon": 2.5307799061323118e-06,
  "lr": 0.0019480469286300953,
  "seed": 425485912,
  "weight_decay": 1.2598007068426671e-06
}