{
  "beta_1": 0.6689786902027649,
  "beta_2": 0.5956347643916752,
  "epsilon": 1.5386487487931696e-05,
  "lr": 0.00014426396681750352,
  "seed": 1540582480,
  "weight_decay": 0.0009300703569921129
}