{
  "beta1": 0.9978617788405049,
  "beta2": 0.10327827134254035,
  "epsilon": 0.0006509317344541641,
  "lr": 0.0007374932903939406,
  "seed": 512287383,
  "weight_decay": 3.5156582733817507e-07,
  "x_beta1": 6.670549478014193,
  "x_beta2": -5.611317812179228
}