{
  "beta_1": 0.6715816300987149,
  "beta_2": 0.5993831148279858,
  "epsilon": 1.351007627581707e-08,
  "lr": 0.0028406245537591765,
  "seed": 234544994.4549492,
  "weight_decay": 1.2601995733472335e-05
}