{
  "beta_1": 0.2441895976038004,
  "beta_2": 0.34196792056941955,
  "epsilon": 2.8337863925720073e-08,
  "lr": 0.0009035369581045722,
  "seed": 102959554,
  "weight_decay": 0.0004417478872723729
}