{
  "beta_1": 0.7140194688504256,
  "beta_2": 0.583329096851273,
  "epsilon": 0.00037930327548586323,
  "lr": 1.1747414876524714e-06,
  "seed": 1876097702.039423,
  "weight_decay": 1.2677714737043844e-08
}