{
  "beta_1": 0.14700780557396098,
  "beta_2": 0.8255685371525977,
  "epsilon": 1.867114334209944e-09,
  "lr": 0.00043754481283593354,
  "seed": 1907612608,
  "weight_decay": 4.5786029756881685e-06
}