{
  "beta_1": 0.4364475146690918,
  "beta_2": 0.7680795910100794,
  "epsilon": 5.2517106225474494e-05,
  "lr": 5.2182748350225514e-05,
  "seed": 736104406.47404,
  "weight_decay": 5.603288821277827e-07
}