{
  "beta_1": 0.5008952545795133,
  "beta_2": 0.6300764810956726,
  "epsilon": 2.7494479588941445e-06,
  "lr": 0.09440245272338282,
  "seed": 556905515,
  "weight_decay": 0.002162379319142164
}