{
  "beta_1": 0.21497411783545928,
  "beta_2": 0.23033783242615674,
  "epsilon": 7.439488722819528e-07,
  "lr": 4.9372960665942345e-05,
  "seed": 1367677532,
  "weight_decay": 1.4154938828105936e-05
}