{
  "beta_1": 0.7201133795369559,
  "beta_2": 0.31780695607484694,
  "epsilon": 3.6830231208900854e-08,
  "lr": 5.125723024649099e-06,
  "seed": 451384397.93944186,
  "weight_decay": 0.002803284021652072
}