{
  "beta_1": 0.7906232049368828,
  "beta_2": 0.4241197958021975,
  "epsilon": 0.0005845650268073518,
  "lr": 0.001233205468541288,
  "seed": 1987413488,
  "weight_decay": 3.4912538270953232e-06
}