{
  "beta_1": 0.5996534440684549,
  "beta_2": 0.3407957651208607,
  "epsilon": 1.295525129090997e-06,
  "lr": 2.497717168428765e-05,
  "seed": 635491152,
  "weight_decay": 8.865696319740166e-07
}