{
  "beta_1": 0.3560283547727954,
  "beta_2": 0.4086376552437039,
  "epsilon": 2.0896221474538286e-10,
  "lr": 0.08199603742152246,
  "seed": 1258635325,
  "weight_decay": 1.1916784247028587e-06
}