{
  "beta_1": 0.22517556250594561,
  "beta_2": 0.4450477192723332,
  "epsilon": 9.233322051591254e-06,
  "lr": 0.04372456272266813,
  "seed": 333811017,
  "weight_decay": 1.6634917915260443e-06
}