{
  "beta_1": 0.10314534751637096,
  "beta_2": 0.918876074344335,
  "epsilon": 0.00028388389629435294,
  "lr": 0.00014585546144284378,
  "seed": 1135607517,
  "weight_decay": 1.2038550425384793e-08
}