{
  "beta_1": 0.47954580365934685,
  "beta_2": 0.8644581614154988,
  "epsilon": 8.200323871542466e-08,
  "lr": 0.0008562249815544172,
  "seed": 163373571,
  "weight_decay": 4.771483935306113e-08
}