{
  "beta_1": 0.4595613286696322,
  "beta_2": 0.3309795491363247,
  "epsilon": 4.0136665689175865e-05,
  "lr": 0.0011506523186731378,
  "seed": 198801717,
  "weight_decay": 0.00010426866702640447
}