{
  "beta_1": 0.8635070187209297,
  "beta_2": 0.5918781089473417,
  "epsilon": 1.4212622071830507e-06,
  "lr": 2.1125138021389278e-06,
  "seed": 3536594,
  "weight_decay": 1.0958268079502526e-08
}