{
  "beta_1": 0.28830377963192305,
  "beta_2": 0.7563867144220969,
  "epsilon": 2.44652385668815e-06,
  "lr": 3.1337209439655616e-05,
  "seed": 1301868478,
  "weight_decay": 2.7496744120603693e-08
}