{
  "beta_1": 0.5712790847058062,
  "beta_2": 0.6519044185535796,
  "epsilon": 2.3729826724043526e-06,
  "lr": 0.000581059755340025,
  "seed": 524360046.52943474,
  "weight_decay": 1.2107072003999468e-07
}