{
  "beta_1": 0.677531834902328,
  "beta_2": 0.82317889081566,
  "epsilon": 1.0849226639943247e-10,
  "lr": 0.0003768207321714381,
  "seed": 1815359866.0902302,
  "weight_decay": 0.009410268160531877
}