{
  "beta1": 0.9963908052406496,
  "beta2": 0.9998596589414946,
  "epsilon": 2.307381716117509e-06,
  "lr": 0.00013167173818080826,
  "seed": 1328307326,
  "weight_decay": 1.8891081563609987e-06,
  "x_beta1": 5.8393348320347815,
  "x_beta2": 10.012624323857237
}