{
  "beta_1": 0.7630261515077936,
  "beta_2": 0.7815684149401277,
  "epsilon": 1.5888401571173003e-09,
  "lr": 0.0011812946576947412,
  "seed": 135898178.17727968,
  "weight_decay": 1.1145629390097768e-07
}