{
  "beta_1": 0.41386971822561514,
  "beta_2": 0.6993194606987996,
  "epsilon": 2.9555472003364075e-09,
  "lr": 1.4155265393076094e-06,
  "seed": 17533950,
  "weight_decay": 0.0002469070594793069
}