{
  "beta_1": 0.2525583265551649,
  "beta_2": 0.5277945402283115,
  "epsilon": 4.0586947489718833e-07,
  "lr": 0.00010668336992214934,
  "seed": 437582375,
  "weight_decay": 0.0022611154506279904
}