{
  "beta_1": 0.5635176590875436,
  "beta_2": 0.22261324364214763,
  "epsilon": 8.464851518753316e-06,
  "lr": 0.001152917086571162,
  "seed": 1102505981.433115,
  "weight_decay": 0.0007889466581373605
}