{
  "beta1": 0.10000107028492551,
  "beta2": 0.11654599034381172,
  "epsilon": 6.247308518344796e-09,
  "lr": 0.0002627986902661218,
  "seed": 2044239969,
  "weight_decay": 0.008117533960506457,
  "x_beta1": -1.9440635421743657,
  "x_beta2": -3.182065792019904
}