{
  "beta_1": 0.4022859354154089,
  "beta_2": 0.37127915807312706,
  "epsilon": 7.314659380485687e-06,
  "lr": 0.03479795249688858,
  "seed": 1135769974.9461846,
  "weight_decay": 7.903095873802389e-06
}