{
  "beta1": 0.10036145756733432,
  "beta2": 0.10000109293026696,
  "epsilon": 9.668399534427384e-06,
  "lr": 5.985322496409811e-06,
  "seed": 1821497161,
  "weight_decay": 0.005518915097950998,
  "x_beta1": -7.818491511069383,
  "x_beta2": -13.621175303036194
}