{
  "beta_1": 0.8380436803011675,
  "beta_2": 0.7232919592487573,
  "epsilon": 1.5516998063340285e-08,
  "lr": 5.903067541752205e-06,
  "seed": 1556156771,
  "weight_decay": 2.4427256208516004e-07
}