{
  "beta_1": 0.4228483043272656,
  "beta_2": 0.7729787391705737,
  "epsilon": 8.924205154465384e-10,
  "lr": 0.03941394855552128,
  "seed": 747708293,
  "weight_decay": 3.459844263909934e-06
}