{
  "beta_1": 0.3221971707922887,
  "beta_2": 0.6250758075803345,
  "epsilon": 6.794930776729187e-08,
  "lr": 0.00106447410453563,
  "seed": 785374497.4119867,
  "weight_decay": 0.005804802245073928
}