{
  "beta_1": 0.9380027960685142,
  "beta_2": 0.7447415377335888,
  "epsilon": 3.5594345432956596e-06,
  "lr": 4.9323144927562175e-05,
  "seed": 2048326579.5637462,
  "weight_decay": 0.002238503497340116
}