{
  "beta1": 0.6841887562578736,
  "beta2": 0.1000205818985661,
  "epsilon": 2.7694516686872472e-05,
  "lr": 5.818917606496685e-06,
  "seed": 528817043,
  "weight_decay": 7.228275369311169e-07,
  "x_beta1": 0.6182509103741847,
  "x_beta2": -10.685604074323578
}