{
  "beta_1": 0.14044423153782276,
  "beta_2": 0.31662952859293525,
  "epsilon": 0.00029927637073007453,
  "lr": 0.00010027056201664705,
  "seed": 1971455246.8897178,
  "weight_decay": 1.8938191751543233e-05
}