{
  "beta_1": 0.6668597823146042,
  "beta_2": 0.931911575419255,
  "epsilon": 4.0466910704129775e-07,
  "lr": 0.0005084194342259305,
  "seed": 1640438245.542236,
  "weight_decay": 0.008985401687362027
}