{
  "beta_1": 0.8311120697826566,
  "beta_2": 0.5550221902015011,
  "epsilon": 6.8526405379935885e-06,
  "lr": 0.0014126698238203879,
  "seed": 1696187483,
  "weight_decay": 2.4696106368547896e-07
}