{
  "beta_1": 0.6513136578343821,
  "beta_2": 0.5518562594007289,
  "epsilon": 8.883628815279399e-10,
  "lr": 0.0027691687603063437,
  "seed": 1640463129.665269,
  "weight_decay": 0.00027784883364771843
}