{
  "beta_1": 0.8979016686076382,
  "beta_2": 0.9017513681087652,
  "epsilon": 0.0003548250211116607,
  "lr": 0.0010271005063924666,
  "seed": 1026409864,
  "weight_decay": 0.0002571923904624892
}