{
  "beta_1": 0.7683381753418043,
  "beta_2": 0.32853580127946097,
  "epsilon": 2.9827634804109917e-09,
  "lr": 1.7891304619339106e-06,
  "seed": 120026648,
  "weight_decay": 1.181121375665627e-06
}