{
  "beta_1": 0.402262531766001,
  "beta_2": 0.4101999178607816,
  "epsilon": 2.483958544412975e-09,
  "lr": 0.035723306490962455,
  "seed": 491777480,
  "weight_decay": 2.62516367280457e-07
}