{
  "beta1": 0.704088755296047,
  "beta2": 0.1031871753733449,
  "epsilon": 1.0299004033911959e-10,
  "lr": 0.0030083594743823563,
  "seed": 1106969271,
  "weight_decay": 2.0414599270458978e-07,
  "x_beta1": 0.7170466873332995,
  "x_beta2": -5.639600598240039
}