{
  "beta_1": 0.1392810741267182,
  "beta_2": 0.812864204964443,
  "epsilon": 8.225231725487811e-05,
  "lr": 0.02237415082206501,
  "seed": 1389454372,
  "weight_decay": 0.008087407077164498
}