{
  "beta_1": 0.39827498479031975,
  "beta_2": 0.8186577215958281,
  "epsilon": 0.00018212692998213802,
  "lr": 0.03310460553537276,
  "seed": 1372513061,
  "weight_decay": 9.244995525749113e-07
}