{
  "beta_1": 0.26508935154649016,
  "beta_2": 0.11937857119308981,
  "epsilon": 7.538505801162039e-08,
  "lr": 0.00671854465529858,
  "seed": 2007253457,
  "weight_decay": 2.2193036245346333e-06
}