{
  "beta_1": 0.48871296151298016,
  "beta_2": 0.5669123411537382,
  "epsilon": 1.661406437761843e-10,
  "lr": 0.0006257508630982528,
  "seed": 666516523.6083436,
  "weight_decay": 5.176084428400779e-05
}