{
  "beta_1": 0.9687833477478272,
  "beta_2": 0.7702241932564254,
  "epsilon": 1.6165773207077573e-07,
  "lr": 0.0027141925119465527,
  "seed": 766222462,
  "weight_decay": 0.0001064967224199483
}