{
  "beta_1": 0.571607760969252,
  "beta_2": 0.7727145999751018,
  "epsilon": 1.019216609941691e-06,
  "lr": 0.0001145169629852377,
  "seed": 1803581848.7094324,
  "weight_decay": 0.00029962950123799023
}