{
  "beta_1": 0.6464349593964999,
  "beta_2": 0.49183398119436783,
  "epsilon": 5.867401145695079e-07,
  "lr": 0.0012544675411810763,
  "seed": 217428954.27553204,
  "weight_decay": 0.008223189262286957
}