{
  "beta_1": 0.14859050587444672,
  "beta_2": 0.6470178130008514,
  "epsilon": 2.966239538814183e-09,
  "lr": 0.004908642616397614,
  "seed": 321699267,
  "weight_decay": 0.0009144593802677565
}