{
  "beta_1": 0.23850380705531612,
  "beta_2": 0.31682374912647604,
  "epsilon": 2.5231400486691994e-08,
  "lr": 2.503682781532245e-05,
  "seed": 1189779042,
  "weight_decay": 0.0038135987239169503
}