{
  "beta_1": 0.873718248364741,
  "beta_2": 0.9046969603060505,
  "epsilon": 3.1789088814167755e-10,
  "lr": 8.403502278446427e-05,
  "seed": 1296343104,
  "weight_decay": 0.0017982981996681855
}