{
  "beta_1": 0.9678031821357669,
  "beta_2": 0.9894390312375344,
  "epsilon": 2.980751205275024e-10,
  "lr": 0.0005313398860426203,
  "seed": 444034672.28732085,
  "weight_decay": 0.000537301887173255
}