{
  "beta_1": 0.787309639198192,
  "beta_2": 0.7825427515768698,
  "epsilon": 8.460764430429359e-08,
  "lr": 0.009335026873642424,
  "seed": 1161270423,
  "weight_decay": 0.004396681842081163
}