{
  "beta_1": 0.7286089288406098,
  "beta_2": 0.4523421360718062,
  "epsilon": 3.352742726820229e-09,
  "lr": 4.644725874388999e-06,
  "seed": 961462936,
  "weight_decay": 3.7483416145564415e-07
}