{
  "beta_1": 0.28886273482246283,
  "beta_2": 0.5926571400759914,
  "epsilon": 1.7035053539912316e-05,
  "lr": 5.868580589029771e-06,
  "seed": 1069475800,
  "weight_decay": 9.184576163262575e-05
}