{
  "beta_1": 0.43589133505522776,
  "beta_2": 0.3138515395381468,
  "epsilon": 2.49900024036151e-06,
  "lr": 0.003569032833417909,
  "seed": 680510024,
  "weight_decay": 0.0003320686909202234
}