{
  "beta_1": 0.3138699465212402,
  "beta_2": 0.1560836345816265,
  "epsilon": 0.00043142325682537694,
  "lr": 0.0047693753002340895,
  "seed": 1309819382.025214,
  "weight_decay": 4.404132627814535e-06
}