{
  "beta1": 0.9915598492021743,
  "beta2": 0.10044204946377379,
  "epsilon": 5.089668290085206e-10,
  "lr": 0.0039050866095759265,
  "seed": 1631812439,
  "weight_decay": 0.00010540371942495631,
  "x_beta1": 4.786081451034137,
  "x_beta2": -7.618125798875891
}