{
  "beta_1": 0.3512732884309341,
  "beta_2": 0.15418031884916789,
  "epsilon": 1.8798544413429172e-07,
  "lr": 0.0002896695525674497,
  "seed": 899622385,
  "weight_decay": 3.4456531884688212e-06
}