{
  "beta_1": 0.17169676006049878,
  "beta_2": 0.16447201226267327,
  "epsilon": 4.4581451926461664e-08,
  "lr": 0.040485728871668694,
  "seed": 1328047039.8427575,
  "weight_decay": 1.168238031233588e-07
}