{
  "beta_1": 0.30372195863715523,
  "beta_2": 0.5388784327967523,
  "epsilon": 2.2105747399183425e-06,
  "lr": 0.0006338273766082313,
  "seed": 1918954781,
  "weight_decay": 0.0007999654320305781
}