{
  "beta_1": 0.6785711752187873,
  "beta_2": 0.34305491950840294,
  "epsilon": 2.0033930525112966e-06,
  "lr": 0.00635877359781655,
  "seed": 1792214962.6664526,
  "weight_decay": 7.325842889752317e-06
}