{
  "beta_1": 0.8583488819421419,
  "beta_2": 0.8638361579776054,
  "epsilon": 2.092536031361425e-07,
  "lr": 0.00019121066076596398,
  "seed": 79442617.58572999,
  "weight_decay": 4.832711078706248e-05
}