{
  "beta1": 0.9989082879899354,
  "beta2": 0.9997531514030377,
  "epsilon": 8.678278608861903e-11,
  "lr": 0.00014731482436254723,
  "seed": 385398547,
  "weight_decay": 0.004984860613121265,
  "x_beta1": 5.072050720981017,
  "x_beta2": -8.08813705314987
}