{
  "beta_1": 0.5187137975627909,
  "beta_2": 0.33832919894655894,
  "epsilon": 0.00023712452281079706,
  "lr": 3.064496877425785e-05,
  "seed": 325949949,
  "weight_decay": 7.241024159255174e-08
}