{
  "beta_1": 0.36330657904672425,
  "beta_2": 0.24487408622881032,
  "epsilon": 6.3099938225810145e-09,
  "lr": 0.002140866965879443,
  "seed": 359117326.96499157,
  "weight_decay": 1.2955646284503568e-07
}