{
  "beta_1": 0.21134899303997068,
  "beta_2": 0.18236214332484663,
  "epsilon": 8.874587270017536e-09,
  "lr": 4.166935304963224e-05,
  "seed": 1634516358,
  "weight_decay": 4.6047461881703984e-08
}