{
  "beta_1": 0.9840720369698308,
  "beta_2": 0.15983136030693995,
  "epsilon": 5.889221909570812e-06,
  "lr": 1.1808507402395439e-05,
  "seed": 1498683904.751866,
  "weight_decay": 1.1662142847719722e-08
}