{
  "beta_1": 0.7312613968224126,
  "beta_2": 0.24288694739712333,
  "epsilon": 0.00033230022046522274,
  "lr": 0.0007666205817611942,
  "seed": 63202804,
  "weight_decay": 1.7632187887888884e-07
}