{
  "beta_1": 0.8464547700579902,
  "beta_2": 0.6775385191547587,
  "epsilon": 6.381543792470621e-05,
  "lr": 3.054737242062293e-05,
  "seed": 98563493.90537886,
  "weight_decay": 0.004570238790000911
}