{
  "beta_1": 0.32898052636794095,
  "beta_2": 0.7475589500248815,
  "epsilon": 1.3552811924909149e-09,
  "lr": 0.06696478055790672,
  "seed": 1339593142.0181415,
  "weight_decay": 0.006157470823962771
}