{
  "beta_1": 0.8919295541879956,
  "beta_2": 0.2778091091809046,
  "epsilon": 3.109614502039413e-07,
  "lr": 0.01766222873904734,
  "seed": 1838116435,
  "weight_decay": 1.1974379768687794e-07
}