{
  "beta1": 0.9965416506965656,
  "beta2": 0.9920410979329497,
  "epsilon": 7.683628202105422e-05,
  "lr": 0.00018499120573907366,
  "seed": 1112250308,
  "weight_decay": 0.0008603310417756601,
  "x_beta1": 4.719243713074825,
  "x_beta2": -11.560781937148791
}