{
  "beta_1": 0.6292299698366608,
  "beta_2": 0.3103738161592201,
  "epsilon": 2.880824738074701e-10,
  "lr": 0.0182486061990676,
  "seed": 1422870902,
  "weight_decay": 0.0045945971235888785
}