{
  "beta_1": 0.30089421476758416,
  "beta_2": 0.8320140642480349,
  "epsilon": 3.4355557290985057e-06,
  "lr": 0.00011575636253708821,
  "seed": 677261997,
  "weight_decay": 3.1897384180844876e-07
}