{
  "beta_1": 0.44930445093843685,
  "beta_2": 0.7063909465987784,
  "epsilon": 1.2171446349408798e-06,
  "lr": 0.026710489298298414,
  "seed": 900521261.0724508,
  "weight_decay": 8.765778445063677e-06
}