{
  "beta_1": 0.26236881024020553,
  "beta_2": 0.433452740944277,
  "epsilon": 4.798264854071432e-06,
  "lr": 8.788311080976069e-05,
  "seed": 408384093,
  "weight_decay": 0.0006314810734278058
}