{
  "beta_1": 0.9129235117558414,
  "beta_2": 0.8423907361269882,
  "epsilon": 7.016627756646926e-09,
  "lr": 0.00014379957933665995,
  "seed": 1071535091.6085553,
  "weight_decay": 7.976356882434168e-08
}