{
  "beta_1": 0.7450164372581303,
  "beta_2": 0.8803843802050574,
  "epsilon": 1.921195534618866e-06,
  "lr": 0.008484372441348488,
  "seed": 1859302019,
  "weight_decay": 2.509618132672448e-06
}