{
  "beta1": 0.1004881647859524,
  "beta2": 0.997523047359918,
  "epsilon": 3.8324430100156465e-10,
  "lr": 0.004778584267467505,
  "seed": 1221466790,
  "weight_decay": 0.005186591589511977,
  "x_beta1": -7.517842132325115,
  "x_beta2": 5.933819535602611
}