{
  "beta_1": 0.8334088060111158,
  "beta_2": 0.4848483501588273,
  "epsilon": 1.0195787185316657e-07,
  "lr": 0.07602312813409542,
  "seed": 1991529353,
  "weight_decay": 4.939636605117896e-06
}