{
  "beta_1": 0.9672455060956509,
  "beta_2": 0.5726118893386607,
  "epsilon": 1.732113551930412e-06,
  "lr": 1.151216578731427e-05,
  "seed": 985362274,
  "weight_decay": 1.8351658241275388e-08
}