{
  "beta1": 0.9125390172096247,
  "beta2": 0.10000908042511933,
  "epsilon": 2.4640603949807403e-07,
  "lr": 0.004559372433087985,
  "seed": 928562676,
  "weight_decay": 4.50282238000007e-06,
  "x_beta1": 2.240470688062251,
  "x_beta2": -11.503907823662297
}