{
  "beta_1": 0.9808865475107813,
  "beta_2": 0.9787575469892279,
  "epsilon": 1.1468877579760145e-09,
  "lr": 0.0007145183951144731,
  "seed": 399311932.05222344,
  "weight_decay": 2.2554629210193898e-06
}