{
  "beta_1": 0.6557927117428525,
  "beta_2": 0.6245122040240348,
  "epsilon": 1.6046710144256155e-10,
  "lr": 1.0535067494807983e-06,
  "seed": 1800195680,
  "weight_decay": 0.0008152570059451819
}