{
  "beta_1": 0.3317072964239097,
  "beta_2": 0.6718688041511214,
  "epsilon": 0.00012268685120745212,
  "lr": 2.7352356638404167e-05,
  "seed": 1569788233,
  "weight_decay": 0.0003871308703232467
}