{
  "beta_1": 0.24238004632444896,
  "beta_2": 0.2474081323711577,
  "epsilon": 7.800317881696327e-09,
  "lr": 0.0013242017353936079,
  "seed": 1834892477,
  "weight_decay": 0.0009769455015892652
}