{
  "beta_1": 0.7417634809411364,
  "beta_2": 0.8952283308503984,
  "epsilon": 3.830281144494056e-05,
  "lr": 0.00022135659675910283,
  "seed": 509062285,
  "weight_decay": 0.0007239312673804349
}