{
  "beta_1": 0.24185834189590985,
  "beta_2": 0.34088390891379966,
  "epsilon": 1.4290529439261074e-06,
  "lr": 0.007192679927453851,
  "seed": 191633247,
  "weight_decay": 5.958739138561882e-07
}