{
  "beta_1": 0.6443626578695455,
  "beta_2": 0.4616841603205323,
  "epsilon": 1.1995400278248247e-06,
  "lr": 0.0019756994720030317,
  "seed": 97506244,
  "weight_decay": 1.6470100032618405e-08
}