{
  "beta_1": 0.6195150510839974,
  "beta_2": 0.8544206168526325,
  "epsilon": 4.557067010780385e-08,
  "lr": 1.196446485443744e-06,
  "seed": 2134253780.6116598,
  "weight_decay": 4.1976753515537285e-07
}