{
  "beta_1": 0.599888766314715,
  "beta_2": 0.7013928635686424,
  "epsilon": 1.3594881269615925e-08,
  "lr": 0.0008396676064584264,
  "seed": 1887084006.49252,
  "weight_decay": 0.003870417205285994
}