{
  "beta_1": 0.8266777756383547,
  "beta_2": 0.148956711114772,
  "epsilon": 2.1457819396243144e-09,
  "lr": 0.03493644129474768,
  "seed": 522140483,
  "weight_decay": 0.0019363499449096132
}