{
  "beta_1": 0.6794170749657845,
  "beta_2": 0.6160631218118977,
  "epsilon": 2.350415452304725e-05,
  "lr": 0.0015969185511603816,
  "seed": 261808149,
  "weight_decay": 0.004335218352722141
}