{
  "beta_1": 0.7622200266647219,
  "beta_2": 0.9784484493106939,
  "epsilon": 3.688567147345544e-06,
  "lr": 2.8736311507627114e-05,
  "seed": 5555192,
  "weight_decay": 3.7832035531165114e-07
}