{
  "beta_1": 0.6006829760120367,
  "beta_2": 0.8992529541465993,
  "epsilon": 7.556999586576966e-08,
  "lr": 0.0007537005871110227,
  "seed": 387232465.47329247,
  "weight_decay": 0.004632995970541946
}