{
  "beta_1": 0.3013461577915211,
  "beta_2": 0.8970018186165973,
  "epsilon": 1.1367828165969244e-06,
  "lr": 2.2188083246425834e-05,
  "seed": 669458771,
  "weight_decay": 6.710540119469898e-07
}