{
  "beta_1": 0.21012231977805185,
  "beta_2": 0.3809883706409436,
  "epsilon": 4.2429655418697607e-07,
  "lr": 3.780032408202118e-05,
  "seed": 643498554,
  "weight_decay": 2.1010016411184395e-08
}