{
  "beta_1": 0.9728997606693239,
  "beta_2": 0.6455672769541699,
  "epsilon": 6.24191977164597e-08,
  "lr": 9.374990755230265e-05,
  "seed": 227260731,
  "weight_decay": 0.0003674018061054726
}