{
  "beta_1": 0.8509808400017163,
  "beta_2": 0.12797340741692206,
  "epsilon": 2.8294213667213233e-07,
  "lr": 0.021848210845666693,
  "seed": 1717510983,
  "weight_decay": 0.0005299256486478226
}