{
  "beta_1": 0.5068398826086662,
  "beta_2": 0.463042380879656,
  "epsilon": 1.076195781646991e-08,
  "lr": 0.00010143833022332255,
  "seed": 747427908,
  "weight_decay": 6.958936898939417e-08
}