{
  "beta_1": 0.6212611176018746,
  "beta_2": 0.9302445628203125,
  "epsilon": 2.6640254910361593e-05,
  "lr": 0.0002492604031433363,
  "seed": 1453015217,
  "weight_decay": 1.7008132128175953e-06
}