{
  "beta_1": 0.44230519660618084,
  "beta_2": 0.3303476156921449,
  "epsilon": 4.85421070735644e-07,
  "lr": 0.0015269899304824089,
  "seed": 682351414,
  "weight_decay": 0.0007202174330142492
}