{
  "beta_1": 0.5919174350802839,
  "beta_2": 0.10263023781946098,
  "epsilon": 9.490617880832696e-08,
  "lr": 3.382355312000581e-06,
  "seed": 1457111133.789609,
  "weight_decay": 9.98691091531094e-06
}