{
  "beta_1": 0.29263579388928906,
  "beta_2": 0.7655390937794133,
  "epsilon": 5.161352451053513e-09,
  "lr": 1.2365128236434708e-06,
  "seed": 1261249221,
  "weight_decay": 0.00015683463883829708
}