{
  "beta_1": 0.7008363103453521,
  "beta_2": 0.4149844494151871,
  "epsilon": 2.976622225468535e-06,
  "lr": 1.936355621820329e-06,
  "seed": 1856759518.3647978,
  "weight_decay": 1.2704508690453265e-07
}