{
  "beta_1": 0.5373549399888032,
  "beta_2": 0.5809752026356717,
  "epsilon": 5.756341233951941e-09,
  "lr": 0.0011998560871425256,
  "seed": 179683182.65645045,
  "weight_decay": 0.0006691992135644455
}