{
  "beta_1": 0.35639322480790636,
  "beta_2": 0.2012519835165012,
  "epsilon": 1.771801426514958e-09,
  "lr": 0.0003798980866917901,
  "seed": 513402152.55731845,
  "weight_decay": 8.828384137357741e-05
}