{
  "beta_1": 0.7165837133461868,
  "beta_2": 0.8078342743028066,
  "epsilon": 7.212279397206948e-07,
  "lr": 0.0017853772783442913,
  "seed": 1414016807.4722452,
  "weight_decay": 9.044952981486448e-08
}