{
  "beta_1": 0.8354922481646749,
  "beta_2": 0.22052844179903947,
  "epsilon": 2.1038318396897082e-07,
  "lr": 8.972275556081777e-05,
  "seed": 1740027763,
  "weight_decay": 5.289916579243239e-08
}