{
  "beta_1": 0.134578589449418,
  "beta_2": 0.7948254273759627,
  "epsilon": 7.511557878817604e-06,
  "lr": 0.018575312212917677,
  "seed": 1427908177,
  "weight_decay": 8.418428411652506e-08
}