{
  "beta_1": 0.8229869221841114,
  "beta_2": 0.22376684654896534,
  "epsilon": 1.139451519781969e-06,
  "lr": 0.037910496875225005,
  "seed": 961276456,
  "weight_decay": 0.00046216967179098424
}