{
  "beta_1": 0.9877989335764658,
  "beta_2": 0.9554666984677606,
  "epsilon": 2.1530318596769164e-07,
  "lr": 0.0003210552340128355,
  "seed": 72706504.05732778,
  "weight_decay": 4.036500141579214e-07
}