{
  "beta_1": 0.26697316999312093,
  "beta_2": 0.5111137194132683,
  "epsilon": 6.828514925131523e-07,
  "lr": 0.0007972135175101687,
  "seed": 1374825508,
  "weight_decay": 5.2013067977724366e-05
}