{
  "beta_1": 0.41122093547749694,
  "beta_2": 0.6242596121237163,
  "epsilon": 6.220271887475147e-06,
  "lr": 0.0001773366251919845,
  "seed": 981486121,
  "weight_decay": 2.0868422308360424e-06
}