{
  "beta_1": 0.5526481246880112,
  "beta_2": 0.9901051783218605,
  "epsilon": 1.1990481876416377e-10,
  "lr": 1.5732291360058423e-05,
  "seed": 307975709,
  "weight_decay": 5.11362880986961e-08
}