{
  "beta_1": 0.6537580669352306,
  "beta_2": 0.21937126262865825,
  "epsilon": 0.00019481251221773222,
  "lr": 0.0011046791290719447,
  "seed": 1619510240,
  "weight_decay": 6.095852430410704e-06
}