{
  "beta_1": 0.6589949768061505,
  "beta_2": 0.5118535928434965,
  "epsilon": 7.343107516682133e-06,
  "lr": 0.0001595905285912522,
  "seed": 191908309,
  "weight_decay": 1.341353634747883e-07
}