{
  "beta_1": 0.5933822963322115,
  "beta_2": 0.3471281561360298,
  "epsilon": 8.407471477075783e-09,
  "lr": 0.0001509242476337872,
  "seed": 152089466.38219148,
  "weight_decay": 0.0002641877533985976
}