{
  "beta_1": 0.548534065945866,
  "beta_2": 0.8411333683215517,
  "epsilon": 1.593974514503141e-06,
  "lr": 0.0014551429220759956,
  "seed": 267355656.7570696,
  "weight_decay": 5.017280913689334e-05
}