{
  "beta_1": 0.17957151097041313,
  "beta_2": 0.26119240466212545,
  "epsilon": 1.9142342810826224e-07,
  "lr": 5.620464559401254e-06,
  "seed": 994291590,
  "weight_decay": 9.282715641192693e-07
}