{
  "beta_1": 0.7577883556091536,
  "beta_2": 0.22806765862662337,
  "epsilon": 2.6589180310822065e-05,
  "lr": 0.0005014781800996487,
  "seed": 111433813,
  "weight_decay": 7.599385285845326e-08
}