{
  "beta_1": 0.6065685455922593,
  "beta_2": 0.35238554703695646,
  "epsilon": 0.00014527658147010054,
  "lr": 0.040839012953561446,
  "seed": 851607961,
  "weight_decay": 0.0003682769838971709
}