{
  "beta_1": 0.8393485961413951,
  "beta_2": 0.23992462437890763,
  "epsilon": 1.7785430435832052e-06,
  "lr": 1.130937840703347e-06,
  "seed": 1778064095,
  "weight_decay": 6.103271829608934e-07
}