{
  "beta_1": 0.9059799734052019,
  "beta_2": 0.6535593980054342,
  "epsilon": 6.235104860896951e-08,
  "lr": 0.0003366345872907092,
  "seed": 857674277.594141,
  "weight_decay": 7.527586746953049e-07
}