{
  "beta_1": 0.5066022358038585,
  "beta_2": 0.6233013657412765,
  "epsilon": 1.877108913102296e-08,
  "lr": 0.03684986667344259,
  "seed": 793684223,
  "weight_decay": 1.2902642473701358e-06
}