{
  "beta_1": 0.37029042099595844,
  "beta_2": 0.41118384733615,
  "epsilon": 7.944857254209563e-06,
  "lr": 4.4865891749059434e-05,
  "seed": 1761382045.7852793,
  "weight_decay": 0.0011873981324364812
}