{
  "beta_1": 0.8307618048582533,
  "beta_2": 0.9773225939250806,
  "epsilon": 1.1772672274862576e-07,
  "lr": 0.00012870836704449837,
  "seed": 661454668,
  "weight_decay": 0.0005034867785614227
}