{
  "beta_1": 0.43623823658087313,
  "beta_2": 0.8276386755911578,
  "epsilon": 0.00019125766220541666,
  "lr": 0.001601110280764108,
  "seed": 1982779711.109973,
  "weight_decay": 0.0017158470200855478
}