{
  "beta_1": 0.5178271502293683,
  "beta_2": 0.1303777099053051,
  "epsilon": 3.297879716880107e-06,
  "lr": 9.816089316521569e-05,
  "seed": 744839853,
  "weight_decay": 0.0029702318126722197
}