{
  "beta_1": 0.8453018885250179,
  "beta_2": 0.5439893914270467,
  "epsilon": 5.8918367391237765e-06,
  "lr": 0.006562765056940916,
  "seed": 310193659,
  "weight_decay": 0.000858217793688912
}