{
  "beta1": 0.10018172728974707,
  "beta2": 0.9996073509714722,
  "epsilon": 9.65050654614006e-06,
  "lr": 0.002537543996193075,
  "seed": 1204228095,
  "weight_decay": 0.0043764823455776465,
  "x_beta1": -8.50632899384717,
  "x_beta2": 8.030739634250361
}