{
  "beta_1": 0.48023151531033115,
  "beta_2": 0.1440116946133884,
  "epsilon": 7.355966946874919e-08,
  "lr": 0.0005036849116950905,
  "seed": 1113538010,
  "weight_decay": 1.90713670971963e-06
}