{
  "beta_1": 0.8105968244089081,
  "beta_2": 0.677878012729063,
  "epsilon": 3.369676682221105e-05,
  "lr": 0.0006169255931097335,
  "seed": 1072791571,
  "weight_decay": 7.391957585539525e-08
}