{
  "beta_1": 0.8350574253099279,
  "beta_2": 0.7688112950739835,
  "epsilon": 2.183055832705801e-09,
  "lr": 0.0004321413576944386,
  "seed": 286787643.1693301,
  "weight_decay": 6.868732525317913e-05
}