{
  "beta_1": 0.7332738885165528,
  "beta_2": 0.6258175622272864,
  "epsilon": 1.0243043674218401e-05,
  "lr": 0.022865182288259497,
  "seed": 584370832.7538892,
  "weight_decay": 1.0594792045167853e-06
}