{
  "beta_1": 0.9807256703095519,
  "beta_2": 0.4717539430572535,
  "epsilon": 2.58694186392069e-07,
  "lr": 0.00011534469743717221,
  "seed": 1393194592.6074495,
  "weight_decay": 0.005778336277618428
}