{
  "beta_1": 0.7777491000285699,
  "beta_2": 0.4883295572067716,
  "epsilon": 1.1031961304305066e-05,
  "lr": 0.0007029536761037219,
  "seed": 1033253961.9118782,
  "weight_decay": 0.009962876607687325
}