{
  "beta_1": 0.6540044014580717,
  "beta_2": 0.7811382489698233,
  "epsilon": 3.133597363941036e-10,
  "lr": 0.017798973161457093,
  "seed": 2043498523,
  "weight_decay": 0.00017458475438984696
}