{
  "beta_1": 0.8366930949138596,
  "beta_2": 0.9106290410539917,
  "epsilon": 8.134071897051636e-08,
  "lr": 2.076895197114873e-05,
  "seed": 1067509422,
  "weight_decay": 1.2718395294910745e-07
}