{
  "beta_1": 0.7819192984215747,
  "beta_2": 0.5436613037980791,
  "epsilon": 2.043876752054983e-05,
  "lr": 9.535596731613236e-06,
  "seed": 1979809563,
  "weight_decay": 7.650984927694504e-05
}