{
  "beta_1": 0.3103140964929948,
  "beta_2": 0.9692505809518982,
  "epsilon": 0.00023682089491108623,
  "lr": 0.00011326586413565605,
  "seed": 1566462084,
  "weight_decay": 8.718161315476231e-08
}