{
  "beta_1": 0.675046687787969,
  "beta_2": 0.10587639682867796,
  "epsilon": 2.2599427163546197e-07,
  "lr": 0.0007824204550683863,
  "seed": 1451708054,
  "weight_decay": 3.3391014614812897e-06
}