{
  "beta_1": 0.6159016984789262,
  "beta_2": 0.7388514890307009,
  "epsilon": 0.0005151415913641385,
  "lr": 0.0002092281845352319,
  "seed": 1056850864.7314148,
  "weight_decay": 0.00047915467229128924
}