{
  "beta_1": 0.9649832451682407,
  "beta_2": 0.24251226215462401,
  "epsilon": 3.836123928720932e-06,
  "lr": 8.514814611118212e-06,
  "seed": 836207552,
  "weight_decay": 7.994464900568822e-07
}