{
  "beta_1": 0.661904573248825,
  "beta_2": 0.11057941930776358,
  "epsilon": 0.00018622595115964076,
  "lr": 2.8429804005573525e-06,
  "seed": 453336019,
  "weight_decay": 1.940476655857219e-05
}