{
  "beta_1": 0.3019445102798796,
  "beta_2": 0.5163032548817236,
  "epsilon": 0.00027966621452464883,
  "lr": 6.954359270206875e-05,
  "seed": 1499281981,
  "weight_decay": 0.0010028709656775773
}