{
  "beta_1": 0.9853306864606288,
  "beta_2": 0.6117275449328211,
  "epsilon": 3.949500006260035e-09,
  "lr": 0.00030949556243529703,
  "seed": 844049504,
  "weight_decay": 5.3653116021516026e-05
}