{
  "beta_1": 0.547755863198443,
  "beta_2": 0.8046228230320058,
  "epsilon": 5.927325340347462e-10,
  "lr": 0.006591019064929567,
  "seed": 2109146675,
  "weight_decay": 0.009277615227947216
}