{
  "beta_1": 0.18944683113777677,
  "beta_2": 0.3228518962433157,
  "epsilon": 1.0087070042911583e-08,
  "lr": 0.0005240264182834607,
  "seed": 1044813789,
  "weight_decay": 1.2412247787974942e-07
}