{
  "beta_1": 0.8814269110983094,
  "beta_2": 0.47020840575761214,
  "epsilon": 0.0005061690052292091,
  "lr": 5.091425783505648e-05,
  "seed": 1084898536.966316,
  "weight_decay": 3.133817563296707e-07
}