{
  "beta1": 0.9929307669031241,
  "beta2": 0.10000341361906506,
  "epsilon": 2.1369932630517858e-10,
  "lr": 0.1050959176005069,
  "seed": 1461630221,
  "weight_decay": 0.0001409825385684773,
  "x_beta1": 3.993021436240936,
  "x_beta2": -14.978714512532239
}