{
  "beta_1": 0.14735169015511107,
  "beta_2": 0.732774082279693,
  "epsilon": 9.854225970158283e-07,
  "lr": 0.000382779789709586,
  "seed": 1077868359.517536,
  "weight_decay": 0.0036181666730865183
}