{
  "beta_1": 0.6546165133571747,
  "beta_2": 0.7284103012780488,
  "epsilon": 3.737773458869869e-08,
  "lr": 0.00015638401990819155,
  "seed": 473036647,
  "weight_decay": 0.00024140758194637584
}