{
  "beta_1": 0.9262616527827271,
  "beta_2": 0.9984742013813729,
  "epsilon": 4.644014078103309e-08,
  "lr": 0.08441828442575203,
  "seed": 1266842166,
  "weight_decay": 0.00027680444494189893
}