{
  "beta_1": 0.9077889024216922,
  "beta_2": 0.1784923433277474,
  "epsilon": 6.091119083018333e-07,
  "lr": 0.014725052537974181,
  "seed": 1430179093,
  "weight_decay": 1.428015899477342e-08
}