{
  "beta_1": 0.5404816266050576,
  "beta_2": 0.2689239253542177,
  "epsilon": 1.0417246837325077e-09,
  "lr": 2.4297917523954056e-05,
  "seed": 234978731,
  "weight_decay": 1.655428367541885e-08
}