{
  "beta1": 0.10001866130730079,
  "beta2": 0.999886841430834,
  "epsilon": 0.00022192958126552524,
  "lr": 0.00018567912574287942,
  "seed": 1251985516,
  "weight_decay": 0.007747754889080041,
  "x_beta1": -4.933389229815747,
  "x_beta2": 8.906360886926977
}