{
  "beta_1": 0.1815494851351635,
  "beta_2": 0.21932179648640454,
  "epsilon": 1.4474644398930402e-10,
  "lr": 2.1115248498746202e-06,
  "seed": 190217138,
  "weight_decay": 0.004327499528085609
}