{
  "beta_1": 0.8996025377059457,
  "beta_2": 0.32760701822223565,
  "epsilon": 1.6214854660408723e-09,
  "lr": 1.3454218542947575e-05,
  "seed": 112852705.57487382,
  "weight_decay": 0.00011907075193132311
}