{
  "beta_1": 0.7889606641490612,
  "beta_2": 0.32540122056929144,
  "epsilon": 7.001666048847302e-08,
  "lr": 0.0003685030825585756,
  "seed": 1363458910,
  "weight_decay": 0.002424929497987346
}