{
  "beta_1": 0.8426317328766072,
  "beta_2": 0.8641136034643558,
  "epsilon": 0.0003290756206496729,
  "lr": 0.001392921491450075,
  "seed": 645103527.0596535,
  "weight_decay": 2.8210744111425427e-05
}