{
  "beta_1": 0.3665548010308467,
  "beta_2": 0.49790652187663587,
  "epsilon": 0.0007624779019732663,
  "lr": 0.0010384882370552163,
  "seed": 295462328.9031836,
  "weight_decay": 0.0003104077351018974
}