{
  "beta_1": 0.5796341725714909,
  "beta_2": 0.46693538725263495,
  "epsilon": 0.000564979769625261,
  "lr": 0.09175334969344373,
  "seed": 797559437,
  "weight_decay": 7.495503982298318e-06
}