{
  "beta1": 0.6753699877633788,
  "beta2": 0.8944472884263349,
  "epsilon": 1.4077200730089774e-07,
  "lr": 0.005301901805399059,
  "seed": 790416135,
  "weight_decay": 1.7976778568070913e-08,
  "x_beta1": 0.6904948381246704,
  "x_beta2": 1.6155072138253361
}