{
  "beta_1": 0.7271021452865762,
  "beta_2": 0.862844762655303,
  "epsilon": 4.2791624913929217e-07,
  "lr": 0.002034500465804486,
  "seed": 418145617.5983847,
  "weight_decay": 1.7291927982757133e-05
}