{
  "beta_1": 0.3342891146006962,
  "beta_2": 0.4039303313100331,
  "epsilon": 1.7894602891353356e-10,
  "lr": 8.82522527615316e-06,
  "seed": 1538730916,
  "weight_decay": 0.0005186824725966545
}