{
  "beta_1": 0.13397778045270836,
  "beta_2": 0.694392605869284,
  "epsilon": 1.7341061300713866e-09,
  "lr": 0.027431308237003512,
  "seed": 1481402499,
  "weight_decay": 0.0002874046968990353
}