{
  "beta_1": 0.5799143661505575,
  "beta_2": 0.3862039560119136,
  "epsilon": 2.470076831288399e-10,
  "lr": 0.0028452964739341634,
  "seed": 1797922849,
  "weight_decay": 1.1993759534566728e-07
}