{
  "beta_1": 0.764499324881092,
  "beta_2": 0.9588851934564322,
  "epsilon": 1.948981327616512e-09,
  "lr": 0.0015231673249596137,
  "seed": 1419999003.2460399,
  "weight_decay": 0.003881274645294046
}