{
  "beta_1": 0.3797923669872241,
  "beta_2": 0.576643913894351,
  "epsilon": 1.1587151010997833e-05,
  "lr": 0.0018724931373102223,
  "seed": 952817970.2765095,
  "weight_decay": 0.0007891414049636895
}