{
  "beta_1": 0.5698855022906766,
  "beta_2": 0.31095931782056174,
  "epsilon": 7.051996378830841e-10,
  "lr": 0.002063874865027221,
  "seed": 1406978102.6706328,
  "weight_decay": 3.1149206907865623e-06
}