{
  "beta_1": 0.23692997109771063,
  "beta_2": 0.6150493331476798,
  "epsilon": 7.616268496969708e-08,
  "lr": 0.0010875163351086964,
  "seed": 1902267585,
  "weight_decay": 0.005737284637115577
}