{
  "beta_1": 0.245001646160706,
  "beta_2": 0.48137528923618955,
  "epsilon": 0.0008057638881983276,
  "lr": 0.02549712281816166,
  "seed": 1964711630,
  "weight_decay": 3.729460854214379e-08
}