{
  "beta_1": 0.22822324861113366,
  "beta_2": 0.9264058990960485,
  "epsilon": 2.7901850596323146e-05,
  "lr": 6.638388315073817e-05,
  "seed": 1730648121,
  "weight_decay": 7.307713098187195e-08
}