{
  "beta_1": 0.38300197414500525,
  "beta_2": 0.6439097075152705,
  "epsilon": 2.9175283098030388e-05,
  "lr": 0.0037851493842170265,
  "seed": 1362082036,
  "weight_decay": 6.902597123898307e-07
}