{
  "beta_1": 0.10453912827360197,
  "beta_2": 0.6876074404983382,
  "epsilon": 1.3970660790712783e-08,
  "lr": 0.00011852753962755385,
  "seed": 2072690615,
  "weight_decay": 0.0003782081238582394
}