{
  "beta_1": 0.602080228971138,
  "beta_2": 0.635040626496389,
  "epsilon": 3.2943029435930566e-06,
  "lr": 5.4992770654990715e-05,
  "seed": 1648741161,
  "weight_decay": 0.0016445988586633355
}