{
  "beta_1": 0.21576364778286033,
  "beta_2": 0.28757753685458387,
  "epsilon": 2.222507727148985e-05,
  "lr": 3.679454054240535e-05,
  "seed": 967535935,
  "weight_decay": 0.00010148278485766092
}