{
  "beta_1": 0.3731567991465693,
  "beta_2": 0.37603634012948495,
  "epsilon": 1.1170996185305022e-08,
  "lr": 0.0016132883305546586,
  "seed": 1777726254.1538055,
  "weight_decay": 4.875166639258286e-05
}