{
  "beta_1": 0.8174865979702841,
  "beta_2": 0.8526053060119709,
  "epsilon": 2.3021878455368436e-07,
  "lr": 0.00808710766677632,
  "seed": 1416395691,
  "weight_decay": 0.00040118617874103694
}