{
  "beta_1": 0.11230163653789728,
  "beta_2": 0.5634809737014769,
  "epsilon": 8.356300853629403e-05,
  "lr": 3.859816388302134e-05,
  "seed": 1136723726,
  "weight_decay": 0.0025570738889938304
}