{
  "beta_1": 0.4778959557957806,
  "beta_2": 0.5207354540809753,
  "epsilon": 1.513833058885278e-08,
  "lr": 1.548986113448568e-05,
  "seed": 327734795,
  "weight_decay": 0.00974738386125147
}