{
  "beta1": 0.9989886554182771,
  "beta2": 0.5785810919987018,
  "epsilon": 0.0004335818340076299,
  "lr": 0.024494030865923024,
  "seed": 359212387,
  "weight_decay": 5.4584771986680884e-05,
  "x_beta1": 11.28028544555526,
  "x_beta2": 0.12743561968214046
}