{
  "beta_1": 0.13528454627635805,
  "beta_2": 0.8684979752960221,
  "epsilon": 1.9897689794349318e-05,
  "lr": 0.00203911403839691,
  "seed": 268408594.4541235,
  "weight_decay": 0.006785538065097414
}