{
  "beta_1": 0.867297643104797,
  "beta_2": 0.7440198501381169,
  "epsilon": 6.927047182693747e-09,
  "lr": 1.1336505919335631e-05,
  "seed": 777564764,
  "weight_decay": 0.009873523597500359
}