{
  "beta_1": 0.7658420470571071,
  "beta_2": 0.1872830153435161,
  "epsilon": 1.2128861115230972e-07,
  "lr": 0.08434830503659932,
  "seed": 1650830187,
  "weight_decay": 8.582209597079324e-07
}