{
  "beta_1": 0.9757221666217535,
  "beta_2": 0.7308869384559413,
  "epsilon": 4.644156690356607e-08,
  "lr": 1.676677914024001e-06,
  "seed": 1189021126.981696,
  "weight_decay": 4.189530729155963e-07
}