{
  "beta_1": 0.6857328476148642,
  "beta_2": 0.7712435572737635,
  "epsilon": 1.249184361355909e-09,
  "lr": 0.0013555053059035546,
  "seed": 469501840.50098157,
  "weight_decay": 0.00034334437495172606
}