{
  "beta_1": 0.839260331132759,
  "beta_2": 0.7803788275493092,
  "epsilon": 3.5530964085227667e-09,
  "lr": 0.0005368170939385984,
  "seed": 230126047.275493,
  "weight_decay": 0.00010174622100918525
}