{
  "beta_1": 0.3033636129949917,
  "beta_2": 0.9864646725971119,
  "epsilon": 0.00011836244334161349,
  "lr": 0.00022281495089145528,
  "seed": 1251985516,
  "weight_decay": 0.0008566088475293061
}