{
  "beta_1": 0.692154220299271,
  "beta_2": 0.46145517415553117,
  "epsilon": 1.3740979913728479e-08,
  "lr": 0.001241962226414667,
  "seed": 1109420123,
  "weight_decay": 1.0393436700802776e-05
}