{
  "beta_1": 0.5963546308153468,
  "beta_2": 0.26112415577103215,
  "epsilon": 7.36653920964318e-08,
  "lr": 1.8663737881986497e-05,
  "seed": 1669254808,
  "weight_decay": 0.001828153231099795
}