{
  "beta_1": 0.14319556360996372,
  "beta_2": 0.2736761382610682,
  "epsilon": 5.502083449802746e-06,
  "lr": 1.391710867441226e-05,
  "seed": 1704500202,
  "weight_decay": 0.00829667247288958
}