{
  "beta_1": 0.5197352490192811,
  "beta_2": 0.6893015630749909,
  "epsilon": 1.2396681913816449e-10,
  "lr": 0.005454244108817305,
  "seed": 1826755038,
  "weight_decay": 0.00018379421295074093
}