{
  "beta_1": 0.460025450417642,
  "beta_2": 0.5790422668847265,
  "epsilon": 4.3759711374167595e-09,
  "lr": 5.312416269110757e-06,
  "seed": 1900623761,
  "weight_decay": 9.386896364992374e-08
}