{
  "beta_1": 0.3364621690771351,
  "beta_2": 0.8086646961194744,
  "epsilon": 7.232325049007665e-09,
  "lr": 0.023950868388786035,
  "seed": 951074246,
  "weight_decay": 1.0150953848133528e-06
}