{
  "beta_1": 0.23473101121643847,
  "beta_2": 0.5787948221280558,
  "epsilon": 5.198188855460539e-06,
  "lr": 0.005308011523016992,
  "seed": 299915045,
  "weight_decay": 5.194588332858591e-07
}