{
  "beta_1": 0.5271142193162385,
  "beta_2": 0.9457085069231714,
  "epsilon": 5.587497435966578e-06,
  "lr": 0.0006876580953424755,
  "seed": 1625622234.2370872,
  "weight_decay": 3.3090579669471396e-05
}