{
  "beta_1": 0.5932441903307443,
  "beta_2": 0.21339508013860187,
  "epsilon": 5.541009877133781e-07,
  "lr": 0.05576241764316803,
  "seed": 391482654,
  "weight_decay": 4.2993651089208085e-07
}