{
  "beta_1": 0.5694499116252734,
  "beta_2": 0.437800882348667,
  "epsilon": 6.150871260366983e-07,
  "lr": 0.00038348800800547196,
  "seed": 1105176334,
  "weight_decay": 0.0053843157420022224
}