{
  "beta_1": 0.7454626269987131,
  "beta_2": 0.14112359712322825,
  "epsilon": 4.629056768913479e-05,
  "lr": 0.00027157500685236105,
  "seed": 1584716695.3467155,
  "weight_decay": 3.4225406908487823e-06
}