{
  "beta_1": 0.882049455879186,
  "beta_2": 0.4827839984488418,
  "epsilon": 1.970666979236577e-10,
  "lr": 0.00117798619713822,
  "seed": 1335239074,
  "weight_decay": 2.523588326859385e-05
}