{
  "beta_1": 0.447780676910815,
  "beta_2": 0.6963740449759146,
  "epsilon": 0.00014946397433960844,
  "lr": 0.0004661450640413467,
  "seed": 1354007209,
  "weight_decay": 2.8532325463227723e-07
}