{
  "beta_1": 0.8829043337837303,
  "beta_2": 0.23257711710115034,
  "epsilon": 2.121123088164074e-09,
  "lr": 1.9572795843481893e-05,
  "seed": 1783884661,
  "weight_decay": 0.0013886686897919677
}