{
  "beta1": 0.10006328232207247,
  "beta2": 0.23648644286922982,
  "epsilon": 1.4195877949926931e-05,
  "lr": 0.0028929781641412263,
  "seed": 1069475800,
  "weight_decay": 0.005094982418647764,
  "x_beta1": -9.561361901082261,
  "x_beta2": -1.7215746089826212
}