{
  "beta_1": 0.23589777242889257,
  "beta_2": 0.11733832047313446,
  "epsilon": 0.0006745512774502935,
  "lr": 7.1514067513709e-06,
  "seed": 181579850,
  "weight_decay": 9.227945887224553e-05
}