{
  "beta_1": 0.18941496040094793,
  "beta_2": 0.549029574131709,
  "epsilon": 1.1433191248013201e-08,
  "lr": 5.05067776826883e-06,
  "seed": 1639588404,
  "weight_decay": 5.569733509377496e-07
}