{
  "beta_1": 0.5644688018984235,
  "beta_2": 0.12720235258906037,
  "epsilon": 1.4474864875836427e-06,
  "lr": 2.738654205911514e-05,
  "seed": 735453702,
  "weight_decay": 0.00037414387826383043
}