{
  "beta_1": 0.9290712470432705,
  "beta_2": 0.14960648418381953,
  "epsilon": 6.324310712235649e-08,
  "lr": 3.79552261637165e-05,
  "seed": 1613801743.9219372,
  "weight_decay": 0.00013798512023979436
}