{
  "beta_1": 0.8112832119537403,
  "beta_2": 0.9735221186445994,
  "epsilon": 5.381919847848221e-07,
  "lr": 1.0483197023834993e-06,
  "seed": 1681554666,
  "weight_decay": 1.118542305713764e-06
}