{
  "beta_1": 0.4859586547740784,
  "beta_2": 0.48945466282827366,
  "epsilon": 1.532023009304206e-10,
  "lr": 1.6790934368977013e-05,
  "seed": 432935595,
  "weight_decay": 0.000986224290403465
}