{
  "beta_1": 0.6256651179713951,
  "beta_2": 0.7274780558501406,
  "epsilon": 9.14376129781712e-10,
  "lr": 0.0007810821389678705,
  "seed": 2040372710.338425,
  "weight_decay": 3.277507617111056e-08
}