{
  "beta1": 0.11752207721394,
  "beta2": 0.10312329189785763,
  "epsilon": 1.261527549071065e-08,
  "lr": 0.0008989190775733366,
  "seed": 327734795,
  "weight_decay": 6.391314430661418e-05,
  "x_beta1": 13.03505105542755,
  "x_beta2": -5.433522583797003
}