{
  "beta_1": 0.8452757047299271,
  "beta_2": 0.15669094891466606,
  "epsilon": 6.1219305973450095e-09,
  "lr": 4.197131486872618e-06,
  "seed": 1834381856,
  "weight_decay": 1.2074344418205843e-06
}