{
  "beta1": 0.10001866130730079,
  "beta2": 0.999886841430834,
  "epsilon": 1.4780254235445266e-07,
  "lr": 0.00012378608382858627,
  "seed": 1251985516,
  "weight_decay": 0.0010707610594116324,
  "x_beta1": -8.626052242745072,
  "x_beta2": 13.359541330390465
}