{
  "beta_1": 0.7226226913687477,
  "beta_2": 0.7372300811777928,
  "epsilon": 7.548771653059486e-06,
  "lr": 0.001845625038244804,
  "seed": 1193803074.4977205,
  "weight_decay": 3.578880499675643e-08
}