{
  "beta_1": 0.45075402850149904,
  "beta_2": 0.3139520845956597,
  "epsilon": 4.47033528987104e-10,
  "lr": 0.0003757356644728073,
  "seed": 1061720771.796774,
  "weight_decay": 1.3529708197378255e-06
}