{
  "beta1": 0.10069655092050281,
  "beta2": 0.999853539873124,
  "epsilon": 1.7693516775745265e-08,
  "lr": 0.0008348278757844441,
  "seed": 1650082446,
  "weight_decay": 9.765063528271392e-06,
  "x_beta1": -7.162122307104429,
  "x_beta2": 9.871392837385264
}