{
  "beta_1": 0.5146371731230389,
  "beta_2": 0.5409856373623416,
  "epsilon": 1.0830666117441958e-09,
  "lr": 0.03542026980917067,
  "seed": 1440808681,
  "weight_decay": 0.0021635744204053686
}