{
  "beta1": 0.9857042818953516,
  "beta2": 0.9997173431716554,
  "epsilon": 1.0327746939638264e-06,
  "lr": 0.0003112608151372211,
  "seed": 14633724,
  "weight_decay": 3.07647927727296e-07,
  "x_beta1": 4.198941090907082,
  "x_beta2": 8.502226792434145
}