{
  "beta_1": 0.7619635097886517,
  "beta_2": 0.2487969284381298,
  "epsilon": 2.173319564797315e-08,
  "lr": 4.229543754486795e-06,
  "seed": 2078133821.0268786,
  "weight_decay": 0.00711032716228049
}