{
  "beta_1": 0.9398663448391041,
  "beta_2": 0.18790108796649163,
  "epsilon": 3.069758416004479e-07,
  "lr": 0.00022320746524882263,
  "seed": 1403451799,
  "weight_decay": 0.009906749182057108
}