{
  "beta_1": 0.4499551696786013,
  "beta_2": 0.8034961641293069,
  "epsilon": 3.0122243754424296e-05,
  "lr": 0.08660661831334615,
  "seed": 1954714326,
  "weight_decay": 0.0038927966996042907
}