{
  "beta_1": 0.9243643635500124,
  "beta_2": 0.7519546206152479,
  "epsilon": 2.3186179422737963e-05,
  "lr": 0.002593536024197363,
  "seed": 171706201.84716675,
  "weight_decay": 0.009511613417137502
}