{
  "beta_1": 0.36449828731230094,
  "beta_2": 0.4982901861802417,
  "epsilon": 1.285808451423597e-05,
  "lr": 0.0010640872630188875,
  "seed": 639379705.0881995,
  "weight_decay": 2.382244264745634e-08
}