{
  "beta_1": 0.5604017729800583,
  "beta_2": 0.15652637696117716,
  "epsilon": 8.827216995535672e-08,
  "lr": 4.677184890177722e-05,
  "seed": 63251623.608699724,
  "weight_decay": 7.935770226775872e-05
}