{
  "beta_1": 0.41250424200670566,
  "beta_2": 0.7539853133713081,
  "epsilon": 3.602920931205055e-07,
  "lr": 1.194148730118567e-06,
  "seed": 1322128584.6844995,
  "weight_decay": 0.00015321674396311775
}