{
  "beta1": 0.9382178558880334,
  "beta2": 0.7307694611929466,
  "epsilon": 1.7038383915295762e-05,
  "lr": 0.0018968481999566903,
  "seed": 864103735,
  "weight_decay": 4.2618661534722126e-06,
  "x_beta1": 1.679348463649377,
  "x_beta2": 0.8176741486335942
}