{
  "beta_1": 0.4610428645507848,
  "beta_2": 0.7153353568477762,
  "epsilon": 1.0025819519189878e-10,
  "lr": 0.00027796384092688005,
  "seed": 1670566859.7801726,
  "weight_decay": 6.071771024823068e-08
}