{
  "beta_1": 0.9939786411739782,
  "beta_2": 0.8381697253695061,
  "epsilon": 5.509849894463731e-08,
  "lr": 0.0011999077426141428,
  "seed": 1435653340,
  "weight_decay": 0.0005675572932790726
}