{
  "beta_1": 0.6962487865853342,
  "beta_2": 0.3201313727993471,
  "epsilon": 1.9748992752327476e-09,
  "lr": 0.029695679989180025,
  "seed": 929656914,
  "weight_decay": 1.3740245493161213e-07
}