{
  "beta_1": 0.9409634022768296,
  "beta_2": 0.6084548849269551,
  "epsilon": 2.9899581427953106e-07,
  "lr": 0.0005541605816876414,
  "seed": 498313666.9021382,
  "weight_decay": 1.343988845972238e-08
}