{
  "beta_1": 0.45628513494820777,
  "beta_2": 0.3723217963309693,
  "epsilon": 1.589249633429686e-09,
  "lr": 0.0011169555869103526,
  "seed": 1482692747,
  "weight_decay": 1.1852628895429625e-08
}