{
  "beta_1": 0.9152256707316432,
  "beta_2": 0.18440584474996688,
  "epsilon": 2.476823444464561e-08,
  "lr": 8.43893506857491e-06,
  "seed": 1994890182,
  "weight_decay": 1.8015292545659098e-08
}