{
  "beta_1": 0.3534737184097314,
  "beta_2": 0.2709368367168385,
  "epsilon": 8.526373268066113e-07,
  "lr": 1.7567684925148005e-06,
  "seed": 509691638,
  "weight_decay": 6.272032833960531e-08
}