{
  "beta_1": 0.12557468890373302,
  "beta_2": 0.516050954102379,
  "epsilon": 1.3657566931383275e-05,
  "lr": 0.0010834664000554499,
  "seed": 1639966292,
  "weight_decay": 6.072692349798302e-05
}