{
  "beta_1": 0.8116594084935532,
  "beta_2": 0.4656035152072465,
  "epsilon": 3.4825453365054835e-10,
  "lr": 0.008483308918108338,
  "seed": 199865474,
  "weight_decay": 1.0532781837866462e-06
}