{
  "beta_1": 0.24925809354387404,
  "beta_2": 0.9323151908617742,
  "epsilon": 1.7845376146146785e-05,
  "lr": 1.1685989131357693e-05,
  "seed": 1586620719,
  "weight_decay": 4.310212577472704e-08
}