{
  "beta_1": 0.41019419045255034,
  "beta_2": 0.11746851943604901,
  "epsilon": 0.00020647173918901497,
  "lr": 0.00046371717203068103,
  "seed": 1557797097.6491733,
  "weight_decay": 0.0013176143754454629
}