{
  "beta_1": 0.544135161139806,
  "beta_2": 0.11378173892073033,
  "epsilon": 5.0342447452608375e-09,
  "lr": 3.709635776563836e-05,
  "seed": 1351617896,
  "weight_decay": 0.00036535070682229526
}