{
  "beta_1": 0.18515800201560753,
  "beta_2": 0.2059640272338047,
  "epsilon": 3.9146992161333645e-09,
  "lr": 0.09623783920716644,
  "seed": 550686730,
  "weight_decay": 6.217896271131958e-07
}