{
  "beta_1": 0.583649463399963,
  "beta_2": 0.7224971239607967,
  "epsilon": 2.4503577708317146e-06,
  "lr": 0.00293865234360037,
  "seed": 459565582.790745,
  "weight_decay": 1.3666742135956403e-06
}