{
  "beta1": 0.9194777529374154,
  "beta2": 0.1146641902896735,
  "epsilon": 1.6692330833231982e-08,
  "lr": 1.3158729233689225e-05,
  "seed": 856697929,
  "weight_decay": 4.544330359026519e-07,
  "x_beta1": 2.3326304309197905,
  "x_beta2": -4.100445574057559
}