{
  "beta_1": 0.9961571457810106,
  "beta_2": 0.4741257120607931,
  "epsilon": 8.499969803719775e-06,
  "lr": 4.6948644712238176e-06,
  "seed": 1069475800,
  "weight_decay": 0.0001102149139591509
}