{
  "beta_1": 0.7226904688752139,
  "beta_2": 0.9060943306070468,
  "epsilon": 1.0928011806881128e-08,
  "lr": 1.287587034117971e-06,
  "seed": 1644228136.9314811,
  "weight_decay": 1.8870744939234712e-08
}