{
  "beta_1": 0.3927440930880491,
  "beta_2": 0.4625780346110143,
  "epsilon": 5.464620953332874e-06,
  "lr": 0.0016240281575635681,
  "seed": 1204228095,
  "weight_decay": 0.002800948701169694
}