{
  "beta_1": 0.1102356458609157,
  "beta_2": 0.4403676952796851,
  "epsilon": 2.90183561227288e-07,
  "lr": 0.012197663414677366,
  "seed": 1544900184,
  "weight_decay": 5.583477564939521e-07
}