{
  "beta_1": 0.5571708412897587,
  "beta_2": 0.8720239288727281,
  "epsilon": 6.036137109889362e-06,
  "lr": 1.080620657693187e-05,
  "seed": 1235824698.3578799,
  "weight_decay": 0.00027270744868155113
}