{
  "beta_1": 0.7441801498200777,
  "beta_2": 0.26185460930047616,
  "epsilon": 3.250028276943998e-10,
  "lr": 4.962239366582339e-06,
  "seed": 1069534312,
  "weight_decay": 0.008258153053917229
}