{
  "beta_1": 0.26931226049942636,
  "beta_2": 0.6462619199435001,
  "epsilon": 1.0025101827015663e-06,
  "lr": 1.4185301839532724e-05,
  "seed": 1146099240.3760366,
  "weight_decay": 2.9066346002847368e-05
}