{
  "beta1": 0.108496537166382,
  "beta2": 0.9998983420876942,
  "epsilon": 3.6204948744182057e-07,
  "lr": 0.00020582457924440267,
  "seed": 2063123914,
  "weight_decay": 4.146754211168821e-06,
  "x_beta1": -4.652128303062643,
  "x_beta2": 13.204477918985473
}