{
  "beta_1": 0.789884855351526,
  "beta_2": 0.8658677390041897,
  "epsilon": 1.4697807392526142e-06,
  "lr": 2.9480246881653056e-05,
  "seed": 893374231,
  "weight_decay": 1.3127278971068276e-07
}