{
  "beta_1": 0.377218647552769,
  "beta_2": 0.7971711533158323,
  "epsilon": 0.00045842894012938307,
  "lr": 0.0030232699112027446,
  "seed": 2046040495,
  "weight_decay": 0.0006291568601054924
}