{
  "beta_1": 0.6281061184954462,
  "beta_2": 0.3710561432970163,
  "epsilon": 1.5065469470370069e-05,
  "lr": 7.985133245715865e-05,
  "seed": 1904625762,
  "weight_decay": 1.1930094046885022e-07
}