{
  "beta_1": 0.37811439732772867,
  "beta_2": 0.26461122511331053,
  "epsilon": 1.3659365699509857e-08,
  "lr": 3.6551667076143655e-05,
  "seed": 1936287571,
  "weight_decay": 0.0013820389974041733
}