{
  "beta_1": 0.5057533992129565,
  "beta_2": 0.9440375153057202,
  "epsilon": 1.8409194048680137e-07,
  "lr": 0.03030342066640396,
  "seed": 1806384245,
  "weight_decay": 0.005370392498031098
}