{
  "beta_1": 0.3340180893580036,
  "beta_2": 0.43768210116665796,
  "epsilon": 4.312973576826028e-06,
  "lr": 0.0020903671532909486,
  "seed": 301359054,
  "weight_decay": 2.9613413987873694e-07
}