{
  "beta_1": 0.6142046246573547,
  "beta_2": 0.7639096774486994,
  "epsilon": 3.6921511617590235e-08,
  "lr": 0.0012776265071438597,
  "seed": 1423231441.6836517,
  "weight_decay": 0.0030862467475280394
}