{
  "beta_1": 0.6153159799441524,
  "beta_2": 0.3879407361337982,
  "epsilon": 0.0007083000803816936,
  "lr": 0.0006513854484433436,
  "seed": 1988684560,
  "weight_decay": 0.0009587545492211298
}