{
  "beta_1": 0.7712328638926005,
  "beta_2": 0.9866392307911322,
  "epsilon": 2.1099001270279524e-08,
  "lr": 2.5522079814521533e-06,
  "seed": 1522754838,
  "weight_decay": 0.0002767814485134046
}