{
  "beta_1": 0.6249804026586742,
  "beta_2": 0.38357435559155295,
  "epsilon": 7.741319024176455e-07,
  "lr": 0.00012171778837629343,
  "seed": 476309661,
  "weight_decay": 7.174627764803791e-08
}