{
  "beta_1": 0.5657149269697457,
  "beta_2": 0.19228318175924974,
  "epsilon": 3.7785742520178093e-07,
  "lr": 3.1300443273749367e-05,
  "seed": 709859996,
  "weight_decay": 0.0005743113041854937
}