{
  "beta_1": 0.13189371904201375,
  "beta_2": 0.70867000801422,
  "epsilon": 7.451386852933355e-10,
  "lr": 0.00020403701434368172,
  "seed": 1600988662.3224957,
  "weight_decay": 5.151073930557365e-08
}