{
  "beta1": 0.10010931013527151,
  "beta2": 0.10008584636585448,
  "epsilon": 0.0004613250788348889,
  "lr": 0.00018136447105255622,
  "seed": 386537894,
  "weight_decay": 0.0011015134343059373,
  "x_beta1": -9.014727595445795,
  "x_beta2": -9.257384269913604
}