{
  "beta_1": 0.6767308509670135,
  "beta_2": 0.7568178668469601,
  "epsilon": 0.0006852308429006142,
  "lr": 0.0015709436170724168,
  "seed": 1386861091.844506,
  "weight_decay": 0.00010518741308728535
}