{
  "beta_1": 0.6074365176997174,
  "beta_2": 0.7025749071917159,
  "epsilon": 9.245778697052824e-10,
  "lr": 0.0013490175285850285,
  "seed": 1368236982.5668488,
  "weight_decay": 0.0048457106119887605
}