{
  "beta_1": 0.3528701258342256,
  "beta_2": 0.4296247458058565,
  "epsilon": 4.785257580345409e-06,
  "lr": 7.735882882067157e-05,
  "seed": 723192887,
  "weight_decay": 5.0822029960572566e-06
}