{
  "beta_1": 0.8436847454916042,
  "beta_2": 0.5087190993893393,
  "epsilon": 2.3226809344869944e-10,
  "lr": 0.00011205262655302561,
  "seed": 92619014,
  "weight_decay": 1.974034529779392e-08
}