{
  "beta_1": 0.48224918795759897,
  "beta_2": 0.7187117828156472,
  "epsilon": 2.3205352140007272e-08,
  "lr": 2.2802950767128936e-05,
  "seed": 1639827947,
  "weight_decay": 0.001622777904426188
}