{
  "beta_1": 0.35149687737396196,
  "beta_2": 0.4765106809753853,
  "epsilon": 5.537038855201505e-09,
  "lr": 5.880856878800558e-06,
  "seed": 1113691612,
  "weight_decay": 6.195132111268312e-06
}