{
  "beta_1": 0.8585259474832883,
  "beta_2": 0.628486805937068,
  "epsilon": 1.5457481517895954e-07,
  "lr": 0.04946981483834441,
  "seed": 2010200125,
  "weight_decay": 3.177182875965072e-05
}