{
  "beta_1": 0.29543003647184685,
  "beta_2": 0.8888454314639826,
  "epsilon": 0.0005444117711212572,
  "lr": 0.04486460557502312,
  "seed": 790465798,
  "weight_decay": 0.00021869980248644873
}