{
  "beta_1": 0.7213808919956438,
  "beta_2": 0.6628089696952447,
  "epsilon": 8.204409164068756e-06,
  "lr": 1.7848947014752153e-06,
  "seed": 2074417722.8852663,
  "weight_decay": 4.496169844712155e-05
}