{
  "beta_1": 0.9594510537732873,
  "beta_2": 0.9360795817634375,
  "epsilon": 1.0676171979091796e-10,
  "lr": 2.1086220585992924e-05,
  "seed": 2136851504,
  "weight_decay": 1.593717684668917e-08
}