{
  "beta_1": 0.8178416911065663,
  "beta_2": 0.47568013183222774,
  "epsilon": 1.2828629668692932e-07,
  "lr": 0.0002101195300429634,
  "seed": 364626695,
  "weight_decay": 3.8303611212417963e-07
}