{
  "beta_1": 0.6392619837720125,
  "beta_2": 0.5117472189872417,
  "epsilon": 2.4128371224886283e-08,
  "lr": 0.00044995739253009346,
  "seed": 501252635,
  "weight_decay": 1.5209249377037664e-05
}