{
  "beta1": 0.10000097165840899,
  "beta2": 0.10003835600348408,
  "epsilon": 2.709442129438103e-07,
  "lr": 0.008203456321176144,
  "seed": 310193659,
  "weight_decay": 7.563712906658711e-05,
  "x_beta1": 9.827460035903583,
  "x_beta2": -9.660561831810696
}