{
  "beta_1": 0.4858787984215922,
  "beta_2": 0.7926360093052713,
  "epsilon": 3.367713739925729e-05,
  "lr": 0.0008276719525623932,
  "seed": 1593202681,
  "weight_decay": 1.3791949686960864e-05
}