{
  "beta_1": 0.43013109130588156,
  "beta_2": 0.991913939641177,
  "epsilon": 4.718426654480697e-10,
  "lr": 0.00010532935846924004,
  "seed": 72513037.9355824,
  "weight_decay": 0.002255349756969514
}