{
  "beta_1": 0.2836593204512218,
  "beta_2": 0.31420351092936016,
  "epsilon": 1.3331055878031255e-06,
  "lr": 6.487109985035801e-05,
  "seed": 68469252,
  "weight_decay": 1.1970000534385098e-05
}