{
  "beta_1": 0.7356721033357053,
  "beta_2": 0.853407535170602,
  "epsilon": 0.00010429277207187083,
  "lr": 1.7672223062685266e-05,
  "seed": 653633062,
  "weight_decay": 0.0001696261329622582
}