{
  "beta_1": 0.8293917091808605,
  "beta_2": 0.731989304143902,
  "epsilon": 1.5963136403243836e-10,
  "lr": 0.00042960712558635065,
  "seed": 2022819783.2672062,
  "weight_decay": 0.0018819078975406808
}