{
  "beta1": 0.12598080522938426,
  "beta2": 0.9994243029632301,
  "epsilon": 4.4975106839132906e-10,
  "lr": 1.1908632576016257e-05,
  "seed": 35457184,
  "weight_decay": 1.1006567890235485e-05,
  "x_beta1": -3.5145995377701347,
  "x_beta2": 7.544729000041057
}