{
  "beta_1": 0.441767857744787,
  "beta_2": 0.8850128818132388,
  "epsilon": 7.769975447173655e-07,
  "lr": 0.00020242310049643525,
  "seed": 991499131,
  "weight_decay": 2.5754424812165632e-06
}