{
  "beta_1": 0.44443075418007427,
  "beta_2": 0.7752032412880758,
  "epsilon": 9.307251462180245e-09,
  "lr": 0.0020494314129149123,
  "seed": 587772005.8221321,
  "weight_decay": 0.0012765217676335902
}