{
  "beta_1": 0.8669475434982418,
  "beta_2": 0.9833028675972089,
  "epsilon": 3.8376125528268213e-10,
  "lr": 0.0010623914993628898,
  "seed": 123074097.5177395,
  "weight_decay": 2.4534369010208413e-08
}