{
  "beta_1": 0.4805022078650527,
  "beta_2": 0.22752064077950293,
  "epsilon": 0.0004703601566890135,
  "lr": 0.0005670105537749693,
  "seed": 1131428670.4018133,
  "weight_decay": 5.950564556009985e-07
}