{
  "beta_1": 0.3061207379925259,
  "beta_2": 0.27325747175780757,
  "epsilon": 8.552419779128623e-08,
  "lr": 0.0002101195300429634,
  "seed": 364626695,
  "weight_decay": 3.8303611212417963e-07
}