{
  "beta_1": 0.43495130064544396,
  "beta_2": 0.5565727092010041,
  "epsilon": 3.980198772374962e-06,
  "lr": 0.0020429955896852756,
  "seed": 2131384613.2857533,
  "weight_decay": 0.00015390021996925958
}