{
  "beta_1": 0.27410426539278165,
  "beta_2": 0.28950249616224566,
  "epsilon": 9.35137338814874e-09,
  "lr": 0.0038561907925050956,
  "seed": 1360686781.890999,
  "weight_decay": 6.985858604585774e-08
}