{
  "beta_1": 0.6319996100866836,
  "beta_2": 0.6940192841186155,
  "epsilon": 5.008586012224852e-06,
  "lr": 0.0004926249745867478,
  "seed": 1303693403,
  "weight_decay": 1.508523793648255e-08
}