{
  "beta_1": 0.39857980837645957,
  "beta_2": 0.5144247359822967,
  "epsilon": 4.447192608195385e-06,
  "lr": 0.008234594838925278,
  "seed": 1179321165.7979696,
  "weight_decay": 0.00011441845531994196
}