{
  "beta_1": 0.2560189394921167,
  "beta_2": 0.6404458773964345,
  "epsilon": 1.0130145601416882e-09,
  "lr": 0.0009440980392103597,
  "seed": 78583292,
  "weight_decay": 0.0008486558374367229
}