{
  "beta_1": 0.28123416879504054,
  "beta_2": 0.8337138638336417,
  "epsilon": 2.2360901102068306e-06,
  "lr": 0.00010189527684774141,
  "seed": 45059317,
  "weight_decay": 2.4208961453448504e-07
}