{
  "beta_1": 0.7534297573902189,
  "beta_2": 0.9500529126311078,
  "epsilon": 2.0979021027086382e-08,
  "lr": 0.00015221659295463485,
  "seed": 853240419,
  "weight_decay": 1.0961692433910225e-06
}