{
  "beta_1": 0.28701352519167933,
  "beta_2": 0.7024564502969893,
  "epsilon": 3.62461257550356e-10,
  "lr": 4.318585451336791e-06,
  "seed": 17815168,
  "weight_decay": 5.81515700412633e-06
}