{
  "beta_1": 0.1858613539850905,
  "beta_2": 0.27611743043239556,
  "epsilon": 4.745918301317982e-09,
  "lr": 5.335296285975801e-05,
  "seed": 658184380,
  "weight_decay": 3.909734732803413e-08
}