{
  "beta1": 0.547168520152771,
  "beta2": 0.11990189761779574,
  "epsilon": 4.895405011121422e-06,
  "lr": 0.0002393857928868783,
  "seed": 191908309,
  "weight_decay": 2.820548940521405e-06,
  "x_beta1": -0.008299001577418608,
  "x_beta2": -10.460175821160535
}