{
  "beta_1": 0.9671783405064234,
  "beta_2": 0.918690891752046,
  "epsilon": 1.283039766259563e-05,
  "lr": 1.594395278095037e-06,
  "seed": 1490493706.639998,
  "weight_decay": 0.004147290331261781
}