{
  "beta_1": 0.44814140710634864,
  "beta_2": 0.7546653499331046,
  "epsilon": 1.2555563180556708e-08,
  "lr": 0.0005539720629726195,
  "seed": 873236098,
  "weight_decay": 0.0012962900035103798
}