{
  "beta_1": 0.6881399189072223,
  "beta_2": 0.2839065842066586,
  "epsilon": 2.2560626759527958e-08,
  "lr": 0.00045328046363846965,
  "seed": 1813999177,
  "weight_decay": 0.0025371595508474763
}