{
  "beta_1": 0.37982759097792007,
  "beta_2": 0.8160062568648971,
  "epsilon": 3.3173913481866e-07,
  "lr": 0.0014269622160000797,
  "seed": 1822247879,
  "weight_decay": 8.1813484341178e-08
}