{
  "beta_1": 0.12118044042555917,
  "beta_2": 0.24239001701921664,
  "epsilon": 7.255363985415437e-08,
  "lr": 9.366426994761148e-06,
  "seed": 1039988677,
  "weight_decay": 1.2171217483277754e-07
}