{
  "beta_1": 0.23261637699175375,
  "beta_2": 0.41229677677547594,
  "epsilon": 1.543187087836545e-07,
  "lr": 0.001466623290532317,
  "seed": 1025592689.9636269,
  "weight_decay": 0.007195276126525975
}