{
  "beta_1": 0.5026782774062961,
  "beta_2": 0.5973702267955615,
  "epsilon": 6.650129646009336e-09,
  "lr": 0.001037708139302347,
  "seed": 1598680059.5874197,
  "weight_decay": 1.414285165068887e-06
}