{
  "beta_1": 0.7812927907096097,
  "beta_2": 0.4782945069820974,
  "epsilon": 1.4014956239605126e-05,
  "lr": 1.683626777167424e-05,
  "seed": 1808375873,
  "weight_decay": 3.490942522233332e-07
}