{
  "beta_1": 0.3531805922726865,
  "beta_2": 0.1989581723728021,
  "epsilon": 3.035013970500888e-08,
  "lr": 0.00011797043168013897,
  "seed": 1086118368,
  "weight_decay": 2.3118172678855794e-06
}