{
  "beta_1": 0.5568845430929297,
  "beta_2": 0.42272540247422186,
  "epsilon": 3.668230819550153e-10,
  "lr": 2.388682599238131e-06,
  "seed": 1627943475,
  "weight_decay": 3.4203717543270546e-05
}