{
  "beta_1": 0.6861163160650979,
  "beta_2": 0.8268545129472614,
  "epsilon": 1.0327746939638264e-06,
  "lr": 0.0003112608151372211,
  "seed": 14633724,
  "weight_decay": 3.07647927727296e-07
}