{
  "beta_1": 0.9338911604453546,
  "beta_2": 0.1951610276468035,
  "epsilon": 1.216454054607825e-05,
  "lr": 0.0007605639546260734,
  "seed": 1338705344.255188,
  "weight_decay": 0.0032555634036945335
}