{
  "beta_1": 0.5728297573723818,
  "beta_2": 0.36627684060418564,
  "epsilon": 1.0299004033911959e-10,
  "lr": 0.0030083594743823563,
  "seed": 1106969271,
  "weight_decay": 2.0414599270458978e-07
}