{
  "beta_1": 0.5440537367825047,
  "beta_2": 0.2800121928424645,
  "epsilon": 0.0007319070406577194,
  "lr": 0.0005106940375627254,
  "seed": 1175867358,
  "weight_decay": 0.001505328185818816
}