{
  "beta_1": 0.3423657683189526,
  "beta_2": 0.29585540584505376,
  "epsilon": 1.7417624258082244e-06,
  "lr": 0.00039541877606218937,
  "seed": 1887178817,
  "weight_decay": 9.77511983356727e-08
}