{
  "beta_1": 0.9096967684702938,
  "beta_2": 0.8827704178049447,
  "epsilon": 1.4973956770948535e-08,
  "lr": 0.00041320738342788375,
  "seed": 544978462.4736431,
  "weight_decay": 0.004778686981248461
}