{
  "beta_1": 0.24850019367346532,
  "beta_2": 0.5519403547042325,
  "epsilon": 3.4945998114665183e-07,
  "lr": 2.2189204749162758e-05,
  "seed": 1395574205.8066366,
  "weight_decay": 4.778096007963536e-06
}