{
  "beta_1": 0.632792863542758,
  "beta_2": 0.2579657154837164,
  "epsilon": 4.070785873738501e-05,
  "lr": 2.8576030505447024e-05,
  "seed": 856106123.9460326,
  "weight_decay": 0.007223023349717941
}