{
  "beta_1": 0.4927479580733328,
  "beta_2": 0.4787200807755142,
  "epsilon": 1.4753167734976402e-06,
  "lr": 0.01604816892649853,
  "seed": 1848203564,
  "weight_decay": 1.8196781649149944e-08
}