{
  "beta_1": 0.41450284677692273,
  "beta_2": 0.46215199622717995,
  "epsilon": 6.170722477394503e-06,
  "lr": 0.001053804555531495,
  "seed": 864103735,
  "weight_decay": 3.551555127893511e-06
}