{
  "beta_1": 0.44090063100395205,
  "beta_2": 0.7087106100152515,
  "epsilon": 3.3808724764577103e-07,
  "lr": 6.285509207924655e-06,
  "seed": 1304410799,
  "weight_decay": 7.0194228321131084e-06
}