{
  "beta_1": 0.7836754948196883,
  "beta_2": 0.3685979780345551,
  "epsilon": 0.00017024843813192529,
  "lr": 0.00015689442345917585,
  "seed": 475885144,
  "weight_decay": 4.202391982129369e-05
}