{
  "beta_1": 0.17423728115398626,
  "beta_2": 0.19621743473922965,
  "epsilon": 3.673104019431265e-09,
  "lr": 1.945677588907881e-05,
  "seed": 1585930470,
  "weight_decay": 5.682327202461679e-07
}