{
  "beta_1": 0.9027846941297043,
  "beta_2": 0.8194796735565422,
  "epsilon": 2.2735822987859242e-07,
  "lr": 0.00045602262756881684,
  "seed": 313085584.6107275,
  "weight_decay": 2.2490435231104086e-05
}