{
  "beta_1": 0.8485141021600892,
  "beta_2": 0.8339624782338451,
  "epsilon": 0.00011715406735809796,
  "lr": 0.00013755123625255913,
  "seed": 385398547,
  "weight_decay": 2.231280501790519e-05
}