{
  "beta_1": 0.5526609348917604,
  "beta_2": 0.16557066816156413,
  "epsilon": 2.297181348059655e-06,
  "lr": 0.011598637813797932,
  "seed": 1659729744,
  "weight_decay": 0.00017881110138805726
}