{
  "beta1": 0.10001231564393981,
  "beta2": 0.10002329131671014,
  "epsilon": 3.9146992161333645e-09,
  "lr": 0.09623783920716644,
  "seed": 550686730,
  "weight_decay": 6.217896271131958e-07,
  "x_beta1": -11.198154294821393,
  "x_beta2": -10.561932424843562
}