{
  "beta_1": 0.8685893698119818,
  "beta_2": 0.4905502367796303,
  "epsilon": 2.234091524857305e-06,
  "lr": 5.589154145701243e-06,
  "seed": 1184071895,
  "weight_decay": 0.00027352544123036653
}