{
  "beta_1": 0.7455137642753875,
  "beta_2": 0.7558412644516012,
  "epsilon": 4.0945107434872726e-07,
  "lr": 0.0008648541358726471,
  "seed": 341737141,
  "weight_decay": 5.5314819426156844e-05
}