{
  "beta1": 0.9989817379109699,
  "beta2": 0.1008711987197222,
  "epsilon": 2.555843522396056e-07,
  "lr": 1.6990726079455334e-05,
  "seed": 601126595,
  "weight_decay": 0.00034648867219255443,
  "x_beta1": -5.66583647793273,
  "x_beta2": 7.920018503019093
}