{
  "beta_1": 0.14051369564098376,
  "beta_2": 0.2910854745972471,
  "epsilon": 7.20380831972978e-06,
  "lr": 1.0268151194955726e-05,
  "seed": 580484602,
  "weight_decay": 1.7904888349041067e-05
}