{
  "beta_1": 0.5013999432552867,
  "beta_2": 0.7977848754343272,
  "epsilon": 2.8645329310345822e-06,
  "lr": 0.0994779432418694,
  "seed": 848726464,
  "weight_decay": 3.1154691511096015e-08
}