{
  "beta_1": 0.7044001587389324,
  "beta_2": 0.4785228322745917,
  "epsilon": 9.674054384931122e-05,
  "lr": 0.004012499472555097,
  "seed": 42682562.65838209,
  "weight_decay": 0.00955444788712326
}