{
  "beta_1": 0.3029430808977567,
  "beta_2": 0.22269169055036545,
  "epsilon": 2.9190407516889054e-08,
  "lr": 0.0003971331325086924,
  "seed": 1153131908,
  "weight_decay": 0.00041016600705240294
}