{
  "beta_1": 0.44863940919330847,
  "beta_2": 0.8404182669217204,
  "epsilon": 6.527361588749284e-06,
  "lr": 0.015397959646051543,
  "seed": 1137474385.359143,
  "weight_decay": 2.3986502806694067e-05
}