{
  "beta_1": 0.2849796643873703,
  "beta_2": 0.5515569019600229,
  "epsilon": 3.1163865638323685e-09,
  "lr": 1.9043806786117161e-06,
  "seed": 1364898240,
  "weight_decay": 0.00881776865107809
}