{
  "beta1": 0.9984013385615289,
  "beta2": 0.1004361424576415,
  "epsilon": 7.109725587541176e-10,
  "lr": 4.697588634243845e-05,
  "seed": 904853995,
  "weight_decay": 2.222642823122377e-06,
  "x_beta1": 7.313675945254937,
  "x_beta2": -7.631585223264895
}