{
  "beta_1": 0.38998801911807524,
  "beta_2": 0.7201764140545568,
  "epsilon": 4.1535608941785195e-10,
  "lr": 1.0033101720817967e-05,
  "seed": 833969129.4992254,
  "weight_decay": 7.839501363101259e-08
}