{
  "beta_1": 0.31715817717891176,
  "beta_2": 0.97448166115913,
  "epsilon": 1.5769094363388312e-08,
  "lr": 0.0004993994875407427,
  "seed": 327734795,
  "weight_decay": 0.0045892175391601215
}