{
  "beta_1": 0.58197731925759,
  "beta_2": 0.7320264652014754,
  "epsilon": 5.193591196953028e-05,
  "lr": 0.00016053594366747254,
  "seed": 1564609106.4849017,
  "weight_decay": 1.9460563166474252e-08
}