{
  "beta_1": 0.6114579841292056,
  "beta_2": 0.1602003918509093,
  "epsilon": 3.397931540483212e-08,
  "lr": 0.0005564059783375288,
  "seed": 78142996.22390293,
  "weight_decay": 0.0005796267505786482
}