{
  "beta_1": 0.2323278445325276,
  "beta_2": 0.7536596489564723,
  "epsilon": 6.193642893881277e-09,
  "lr": 0.00023685220032135487,
  "seed": 2139184216,
  "weight_decay": 2.7439485598586743e-06
}