{
  "beta_1": 0.7254688121510787,
  "beta_2": 0.8356645529397576,
  "epsilon": 4.85421070735644e-07,
  "lr": 0.0008044585860925744,
  "seed": 682351414,
  "weight_decay": 1.0895813695638406e-06
}