{
  "beta_1": 0.46246905409266115,
  "beta_2": 0.976745285348664,
  "epsilon": 0.00034365363825232466,
  "lr": 4.380176577047702e-05,
  "seed": 487229271,
  "weight_decay": 0.0001607703610050372
}