{
  "beta_1": 0.3565723931201493,
  "beta_2": 0.82517460278415,
  "epsilon": 3.7759137018857254e-07,
  "lr": 8.444157250883874e-05,
  "seed": 1997218249,
  "weight_decay": 2.0728676329241878e-08
}