{
  "beta_1": 0.5818760957087216,
  "beta_2": 0.22137904451883667,
  "epsilon": 2.4950525095923435e-10,
  "lr": 0.002927239473394944,
  "seed": 533215726,
  "weight_decay": 0.008499018026536865
}