{
  "beta_1": 0.6801429828556728,
  "beta_2": 0.17028637772762872,
  "epsilon": 0.000294286322140998,
  "lr": 5.162417453462199e-05,
  "seed": 925701042.437232,
  "weight_decay": 1.0788879169377497e-08
}