{
  "beta_1": 0.8161585787772625,
  "beta_2": 0.8857841173667848,
  "epsilon": 0.00015349089628945086,
  "lr": 0.0001872549253271245,
  "seed": 1110622577,
  "weight_decay": 9.504983645712265e-05
}