{
  "beta_1": 0.17498392833189932,
  "beta_2": 0.11106422126893553,
  "epsilon": 1.4109596426204882e-07,
  "lr": 0.021776416828664626,
  "seed": 358788280.3081657,
  "weight_decay": 0.0001056058449163614
}