{
  "beta_1": 0.9388097202517927,
  "beta_2": 0.33071973069343197,
  "epsilon": 2.735235845099555e-06,
  "lr": 4.283202080631655e-06,
  "seed": 493124788,
  "weight_decay": 6.08041139209052e-08
}