{
  "beta_1": 0.9823948516017267,
  "beta_2": 0.9414093263266642,
  "epsilon": 3.388588834162429e-06,
  "lr": 0.00032741600136210994,
  "seed": 972405722.2796345,
  "weight_decay": 2.3750172697974172e-07
}