{
  "beta1": 0.10000443668203196,
  "beta2": 0.10000102812783118,
  "epsilon": 1.7628884263545704e-06,
  "lr": 4.865725446629077e-05,
  "seed": 58330548,
  "weight_decay": 0.0035924336378111072,
  "x_beta1": -12.21912657132885,
  "x_beta2": -13.682298273828033
}