{
  "beta_1": 0.3471880352967207,
  "beta_2": 0.11669133907508021,
  "epsilon": 2.209749133406507e-09,
  "lr": 0.0001216030765152518,
  "seed": 996119429,
  "weight_decay": 7.148790704163361e-06
}