{
  "beta_1": 0.3994445848332143,
  "beta_2": 0.179450168406027,
  "epsilon": 2.14788750035667e-07,
  "lr": 0.039419019112847564,
  "seed": 910629218.1389683,
  "weight_decay": 0.0024586508589133364
}