{
  "beta_1": 0.6425327116835889,
  "beta_2": 0.5545557787384148,
  "epsilon": 6.479449882786611e-06,
  "lr": 0.00013935890363054665,
  "seed": 981486121,
  "weight_decay": 1.2902897450554268e-05
}