{
  "beta_1": 0.6282269320714449,
  "beta_2": 0.5291806132576238,
  "epsilon": 1.7777594362852504e-09,
  "lr": 0.011216415927840194,
  "seed": 1394113324.215557,
  "weight_decay": 0.0031945550269505503
}