{
  "beta_1": 0.13641876704200973,
  "beta_2": 0.31449449994836154,
  "epsilon": 3.324907323482715e-10,
  "lr": 0.0005000089909808622,
  "seed": 1654755355.7412477,
  "weight_decay": 1.0908348215838014e-06
}