{
  "beta_1": 0.5569946164779429,
  "beta_2": 0.713015663152442,
  "epsilon": 1.2955796852834696e-06,
  "lr": 1.3107668110000748e-05,
  "seed": 1827429563,
  "weight_decay": 1.1377055247009874e-07
}