{
  "beta_1": 0.7987877041386036,
  "beta_2": 0.5211798417277411,
  "epsilon": 2.7989059019697637e-05,
  "lr": 5.3757115131419786e-05,
  "seed": 30852440,
  "weight_decay": 1.3837451263590983e-06
}