{
  "beta_1": 0.285106811007324,
  "beta_2": 0.5382538123515456,
  "epsilon": 2.4567257998486897e-05,
  "lr": 1.7527302073952633e-05,
  "seed": 209198155.41779253,
  "weight_decay": 4.632418449659862e-06
}