{
  "beta_1": 0.20507102767056556,
  "beta_2": 0.6659710568152175,
  "epsilon": 6.788578843450258e-06,
  "lr": 9.46021486153322e-06,
  "seed": 1586817588.1162496,
  "weight_decay": 1.471025087875959e-05
}