{
  "beta_1": 0.295118363225912,
  "beta_2": 0.10632916923099309,
  "epsilon": 9.668399534427384e-06,
  "lr": 5.985322496409811e-06,
  "seed": 1821497161,
  "weight_decay": 0.005518915097950998
}