{
  "beta_1": 0.35755928520833713,
  "beta_2": 0.5109529051827847,
  "epsilon": 6.287977825118597e-08,
  "lr": 1.888732223421812e-05,
  "seed": 1918737503,
  "weight_decay": 9.923061509943697e-05
}