{
  "beta_1": 0.5341874732787539,
  "beta_2": 0.7651935459035353,
  "epsilon": 5.5896269467897325e-05,
  "lr": 0.00330021631912953,
  "seed": 1221931888.8618402,
  "weight_decay": 3.325620554974516e-05
}