{
  "beta_1": 0.12155180231217795,
  "beta_2": 0.18287955280525814,
  "epsilon": 0.0007566675715881997,
  "lr": 5.8388705359548924e-05,
  "seed": 58330548,
  "weight_decay": 0.002873946910248886
}