{
  "beta_1": 0.7681147060737341,
  "beta_2": 0.6293757497578072,
  "epsilon": 6.341619830570113e-10,
  "lr": 0.00014456041327236464,
  "seed": 1362529008.7932804,
  "weight_decay": 0.001914391086290816
}