{
  "beta_1": 0.9735007564454744,
  "beta_2": 0.5863674123067124,
  "epsilon": 6.324511801438018e-05,
  "lr": 0.00015446763572666034,
  "seed": 108107396,
  "weight_decay": 9.656372736285128e-07
}