{
  "beta_1": 0.29631752383108345,
  "beta_2": 0.5056563959665193,
  "epsilon": 5.740800019777773e-06,
  "lr": 0.00023621035119533731,
  "seed": 2096636253,
  "weight_decay": 1.9139791692009326e-07
}