{
  "beta_1": 0.8644969859306764,
  "beta_2": 0.6664512303913748,
  "epsilon": 6.867373188008006e-05,
  "lr": 0.05175951141544127,
  "seed": 1976360894.2390647,
  "weight_decay": 0.0014943680953411807
}