{
  "beta_1": 0.10764958660566135,
  "beta_2": 0.3904505810220008,
  "epsilon": 1.2086415652440482e-07,
  "lr": 0.034349646892641444,
  "seed": 1790622841,
  "weight_decay": 1.8812130533825414e-08
}