{
  "beta_1": 0.7717576795443157,
  "beta_2": 0.5280199786684366,
  "epsilon": 4.146525496389285e-05,
  "lr": 1.4864353015747348e-06,
  "seed": 1832208310.4293253,
  "weight_decay": 5.923756787656801e-08
}