{
  "beta_1": 0.6191683887687127,
  "beta_2": 0.9333131682901104,
  "epsilon": 3.145904427716603e-06,
  "lr": 0.0008554122431723861,
  "seed": 1062934367.2353702,
  "weight_decay": 2.1001190795530163e-06
}