{
  "beta_1": 0.5140261693468712,
  "beta_2": 0.4436446229907318,
  "epsilon": 5.183559906229289e-06,
  "lr": 0.00011148712290443733,
  "seed": 981486121,
  "weight_decay": 1.7390351923633688e-06
}