{
  "beta_1": 0.6291939330653825,
  "beta_2": 0.9905386688211255,
  "epsilon": 0.0005849704750244899,
  "lr": 0.0010517572410015203,
  "seed": 1439966106.8794627,
  "weight_decay": 2.5203176394763087e-08
}