{
  "beta_1": 0.6507417230102842,
  "beta_2": 0.23273649982850061,
  "epsilon": 3.3190327154327004e-05,
  "lr": 0.0003726508059054586,
  "seed": 540140027,
  "weight_decay": 4.643039849395973e-05
}