{
  "beta_1": 0.4760410220773388,
  "beta_2": 0.5181681338700787,
  "epsilon": 5.547476485865857e-09,
  "lr": 0.0038943404545724526,
  "seed": 1435599052.4819398,
  "weight_decay": 5.869776427109452e-07
}