{
  "beta_1": 0.9166228957156523,
  "beta_2": 0.35370569431430976,
  "epsilon": 5.566199469923785e-09,
  "lr": 8.61665210956974e-06,
  "seed": 1984054108,
  "weight_decay": 1.4778451654761674e-07
}