{
  "beta_1": 0.6817099244091492,
  "beta_2": 0.14304078914863988,
  "epsilon": 3.437645451511545e-08,
  "lr": 0.008342165808012926,
  "seed": 770103604,
  "weight_decay": 0.006702371597094356
}