{
  "beta_1": 0.6011633405856526,
  "beta_2": 0.9055550588041599,
  "epsilon": 1.9712881266400937e-07,
  "lr": 3.117813796851146e-05,
  "seed": 420602818,
  "weight_decay": 2.1363603979615414e-06
}