{
  "beta1": 0.15470604466244378,
  "beta2": 0.9998634338949177,
  "epsilon": 1.1460351621317812e-06,
  "lr": 0.0008120789773119254,
  "seed": 503706837,
  "weight_decay": 1.716741207114395e-08,
  "x_beta1": -2.7365265132377203,
  "x_beta2": 10.110876570001908
}