{
  "beta_1": 0.5052273864257113,
  "beta_2": 0.5126128584265235,
  "epsilon": 0.0002783227689478199,
  "lr": 0.0009943533182092121,
  "seed": 1583757926.6260936,
  "weight_decay": 8.873102972081426e-05
}