{
  "beta_1": 0.3535478048572134,
  "beta_2": 0.15238128616192778,
  "epsilon": 1.0123631453971456e-05,
  "lr": 0.011672238760374726,
  "seed": 769084809,
  "weight_decay": 3.5845844275494154e-05
}