{
  "beta_1": 0.19361559491145705,
  "beta_2": 0.38906194957479123,
  "epsilon": 2.0064315503624442e-09,
  "lr": 0.0009423846879647214,
  "seed": 1796832321.1935918,
  "weight_decay": 1.767629396534743e-06
}