{
  "beta_1": 0.7472975168465971,
  "beta_2": 0.9691451003873384,
  "epsilon": 8.263838528947894e-05,
  "lr": 0.0011875981646358442,
  "seed": 1212747723,
  "weight_decay": 0.00363599542611602
}