{
  "beta_1": 0.7938828773505583,
  "beta_2": 0.9220203363383394,
  "epsilon": 1.4559132354959121e-08,
  "lr": 5.0489173721173174e-06,
  "seed": 546823275,
  "weight_decay": 1.7675472362912384e-08
}