{
  "beta_1": 0.21452349654023123,
  "beta_2": 0.9755978291434639,
  "epsilon": 2.35679224095306e-06,
  "lr": 0.0004931088229755146,
  "seed": 359524022.4768266,
  "weight_decay": 0.000483576127763493
}