{
  "beta_1": 0.5081096309830793,
  "beta_2": 0.5973028657999585,
  "epsilon": 4.481875187973369e-09,
  "lr": 0.0006809905522845889,
  "seed": 1525782510.9846704,
  "weight_decay": 0.0029675248814279563
}