{
  "beta1": 0.6753699877633788,
  "beta2": 0.8944472884263349,
  "epsilon": 2.1115801095134662e-07,
  "lr": 0.0035346012035993735,
  "seed": 790416135,
  "weight_decay": 0.00013987155762468744,
  "x_beta1": 0.6904948381246704,
  "x_beta2": 2.4232608207380038
}