{
  "beta_1": 0.20818395773475692,
  "beta_2": 0.4985708372072404,
  "epsilon": 4.801963275202948e-06,
  "lr": 0.001470676318346387,
  "seed": 1803148094.2781427,
  "weight_decay": 1.6276533497875022e-08
}