{
  "beta_1": 0.21114042005396738,
  "beta_2": 0.5433103684464103,
  "epsilon": 3.82328238385604e-06,
  "lr": 0.00022075610890951244,
  "seed": 684822146,
  "weight_decay": 6.642063919570067e-07
}