{
  "beta_1": 0.11293996859277342,
  "beta_2": 0.3291839756175532,
  "epsilon": 8.468324306825326e-05,
  "lr": 0.0026900487128220813,
  "seed": 1446119642,
  "weight_decay": 0.00041397870245500217
}