{
  "beta_1": 0.6466830109184948,
  "beta_2": 0.3563638331638258,
  "epsilon": 0.00020015058883229506,
  "lr": 3.7322466991413976e-05,
  "seed": 561392006,
  "weight_decay": 0.00028570666824913283
}