{
  "beta_1": 0.38186605018404984,
  "beta_2": 0.9018187263186019,
  "epsilon": 1.5821472779922135e-10,
  "lr": 0.05335126384458003,
  "seed": 620641508,
  "weight_decay": 1.1471143555248855e-07
}