{
  "beta_1": 0.30094929134108767,
  "beta_2": 0.37833000862460275,
  "epsilon": 2.042854788346323e-06,
  "lr": 0.007385036300863976,
  "seed": 442780735,
  "weight_decay": 0.000870167329049366
}