{
  "beta_1": 0.9548527149496326,
  "beta_2": 0.8961599471994662,
  "epsilon": 1.446957803557571e-05,
  "lr": 1.4426567372245146e-06,
  "seed": 553814801,
  "weight_decay": 4.7171647666078186e-08
}