{
  "beta_1": 0.11463717033659267,
  "beta_2": 0.8308656869704771,
  "epsilon": 0.0009525830978003383,
  "lr": 7.608930182032332e-06,
  "seed": 1547334223,
  "weight_decay": 2.2468687235649744e-07
}