{
  "beta_1": 0.2705572829680948,
  "beta_2": 0.35257769582279386,
  "epsilon": 8.492666099074955e-07,
  "lr": 0.09102479077532934,
  "seed": 843125856,
  "weight_decay": 0.0017002833877934373
}