{
  "beta_1": 0.8986105146415571,
  "beta_2": 0.7403731264120529,
  "epsilon": 5.783065276120697e-06,
  "lr": 0.002904554457885702,
  "seed": 227383749.82642606,
  "weight_decay": 9.518549531292246e-06
}