{
  "beta_1": 0.9539848809581007,
  "beta_2": 0.6183087586655861,
  "epsilon": 1.5859951613547164e-07,
  "lr": 4.5529533745711675e-05,
  "seed": 2090237466,
  "weight_decay": 1.3595207742322911e-08
}