{
  "beta_1": 0.959210642306539,
  "beta_2": 0.7888533791764406,
  "epsilon": 1.5766758425462114e-10,
  "lr": 0.00016355672233750714,
  "seed": 747232013.7211152,
  "weight_decay": 1.0418404678474242e-08
}