{
  "beta_1": 0.18909735076134698,
  "beta_2": 0.3212050158234819,
  "epsilon": 0.0003050253160283086,
  "lr": 0.04444648970142775,
  "seed": 119279237.53572673,
  "weight_decay": 3.0619861768749886e-05
}