{
  "beta_1": 0.8989639698448191,
  "beta_2": 0.35826677271674345,
  "epsilon": 3.0191621611654475e-10,
  "lr": 0.00022854805015203085,
  "seed": 563270593,
  "weight_decay": 0.001180830992955835
}