{
  "beta_1": 0.5430108468812717,
  "beta_2": 0.7251268669173249,
  "epsilon": 1.8512709180607362e-09,
  "lr": 0.0014439351173166188,
  "seed": 143513485.38162738,
  "weight_decay": 1.1285383115575916e-08
}