{
  "beta_1": 0.10488251289107947,
  "beta_2": 0.3028563890453002,
  "epsilon": 0.0003223204454173321,
  "lr": 9.780969978806109e-05,
  "seed": 385221923,
  "weight_decay": 7.6022206555549725e-06
}