{
  "beta1": 0.10300533754251837,
  "beta2": 0.9574600854385931,
  "epsilon": 1.59175172739871e-07,
  "lr": 0.0011985961652845186,
  "seed": 198801717,
  "weight_decay": 0.0021452952617518183,
  "x_beta1": -5.697544567238328,
  "x_beta2": 3.005885329781437
}