{
  "beta_1": 0.8749404538101397,
  "beta_2": 0.10759361964168855,
  "epsilon": 1.1470919610253524e-05,
  "lr": 0.04089774664905524,
  "seed": 606568906,
  "weight_decay": 9.75144254683216e-05
}