{
  "beta_1": 0.5256066316732007,
  "beta_2": 0.20189709147968232,
  "epsilon": 1.4079228382866553e-05,
  "lr": 0.033859558688552165,
  "seed": 261660841,
  "weight_decay": 0.004155287725527781
}