{
  "beta1": 0.7778134221512559,
  "beta2": 0.21121414693091345,
  "epsilon": 2.458599226595522e-05,
  "lr": 0.0007223109333703,
  "seed": 1639966292,
  "weight_decay": 9.109038524697452e-05,
  "x_beta1": 0.8958923779980836,
  "x_beta2": -1.5671283911140805
}