{
  "beta_1": 0.11322447981384319,
  "beta_2": 0.7788832954393037,
  "epsilon": 1.2059809152025479e-08,
  "lr": 0.0703657047438977,
  "seed": 434114324,
  "weight_decay": 1.0119119071430216e-06
}