{
  "beta_1": 0.46810353826960316,
  "beta_2": 0.9378587466507898,
  "epsilon": 9.062777615036208e-08,
  "lr": 2.9190284927916657e-06,
  "seed": 1498122529,
  "weight_decay": 0.00020174247266865772
}