{
  "beta_1": 0.20632294673676035,
  "beta_2": 0.775515221218319,
  "epsilon": 1.5040417839685305e-08,
  "lr": 0.00030218697575897977,
  "seed": 1813999177,
  "weight_decay": 0.0025371595508474763
}