{
  "beta_1": 0.570128432640798,
  "beta_2": 0.674270721191502,
  "epsilon": 4.655809784494318e-10,
  "lr": 0.0008931036714994098,
  "seed": 1439184922.7107818,
  "weight_decay": 6.932390975079172e-07
}