{
  "beta_1": 0.1250369105232835,
  "beta_2": 0.26117268623813605,
  "epsilon": 9.712942740502908e-10,
  "lr": 0.0018164513842379747,
  "seed": 1491111704.6939826,
  "weight_decay": 2.7949489508490366e-06
}