{
  "beta_1": 0.5742828158264198,
  "beta_2": 0.897285082261851,
  "epsilon": 0.0005302413422978036,
  "lr": 1.4137308924604309e-05,
  "seed": 409767378,
  "weight_decay": 0.005314964990050958
}