{
  "beta_1": 0.9790993758174085,
  "beta_2": 0.11474216710758461,
  "epsilon": 2.4718662823451526e-09,
  "lr": 0.004090535513664679,
  "seed": 321699267,
  "weight_decay": 0.0011430742253346956
}