{
  "beta_1": 0.2153305955947726,
  "beta_2": 0.8439201868203857,
  "epsilon": 3.560584758379827e-08,
  "lr": 0.000453240553993344,
  "seed": 925970276,
  "weight_decay": 0.00489136083042776
}