{
  "beta_1": 0.929087420066569,
  "beta_2": 0.9504189339618898,
  "epsilon": 1.493218868892934e-06,
  "lr": 5.568149885873316e-06,
  "seed": 129626518,
  "weight_decay": 1.1620142164341544e-07
}