{
  "beta1": 0.10156090917527741,
  "beta2": 0.5921145772605226,
  "epsilon": 4.857020528966577e-07,
  "lr": 0.003746247302008078,
  "seed": 1008789378,
  "weight_decay": 3.5002718993176016e-07,
  "x_beta1": -5.083421437217087,
  "x_beta2": -0.808782475078015
}