{
  "beta_1": 0.9961276452288442,
  "beta_2": 0.33442848358642085,
  "epsilon": 3.058156188492635e-08,
  "lr": 0.012040656490051656,
  "seed": 1010039264,
  "weight_decay": 6.466934231928583e-08
}