{
  "beta_1": 0.11643586999046385,
  "beta_2": 0.5127044744087298,
  "epsilon": 3.300191879747257e-08,
  "lr": 0.0007945931333422275,
  "seed": 1051791933,
  "weight_decay": 4.666515600934802e-05
}