{
  "beta_1": 0.7023303309351563,
  "beta_2": 0.8669192734379012,
  "epsilon": 5.852443242298318e-09,
  "lr": 0.009433791076884183,
  "seed": 1492987054,
  "weight_decay": 1.8068888899701569e-06
}