{
  "beta_1": 0.5483908941614097,
  "beta_2": 0.3129981181521131,
  "epsilon": 6.649520579378849e-08,
  "lr": 5.913067441132508e-06,
  "seed": 1408048106.3846781,
  "weight_decay": 6.734201125491257e-06
}