{
  "beta_1": 0.6204503222688738,
  "beta_2": 0.23540023686532055,
  "epsilon": 2.1500624559311666e-07,
  "lr": 0.00042379469966307944,
  "seed": 1825705123,
  "weight_decay": 4.006620960251973e-07
}