{
  "beta_1": 0.34557916613114514,
  "beta_2": 0.4704211786718864,
  "epsilon": 0.0003378509128734872,
  "lr": 0.00010226186756996983,
  "seed": 791065956,
  "weight_decay": 0.0015653216185402032
}