{
  "beta_1": 0.7577673242899917,
  "beta_2": 0.8385403464484357,
  "epsilon": 4.115910011670481e-10,
  "lr": 0.0017944618851877996,
  "seed": 1080853453.6231892,
  "weight_decay": 1.3052863416037765e-08
}