{
  "beta_1": 0.15193975289022243,
  "beta_2": 0.10433848762837619,
  "epsilon": 1.7628884263545704e-06,
  "lr": 4.865725446629077e-05,
  "seed": 58330548,
  "weight_decay": 0.0035924336378111072
}