{
  "beta_1": 0.6727527608741429,
  "beta_2": 0.8256916768525014,
  "epsilon": 1.1517326151963153e-09,
  "lr": 0.0005031607602602804,
  "seed": 738936483.8283074,
  "weight_decay": 7.23118792041956e-05
}