{
  "beta_1": 0.4694343861213257,
  "beta_2": 0.689247033915746,
  "epsilon": 3.232984202241956e-09,
  "lr": 1.3647040556528776e-06,
  "seed": 96220511,
  "weight_decay": 3.053512734748059e-06
}