{
  "beta_1": 0.6283857119097872,
  "beta_2": 0.8239146411612519,
  "epsilon": 1.9604107851866392e-07,
  "lr": 0.00026821264546407996,
  "seed": 1629379049.5146294,
  "weight_decay": 0.0005642817174253632
}