{
  "beta_1": 0.7137157449914115,
  "beta_2": 0.2885901528482454,
  "epsilon": 4.828064801255902e-05,
  "lr": 4.8582755719104527e-05,
  "seed": 687413672.6163373,
  "weight_decay": 4.2513823616854565e-05
}