{
  "beta_1": 0.5014037349091729,
  "beta_2": 0.34786083777358817,
  "epsilon": 0.0008857528436379121,
  "lr": 0.004390430229669435,
  "seed": 1614514038,
  "weight_decay": 1.2642842643555965e-08
}