{
  "beta_1": 0.835602082289804,
  "beta_2": 0.9393426175878697,
  "epsilon": 7.369220257810624e-10,
  "lr": 0.0006597639987002701,
  "seed": 2071436899,
  "weight_decay": 0.00233224568739179
}