{
  "beta_1": 0.43241387449887914,
  "beta_2": 0.612918200513867,
  "epsilon": 6.714230440922705e-10,
  "lr": 2.907580981422635e-05,
  "seed": 738464719,
  "weight_decay": 0.00015521080873142634
}