{
  "beta_1": 0.8256473722871444,
  "beta_2": 0.9277279969733778,
  "epsilon": 2.2720522508183638e-07,
  "lr": 0.00021610037061155937,
  "seed": 2098484726.5718772,
  "weight_decay": 0.00010444710374805351
}