{
  "beta1": 0.24559033032428537,
  "beta2": 0.3255211063888984,
  "epsilon": 8.109292219311821e-08,
  "lr": 0.0073865463203956795,
  "seed": 997039678,
  "weight_decay": 2.4874348719608875e-07,
  "x_beta1": -1.6438124089432389,
  "x_beta2": -1.095378356914825
}