{
  "beta_1": 0.9055427544424232,
  "beta_2": 0.3792086111024361,
  "epsilon": 5.602537407664543e-08,
  "lr": 0.011100611169026152,
  "seed": 1394881215,
  "weight_decay": 3.703184106740267e-08
}