{
  "beta_1": 0.7060852917563681,
  "beta_2": 0.8892868267975915,
  "epsilon": 6.220271887475147e-06,
  "lr": 0.00013378454748532478,
  "seed": 981486121,
  "weight_decay": 2.0868422308360424e-06
}