{
  "beta_1": 0.1386393632736879,
  "beta_2": 0.1604624335907752,
  "epsilon": 2.372365467739307e-08,
  "lr": 0.005202391618778186,
  "seed": 1945282832.0294492,
  "weight_decay": 0.0006574248292232254
}