{
  "beta_1": 0.46874866239469215,
  "beta_2": 0.3889210269806606,
  "epsilon": 1.5716253258275182e-07,
  "lr": 0.005545983821450452,
  "seed": 1639966292,
  "weight_decay": 9.109038524697452e-05
}