{
  "beta_1": 0.5349124369935352,
  "beta_2": 0.8187090871342928,
  "epsilon": 0.0002369840141812656,
  "lr": 0.006043738087326476,
  "seed": 587717245,
  "weight_decay": 0.00038057844170750923
}