{
  "beta_1": 0.30602863522236523,
  "beta_2": 0.3358871044494156,
  "epsilon": 1.6001161145453323e-09,
  "lr": 0.06375601969499282,
  "seed": 2026306925,
  "weight_decay": 0.00408275618903709
}