{
  "beta_1": 0.17295705568574893,
  "beta_2": 0.890409236321232,
  "epsilon": 2.794833339765199e-10,
  "lr": 0.0008264629348939674,
  "seed": 347541855,
  "weight_decay": 5.718371627326917e-05
}