{
  "beta_1": 0.6835180677405776,
  "beta_2": 0.9633986991794298,
  "epsilon": 1.4943287437241093e-08,
  "lr": 0.0009303611221791358,
  "seed": 1223018066.9697177,
  "weight_decay": 4.1965454287784855e-05
}