{
  "beta_1": 0.4963422771593059,
  "beta_2": 0.11138543960047535,
  "epsilon": 4.062361399263141e-10,
  "lr": 0.00029344944520235473,
  "seed": 821657541.6330429,
  "weight_decay": 5.128720653731879e-06
}