{
  "beta_1": 0.4146372161413492,
  "beta_2": 0.40860760365541016,
  "epsilon": 4.403632184846188e-05,
  "lr": 9.856154303866588e-06,
  "seed": 383017695,
  "weight_decay": 0.00024050491903352948
}