{
  "beta_1": 0.7819256147486128,
  "beta_2": 0.9295806780513405,
  "epsilon": 0.0001236814854743914,
  "lr": 3.3282809060652665e-05,
  "seed": 1937475187,
  "weight_decay": 1.7138876964449722e-05
}