{
  "beta_1": 0.11233094344408626,
  "beta_2": 0.6250171509790763,
  "epsilon": 0.000621418679276215,
  "lr": 6.987700736615953e-06,
  "seed": 1415567418.2437203,
  "weight_decay": 0.0014840881050589047
}