{
  "beta_1": 0.4880007924798564,
  "beta_2": 0.46886455221019785,
  "epsilon": 1.3608593384709752e-09,
  "lr": 0.00016341208890162184,
  "seed": 1322345373,
  "weight_decay": 2.6755775995216388e-05
}