{
  "beta_1": 0.1410649518812324,
  "beta_2": 0.8929887288051186,
  "epsilon": 4.642358681683626e-06,
  "lr": 0.0007607761730780417,
  "seed": 1957882119,
  "weight_decay": 4.0062793838191256e-08
}