{
  "beta_1": 0.18440396435613557,
  "beta_2": 0.4788953333397934,
  "epsilon": 1.969065682763982e-09,
  "lr": 0.011856612782326694,
  "seed": 1101562532,
  "weight_decay": 0.00043571378237688665
}