{
  "beta_1": 0.32735794976705784,
  "beta_2": 0.6512489512743413,
  "epsilon": 1.7892534540041482e-07,
  "lr": 7.89447617103214e-06,
  "seed": 1193762092,
  "weight_decay": 0.0014591158448139549
}