{
  "beta_1": 0.7874022669744403,
  "beta_2": 0.7270954811960627,
  "epsilon": 2.1272435504801468e-05,
  "lr": 0.00016394567555484194,
  "seed": 450547785.8319592,
  "weight_decay": 6.760874694253878e-07
}