{
  "beta_1": 0.15042834527235563,
  "beta_2": 0.8694628528008345,
  "epsilon": 2.832354321005854e-05,
  "lr": 0.00013325567840472122,
  "seed": 952320846,
  "weight_decay": 0.0013348742749003425
}