{
  "beta_1": 0.5868286814448803,
  "beta_2": 0.7909264692386498,
  "epsilon": 8.972430601049494e-10,
  "lr": 0.07396766911920355,
  "seed": 743068547,
  "weight_decay": 6.160358399695685e-07
}