{
  "beta_1": 0.9798361418400038,
  "beta_2": 0.8890744854623256,
  "epsilon": 0.0002516071956455041,
  "lr": 0.06083645954620274,
  "seed": 2007207527,
  "weight_decay": 3.6204844819783254e-06
}