{
  "beta_1": 0.47562332156884346,
  "beta_2": 0.1465719289038626,
  "epsilon": 5.018873738257355e-10,
  "lr": 0.0027605067085722883,
  "seed": 588523874.0842026,
  "weight_decay": 0.0005913509889111111
}