{
  "beta_1": 0.22640045263904182,
  "beta_2": 0.2796400055082643,
  "epsilon": 2.792131327560681e-05,
  "lr": 0.002633489264968547,
  "seed": 1919050959.4096637,
  "weight_decay": 0.002284480688010966
}