{
  "beta_1": 0.13995092196395575,
  "beta_2": 0.41607482654816474,
  "epsilon": 1.42576229109397e-08,
  "lr": 0.028112845284491435,
  "seed": 997629969,
  "weight_decay": 3.54270684232623e-06
}