{
  "beta_1": 0.9435489219244536,
  "beta_2": 0.6281587187098548,
  "epsilon": 4.3169954936029784e-07,
  "lr": 5.788967505005026e-05,
  "seed": 1729409786,
  "weight_decay": 5.029732821155949e-08
}