{
  "beta_1": 0.9074470141564812,
  "beta_2": 0.6780202028467988,
  "epsilon": 3.721394349445194e-10,
  "lr": 1.2100515965725287e-05,
  "seed": 1931654315,
  "weight_decay": 1.7075806052307144e-07
}