{
  "beta_1": 0.658252859050523,
  "beta_2": 0.5141783562815493,
  "epsilon": 4.72880883083957e-10,
  "lr": 0.0005230171888025786,
  "seed": 1531527487.926037,
  "weight_decay": 0.00021913382077144134
}