{
  "beta_1": 0.27457071675912226,
  "beta_2": 0.4578142975629037,
  "epsilon": 7.4149901044780085e-06,
  "lr": 2.2263509161167984e-06,
  "seed": 1447894096.4565587,
  "weight_decay": 0.0043033712017726015
}