{
  "beta_1": 0.6790420756755505,
  "beta_2": 0.6144817341658472,
  "epsilon": 0.00024247574437382115,
  "lr": 1.0312581789569055e-05,
  "seed": 289592080,
  "weight_decay": 0.003944451964420908
}