{
  "beta1": 0.10000097165840899,
  "beta2": 0.10003835600348408,
  "epsilon": 3.386802661797629e-07,
  "lr": 0.0068362136009801205,
  "seed": 310193659,
  "weight_decay": 9.454641133323388e-05,
  "x_beta1": 8.189550029919653,
  "x_beta2": -8.05046819317558
}