{
  "beta_1": 0.26391159786825924,
  "beta_2": 0.7497465110874408,
  "epsilon": 5.265686141433229e-10,
  "lr": 0.0026380764284034265,
  "seed": 474141895,
  "weight_decay": 0.006012687880065977
}