{
  "beta_1": 0.1552560441590707,
  "beta_2": 0.8575936721328276,
  "epsilon": 1.8045309550984147e-10,
  "lr": 1.9370420338505667e-05,
  "seed": 970032378,
  "weight_decay": 0.00034764393114647234
}