{
  "beta_1": 0.4672639141277266,
  "beta_2": 0.4793234386277906,
  "epsilon": 0.00015005066437831307,
  "lr": 0.005569147612726388,
  "seed": 898094171,
  "weight_decay": 1.78828396207331e-06
}