{
  "beta_1": 0.7625480536918013,
  "beta_2": 0.5919535929526794,
  "epsilon": 8.203431983074854e-05,
  "lr": 0.002714026530036529,
  "seed": 1830537762,
  "weight_decay": 0.002185752986797913
}