{
  "beta_1": 0.8157327278812551,
  "beta_2": 0.4226575133391608,
  "epsilon": 2.9812916463461316e-10,
  "lr": 9.194702467593346e-05,
  "seed": 1271000223,
  "weight_decay": 6.860918463326452e-07
}