{
  "beta_1": 0.4823284840024692,
  "beta_2": 0.34138831734997444,
  "epsilon": 2.758167445390749e-09,
  "lr": 0.037228015137166906,
  "seed": 671979351,
  "weight_decay": 0.0002662256177513212
}