{
  "beta_1": 0.2829802340939883,
  "beta_2": 0.3200715318742303,
  "epsilon": 2.6330000041733573e-09,
  "lr": 2.2410686427687254e-05,
  "seed": 844049504,
  "weight_decay": 5.3653116021516026e-05
}