{
  "beta_1": 0.9735276624644086,
  "beta_2": 0.16239189344307367,
  "epsilon": 3.064762412871921e-05,
  "lr": 0.03196231144763131,
  "seed": 1140851437,
  "weight_decay": 1.8903015685951877e-07
}