{
  "beta_1": 0.6161317161046314,
  "beta_2": 0.641971760586132,
  "epsilon": 9.563323180873644e-07,
  "lr": 1.3701394068533926e-05,
  "seed": 319793629,
  "weight_decay": 0.00026235749909659734
}