{
  "beta_1": 0.8625919829023361,
  "beta_2": 0.4137513574649766,
  "epsilon": 3.12795644869622e-06,
  "lr": 6.775604676830745e-06,
  "seed": 791065956,
  "weight_decay": 0.0015653216185402032
}