{
  "beta_1": 0.9803711054905293,
  "beta_2": 0.5986480436943297,
  "epsilon": 2.673106528593814e-08,
  "lr": 0.006188247964233126,
  "seed": 1020997011,
  "weight_decay": 1.1341705052756609e-06
}