{
  "beta_1": 0.5757371338843079,
  "beta_2": 0.2674536904780067,
  "epsilon": 0.00020900023611146316,
  "lr": 0.05532618560738651,
  "seed": 1691266848,
  "weight_decay": 0.0003234994857409404
}