{
  "beta_1": 0.19074537766854976,
  "beta_2": 0.4203883972406308,
  "epsilon": 1.1201285663154449e-10,
  "lr": 0.00016310701773201134,
  "seed": 990882123.097733,
  "weight_decay": 0.002949430295414677
}