{
  "beta_1": 0.805275539194489,
  "beta_2": 0.169086889689636,
  "epsilon": 0.0005352669765703976,
  "lr": 1.190535228921203e-05,
  "seed": 997640731.9845772,
  "weight_decay": 0.002245952268254263
}