{
  "beta_1": 0.6431901486385782,
  "beta_2": 0.6085523470343317,
  "epsilon": 6.004425914689449e-10,
  "lr": 0.0006096886732964,
  "seed": 1910744152.2695158,
  "weight_decay": 0.0006721442091109154
}