{
  "beta_1": 0.5583607504243526,
  "beta_2": 0.2628048856217251,
  "epsilon": 1.5074219478176596e-06,
  "lr": 2.619894364992831e-05,
  "seed": 931138855,
  "weight_decay": 1.3077686495846216e-08
}