{
  "beta_1": 0.45328474488495896,
  "beta_2": 0.43257386230809436,
  "epsilon": 3.142301773146446e-05,
  "lr": 0.0001966070320777353,
  "seed": 873617584,
  "weight_decay": 3.993411880387318e-06
}