{
  "beta1": 0.9835168036096215,
  "beta2": 0.2245433157987978,
  "epsilon": 0.00037531203186906136,
  "lr": 0.0029741940278482574,
  "seed": 680510024,
  "weight_decay": 0.002412322492460261,
  "x_beta1": 3.2353239831452743,
  "x_beta2": 12.040005829754241
}