{
  "beta_1": 0.9410434708469353,
  "beta_2": 0.44035880806912375,
  "epsilon": 9.970198212973784e-08,
  "lr": 0.02896489759367093,
  "seed": 1626328870,
  "weight_decay": 3.510124452081266e-05
}