{
  "beta_1": 0.7884417802976442,
  "beta_2": 0.44590451694125177,
  "epsilon": 4.0419290231845e-05,
  "lr": 2.6156272558235094e-06,
  "seed": 431650330,
  "weight_decay": 1.6066204003587799e-07
}