{
  "beta_1": 0.680881222146718,
  "beta_2": 0.5019651662949756,
  "epsilon": 6.621014247315803e-05,
  "lr": 0.005304115526026458,
  "seed": 1204604881.8088055,
  "weight_decay": 2.9108799644950138e-08
}