{
  "beta1": 0.10454194426386768,
  "beta2": 0.14832543297660483,
  "epsilon": 3.4597660712427533e-09,
  "lr": 0.011440771683205996,
  "seed": 728416891,
  "weight_decay": 1.0708158709447604e-06,
  "x_beta1": -6.339435405865204,
  "x_beta2": -3.4429548994860886
}