{
  "beta1": 0.10000125707611919,
  "beta2": 0.13700916625990156,
  "epsilon": 2.795397420524688e-10,
  "lr": 1.8742907785089154e-06,
  "seed": 1906248145,
  "weight_decay": 1.4184881941652545e-08,
  "x_beta1": -16.176298117371555,
  "x_beta2": -2.51929805449594
}