{
  "beta_1": 0.45454113975492827,
  "beta_2": 0.4265184427448998,
  "epsilon": 8.823331765998352e-10,
  "lr": 0.009346049025934326,
  "seed": 1942927687.153819,
  "weight_decay": 0.008106778802543117
}