{
  "beta_1": 0.28695694061006816,
  "beta_2": 0.7507456893335641,
  "epsilon": 2.1142775732032947e-10,
  "lr": 0.00026701651679279814,
  "seed": 578746663.3211128,
  "weight_decay": 1.6722236099925835e-08
}