{
  "beta_1": 0.2306133183965015,
  "beta_2": 0.8431873248013864,
  "epsilon": 0.00019144529430691,
  "lr": 8.90816428347327e-05,
  "seed": 198801717,
  "weight_decay": 1.0871296769036379e-07
}