{
  "beta_1": 0.41569003854383924,
  "beta_2": 0.7553959134707992,
  "epsilon": 2.977655289987141e-07,
  "lr": 4.446519231252934e-06,
  "seed": 179790013,
  "weight_decay": 3.4061319716165527e-07
}