{
  "beta_1": 0.17787979471373802,
  "beta_2": 0.7788411357384146,
  "epsilon": 0.0002704757019924143,
  "lr": 1.4742659369615022e-06,
  "seed": 1645394008,
  "weight_decay": 0.00012715119990470085
}