{
  "beta_1": 0.7044182404375149,
  "beta_2": 0.4533244928558723,
  "epsilon": 4.909863949269814e-06,
  "lr": 0.005468970880784097,
  "seed": 310193659,
  "weight_decay": 0.00071518149474076
}