{
  "beta_1": 0.42201985419381816,
  "beta_2": 0.365615089695145,
  "epsilon": 1.314091196949026e-08,
  "lr": 0.0006242493594259283,
  "seed": 327734795,
  "weight_decay": 0.005736521923950151
}