{
  "beta_1": 0.5871148757289216,
  "beta_2": 0.6619035143914889,
  "epsilon": 1.8943227003988583e-07,
  "lr": 0.0002479966632856043,
  "seed": 115812351,
  "weight_decay": 0.00024540642060943475
}