{
  "beta_1": 0.40163982303497014,
  "beta_2": 0.5030961171018984,
  "epsilon": 4.3428397090105517e-07,
  "lr": 0.0003562373857528994,
  "seed": 1475118073,
  "weight_decay": 0.00012187309975368809
}