{
  "beta_1": 0.9320400931288698,
  "beta_2": 0.9029743006076908,
  "epsilon": 8.522248494864856e-09,
  "lr": 0.008543998793287632,
  "seed": 1333444896,
  "weight_decay": 0.006204807391720431
}