{
  "beta_1": 0.7261518332663278,
  "beta_2": 0.6497890300024609,
  "epsilon": 0.00015301353827521088,
  "lr": 0.027259403100898288,
  "seed": 1109420618,
  "weight_decay": 5.003243562266719e-08
}