{
  "beta_1": 0.6548814142484537,
  "beta_2": 0.472745472035066,
  "epsilon": 1.8127352748277963e-05,
  "lr": 0.0003736745928412478,
  "seed": 523713284.6781484,
  "weight_decay": 0.0005710809211845629
}