{
  "beta_1": 0.728521688606187,
  "beta_2": 0.3234002301926971,
  "epsilon": 7.494929243652855e-07,
  "lr": 0.00019037903580333102,
  "seed": 791065956,
  "weight_decay": 0.001304434682116836
}