{
  "beta_1": 0.20054070489509473,
  "beta_2": 0.8360921132200416,
  "epsilon": 0.0006845480807736433,
  "lr": 0.07756319042655078,
  "seed": 766229725.719325,
  "weight_decay": 3.646906574223622e-07
}