{
  "beta_1": 0.686914695409205,
  "beta_2": 0.16352091859470957,
  "epsilon": 3.96872675725822e-09,
  "lr": 4.2518510328961585e-06,
  "seed": 989849217,
  "weight_decay": 6.565461632606148e-05
}