{
  "beta_1": 0.11542014397384459,
  "beta_2": 0.38408442830260403,
  "epsilon": 5.37701750574761e-06,
  "lr": 0.0011499308726417913,
  "seed": 63202804,
  "weight_decay": 1.1754791925259257e-07
}