{
  "beta_1": 0.3219322717042508,
  "beta_2": 0.38109843661653997,
  "epsilon": 1.1700744380427733e-05,
  "lr": 0.0015282761839226977,
  "seed": 306523962,
  "weight_decay": 0.00886567751545265
}