{
  "beta_1": 0.32747592736985687,
  "beta_2": 0.7139428598164234,
  "epsilon": 0.0001854019515382623,
  "lr": 0.0025198171365878024,
  "seed": 334403443.85595965,
  "weight_decay": 0.00013685293408827195
}