{
  "beta_1": 0.7718648759050604,
  "beta_2": 0.7395787027260836,
  "epsilon": 2.810956997988007e-08,
  "lr": 0.00023234823117265188,
  "seed": 1165609613.8758535,
  "weight_decay": 4.196132317749233e-07
}