{
  "beta_1": 0.510878620764748,
  "beta_2": 0.9352736702524913,
  "epsilon": 3.929359629053127e-08,
  "lr": 0.0005627135711747447,
  "seed": 440407201.1133531,
  "weight_decay": 0.001450571513421107
}