{
  "beta1": 0.10000541652633066,
  "beta2": 0.11044984180993377,
  "epsilon": 0.0001584838594933808,
  "lr": 1.4470016162712292e-05,
  "seed": 104167178,
  "weight_decay": 0.0008175103081078361,
  "x_beta1": -9.615662061435113,
  "x_beta2": -5.332819957838351
}