{
  "beta_1": 0.10222333492415762,
  "beta_2": 0.599517532191504,
  "epsilon": 5.583681152764703e-09,
  "lr": 0.03428351658495174,
  "seed": 1049758227,
  "weight_decay": 1.3977164353855836e-05
}