{
  "beta_1": 0.15282849607797014,
  "beta_2": 0.5979408705656681,
  "epsilon": 0.0003838043990133062,
  "lr": 0.0994295849020814,
  "seed": 1146132369.8001544,
  "weight_decay": 0.006647086166968713
}