{
  "beta_1": 0.1759857806691197,
  "beta_2": 0.9173478698887685,
  "epsilon": 8.292384444391876e-08,
  "lr": 0.00042263363908082245,
  "seed": 718403458.8120865,
  "weight_decay": 0.0005210478637184579
}