{
  "beta_1": 0.42514452699669436,
  "beta_2": 0.7536761934994407,
  "epsilon": 1.953924048673664e-10,
  "lr": 0.00013886112651041136,
  "seed": 1176970424,
  "weight_decay": 1.211204805730335e-05
}