{
  "beta_1": 0.8224018904906901,
  "beta_2": 0.4282723835083587,
  "epsilon": 2.2513014947515278e-09,
  "lr": 0.020591582682738307,
  "seed": 82621714,
  "weight_decay": 2.4788614721261247e-05
}