{
  "beta_1": 0.5078988864117017,
  "beta_2": 0.6932279943407699,
  "epsilon": 9.256083716091755e-06,
  "lr": 0.00023234823117265175,
  "seed": 864103735,
  "weight_decay": 1.805824917466235e-05
}