{
  "beta_1": 0.16250728145200424,
  "beta_2": 0.22514419832023827,
  "epsilon": 4.5796312342547424e-07,
  "lr": 0.0002030017165443939,
  "seed": 45396578,
  "weight_decay": 0.008703155401826899
}