{
  "beta_1": 0.7648698797911418,
  "beta_2": 0.8216001542380462,
  "epsilon": 2.5190793293314067e-10,
  "lr": 0.00040315619823183145,
  "seed": 1759231507.7029939,
  "weight_decay": 0.00024378558091996472
}