{
  "beta_1": 0.6413475441313016,
  "beta_2": 0.4516859194801497,
  "epsilon": 9.713123195902218e-10,
  "lr": 0.0027478034819557163,
  "seed": 1415143256.8227463,
  "weight_decay": 0.002495434909604834
}