{
  "beta1": 0.10000708547967072,
  "beta2": 0.9996301690673991,
  "epsilon": 4.129331894670605e-07,
  "lr": 0.00017004219223275616,
  "seed": 557105898,
  "weight_decay": 0.000640400505129656,
  "x_beta1": -11.750982858771867,
  "x_beta2": 8.111943447279307
}