{
  "beta_1": 0.9270977746102236,
  "beta_2": 0.22047606969634087,
  "epsilon": 1.06783424432382e-09,
  "lr": 3.744864610451721e-05,
  "seed": 1616526297,
  "weight_decay": 7.898433803172372e-05
}