{
  "beta_1": 0.8159816464611078,
  "beta_2": 0.8451532548910391,
  "epsilon": 1.0735052703433301e-10,
  "lr": 0.0009318681568447283,
  "seed": 161242445.45586345,
  "weight_decay": 0.00013215094865171953
}