{
  "beta_1": 0.15860842831067218,
  "beta_2": 0.45252385943849405,
  "epsilon": 4.718444283663308e-08,
  "lr": 3.835544063858463e-05,
  "seed": 1858317772,
  "weight_decay": 8.342631902055755e-06
}