{
  "beta_1": 0.1376425519904092,
  "beta_2": 0.7163427680893159,
  "epsilon": 1.2541242021556944e-09,
  "lr": 0.02639630766041237,
  "seed": 521883865,
  "weight_decay": 0.00560293636361272
}