{
  "beta_1": 0.8699058975340089,
  "beta_2": 0.8287970501592554,
  "epsilon": 1.3529917458638576e-07,
  "lr": 0.001407487835210815,
  "seed": 820073591.224494,
  "weight_decay": 5.2273191912759275e-08
}