{
  "beta1": 0.8384672279904049,
  "beta2": 0.10002898461213956,
  "epsilon": 2.205533392435623e-08,
  "lr": 0.002851184346661627,
  "seed": 312117712,
  "weight_decay": 1.914249382918566e-07,
  "x_beta1": 1.526078615832633,
  "x_beta2": -10.343241642517096
}