{
  "beta_1": 0.5712743242926783,
  "beta_2": 0.3753879904616625,
  "epsilon": 5.5410134123661436e-05,
  "lr": 1.7247175600670245e-05,
  "seed": 1042686441,
  "weight_decay": 2.3386231413485965e-08
}