{
  "beta_1": 0.6497015884954526,
  "beta_2": 0.8462223758837205,
  "epsilon": 5.516526248382831e-07,
  "lr": 3.3574520238908634e-05,
  "seed": 1954342387.062485,
  "weight_decay": 2.2780069144146823e-06
}