{
  "beta1": 0.10010931013527151,
  "beta2": 0.10008584636585448,
  "epsilon": 0.0005535900946018667,
  "lr": 0.000145091576842045,
  "seed": 386537894,
  "weight_decay": 0.0013218161211671247,
  "x_beta1": -7.211782076356636,
  "x_beta2": -11.108861123896325
}