{
  "beta_1": 0.80902252114037,
  "beta_2": 0.5986208156862078,
  "epsilon": 1.8180656082781925e-08,
  "lr": 0.002912255544351305,
  "seed": 179383757.49524382,
  "weight_decay": 1.2002584734180602e-08
}