{
  "beta_1": 0.6062163733361691,
  "beta_2": 0.5801948549704972,
  "epsilon": 0.00018323774426979948,
  "lr": 0.012529718170016175,
  "seed": 1455603825.8423853,
  "weight_decay": 1.3113419671514915e-08
}