{
  "beta_1": 0.4290957807327641,
  "beta_2": 0.7481558672866264,
  "epsilon": 2.697304539740067e-06,
  "lr": 0.0010258836401317063,
  "seed": 1780945700,
  "weight_decay": 0.00031502426340397654
}