{
  "beta_1": 0.4036715408702013,
  "beta_2": 0.3434387213391454,
  "epsilon": 0.0006077165075537703,
  "lr": 1.7382144256812447e-06,
  "seed": 1809503443,
  "weight_decay": 0.0096847706362808
}