{
  "beta_1": 0.9625437196963399,
  "beta_2": 0.8643858191577429,
  "epsilon": 0.0002804157209186934,
  "lr": 2.431412039505816e-06,
  "seed": 338455425,
  "weight_decay": 2.680928734189366e-07
}