{
  "beta_1": 0.9048320785079925,
  "beta_2": 0.41635252917505483,
  "epsilon": 1.1423248966305999e-09,
  "lr": 0.04478258514775146,
  "seed": 570341524,
  "weight_decay": 1.4357646981944686e-05
}