{
  "beta_1": 0.15324883662519742,
  "beta_2": 0.6236131667608648,
  "epsilon": 3.152290219678175e-05,
  "lr": 0.016067880030768485,
  "seed": 251329724,
  "weight_decay": 1.5521930345662968e-08
}