{
  "beta_1": 0.6150416576249047,
  "beta_2": 0.8842044395395756,
  "epsilon": 4.8502470517135065e-08,
  "lr": 0.0064985614087453335,
  "seed": 168405462.89785072,
  "weight_decay": 5.3868244346635556e-08
}