{
  "beta1": 0.10113181623110162,
  "beta2": 0.999897505211648,
  "epsilon": 1.4371019987105927e-09,
  "lr": 0.0002680193580349122,
  "seed": 2128198898,
  "weight_decay": 0.0035464590799160665,
  "x_beta1": -5.340959713812354,
  "x_beta2": -0.26796850652659643
}