{
  "beta_1": 0.23424886896044386,
  "beta_2": 0.24203436064506256,
  "epsilon": 0.0008221179347601181,
  "lr": 1.2027173075244023e-06,
  "seed": 1433896506,
  "weight_decay": 2.0131804765531586e-06
}