{
  "beta_1": 0.17874416481895034,
  "beta_2": 0.5633382031258226,
  "epsilon": 1.1126874585516902e-10,
  "lr": 0.013809724210779412,
  "seed": 262460808,
  "weight_decay": 1.2154402761608111e-08
}