{
  "beta_1": 0.9025626540888816,
  "beta_2": 0.28388479722368876,
  "epsilon": 8.274116584230565e-08,
  "lr": 1.6931285512947449e-06,
  "seed": 788998236,
  "weight_decay": 9.693670084407198e-05
}