{
  "beta_1": 0.49755844081087897,
  "beta_2": 0.8668357589467482,
  "epsilon": 6.527140266832096e-08,
  "lr": 0.00036527880899382215,
  "seed": 402812893,
  "weight_decay": 3.595951077497478e-07
}