{
  "beta_1": 0.26639707909261223,
  "beta_2": 0.7284822115001259,
  "epsilon": 0.0001027709117158938,
  "lr": 1.5570930449819823e-06,
  "seed": 680510024,
  "weight_decay": 0.001029257596783045
}