{
  "beta_1": 0.14256771375825344,
  "beta_2": 0.9667538725234146,
  "epsilon": 4.6073015801506174e-10,
  "lr": 1.980682491774393e-06,
  "seed": 424711347,
  "weight_decay": 0.00038481049243186115
}