{
  "beta_1": 0.3177205235476193,
  "beta_2": 0.7919943296613434,
  "epsilon": 5.021741435429506e-08,
  "lr": 1.4062354887556732e-06,
  "seed": 661959591.278084,
  "weight_decay": 0.00040612348928317863
}