{
  "beta_1": 0.24351240828047918,
  "beta_2": 0.7692240474914678,
  "epsilon": 3.055838505522309e-08,
  "lr": 0.000606233243787492,
  "seed": 308596595.9938281,
  "weight_decay": 6.092765172852465e-05
}