{
  "beta_1": 0.6729745625532614,
  "beta_2": 0.8156030730671452,
  "epsilon": 2.6466336441514447e-10,
  "lr": 0.0006777810395243839,
  "seed": 720113109.922504,
  "weight_decay": 1.3979302085401955e-05
}