{
  "beta_1": 0.32660367094887693,
  "beta_2": 0.5903635883263757,
  "epsilon": 6.441838599566406e-07,
  "lr": 2.876439424792748e-05,
  "seed": 1734650555.5401607,
  "weight_decay": 0.001434161605819912
}