{
  "beta1": 0.10000936724195,
  "beta2": 0.10555932660687745,
  "epsilon": 5.833870353395832e-07,
  "lr": 0.00018527741371509487,
  "seed": 1392011481,
  "weight_decay": 4.063136568188318e-07,
  "x_beta1": -13.766171027808932,
  "x_beta2": -4.0644878255718
}