{
  "beta_1": 0.6384342445374006,
  "beta_2": 0.6889061081015685,
  "epsilon": 8.2127022950228e-09,
  "lr": 7.502110361178901e-06,
  "seed": 508907122.55245274,
  "weight_decay": 0.00010330217977929165
}