{
  "beta_1": 0.8346455413008995,
  "beta_2": 0.6347746218222975,
  "epsilon": 7.906086007967489e-06,
  "lr": 1.4871490617520794e-05,
  "seed": 1799124183,
  "weight_decay": 2.348179160452052e-05
}