{
  "beta_1": 0.4351493504206514,
  "beta_2": 0.7956702754147866,
  "epsilon": 4.4975106839132906e-10,
  "lr": 1.1908632576016257e-05,
  "seed": 35457184,
  "weight_decay": 1.1006567890235485e-05
}