{
  "beta_1": 0.7412987762088904,
  "beta_2": 0.31113828543022337,
  "epsilon": 1.1292755311379572e-10,
  "lr": 2.307602259279045e-06,
  "seed": 1872147568.206117,
  "weight_decay": 3.37814320972384e-08
}