{
  "beta_1": 0.6155686728073542,
  "beta_2": 0.5162062792610703,
  "epsilon": 3.187930506893172e-08,
  "lr": 1.5321762187090545e-06,
  "seed": 2097216465.2964098,
  "weight_decay": 9.559536030238176e-08
}