{
  "beta_1": 0.3861942241645371,
  "beta_2": 0.5557268324991785,
  "epsilon": 7.060758422165936e-07,
  "lr": 1.8116346014050427e-06,
  "seed": 843471265,
  "weight_decay": 0.0005335622776913939
}