{
  "beta_1": 0.7583166679357211,
  "beta_2": 0.8123428109369448,
  "epsilon": 5.210692400833414e-06,
  "lr": 0.007861592774315336,
  "seed": 2047766624.3413637,
  "weight_decay": 1.2274852088576953e-05
}