{
  "beta_1": 0.8515983511665962,
  "beta_2": 0.5918760786419197,
  "epsilon": 3.520022498194002e-08,
  "lr": 8.66181571871012e-05,
  "seed": 1747379551,
  "weight_decay": 7.3376106553392e-05
}