{
  "beta_1": 0.26854236456865466,
  "beta_2": 0.5193219375571659,
  "epsilon": 7.021770368969342e-05,
  "lr": 1.527216720170189e-06,
  "seed": 958923201.3991864,
  "weight_decay": 2.5803083311042354e-06
}