{
  "beta_1": 0.2663582720031805,
  "beta_2": 0.8671205472417293,
  "epsilon": 2.290074362232122e-06,
  "lr": 8.705762123969743e-06,
  "seed": 24248649,
  "weight_decay": 3.64925001222105e-08
}