{
  "beta_1": 0.12305337087423263,
  "beta_2": 0.6578551352577359,
  "epsilon": 1.1061511383269904e-05,
  "lr": 0.0002929653636930289,
  "seed": 1657248449,
  "weight_decay": 2.844211432314602e-07
}