{
  "beta_1": 0.6928329241131328,
  "beta_2": 0.6654978078573002,
  "epsilon": 6.439662798098783e-06,
  "lr": 0.00010300797238457147,
  "seed": 206479922.1862578,
  "weight_decay": 0.004976882806385168
}