{
  "beta_1": 0.19503392173008352,
  "beta_2": 0.5280755790237801,
  "epsilon": 3.824705195985335e-09,
  "lr": 0.0005753394787927555,
  "seed": 747672151,
  "weight_decay": 4.3978831764079836e-08
}