{
  "beta_1": 0.3072700947351521,
  "beta_2": 0.8313558861695,
  "epsilon": 5.380346422453004e-06,
  "lr": 0.0004347746118688804,
  "seed": 485564569.6340937,
  "weight_decay": 2.7918176281865386e-05
}