{
  "beta_1": 0.5350135986281965,
  "beta_2": 0.32255252300858217,
  "epsilon": 0.00017024843813192529,
  "lr": 0.00015689442345917585,
  "seed": 475885144,
  "weight_decay": 8.841020403886561e-05
}