{
  "beta_1": 0.24974052219979898,
  "beta_2": 0.888114358290815,
  "epsilon": 1.9385628723655282e-09,
  "lr": 2.2792963662585302e-06,
  "seed": 62905177.61011346,
  "weight_decay": 5.82621660299934e-06
}