{
  "beta_1": 0.7892536772704816,
  "beta_2": 0.29805492152592616,
  "epsilon": 0.0003887162261344971,
  "lr": 0.0002647365209629572,
  "seed": 15737157,
  "weight_decay": 0.005604658526573118
}