{
  "beta_1": 0.7361316105588497,
  "beta_2": 0.29845751286830746,
  "epsilon": 1.9061835361297543e-07,
  "lr": 0.00010088672419983797,
  "seed": 401773421,
  "weight_decay": 0.0011065173084637988
}