{
  "beta_1": 0.8994851750111432,
  "beta_2": 0.5333023472488201,
  "epsilon": 1.438597099573384e-09,
  "lr": 0.0001690419602283425,
  "seed": 1897717356,
  "weight_decay": 1.915034255318303e-07
}