{
  "beta_1": 0.32813826006889496,
  "beta_2": 0.4213045185922707,
  "epsilon": 4.4897075668621767e-07,
  "lr": 0.08854059430515865,
  "seed": 1980116535,
  "weight_decay": 6.90433264003235e-07
}