{
  "beta_1": 0.8406043458264724,
  "beta_2": 0.8917581470503383,
  "epsilon": 0.0003710350375047734,
  "lr": 0.0001210937135151631,
  "seed": 167067191,
  "weight_decay": 5.225014319367647e-05
}