{
  "beta_1": 0.2673158353171309,
  "beta_2": 0.2655772443962818,
  "epsilon": 4.2341686862231785e-10,
  "lr": 0.00014967059333386576,
  "seed": 581720524,
  "weight_decay": 1.3137151434762838e-08
}