{
  "beta1": 0.9835168036096215,
  "beta2": 0.2245433157987978,
  "epsilon": 8.56424264299115e-05,
  "lr": 0.0003819532477265425,
  "seed": 680510024,
  "weight_decay": 0.0016082149949735076,
  "x_beta1": 4.852985974717911,
  "x_beta2": -2.194403505237001
}