{
  "beta_1": 0.3725449967183515,
  "beta_2": 0.18482038247425145,
  "epsilon": 8.949179959201924e-09,
  "lr": 2.600820333636018e-06,
  "seed": 1803890617,
  "weight_decay": 0.0005241810672349865
}