{
  "beta_1": 0.6525041486283439,
  "beta_2": 0.6176204410620032,
  "epsilon": 1.908701055612166e-05,
  "lr": 0.00011049376758609882,
  "seed": 1471778600,
  "weight_decay": 8.58404565632624e-06
}