{
  "beta_1": 0.20069435840065894,
  "beta_2": 0.8918193572053049,
  "epsilon": 9.853769510420038e-07,
  "lr": 0.00020112137928232946,
  "seed": 1904092772,
  "weight_decay": 1.186832625616732e-05
}