{
  "beta_1": 0.3579352694006371,
  "beta_2": 0.22137731190173976,
  "epsilon": 1.4886757639409063e-08,
  "lr": 8.190694792719851e-06,
  "seed": 1104580989,
  "weight_decay": 8.276618545308763e-05
}