{
  "beta_1": 0.9988731112653906,
  "beta_2": 0.791560654773775,
  "epsilon": 2.9831980869154484e-07,
  "lr": 4.088800852328552e-06,
  "seed": 2037020298,
  "weight_decay": 1.0269862849015364e-06
}