{
  "beta_1": 0.8146880377262171,
  "beta_2": 0.9519529273033543,
  "epsilon": 4.63970177345149e-10,
  "lr": 0.001170692280394861,
  "seed": 1237237747.4502277,
  "weight_decay": 1.0350726469790376e-08
}