{
  "beta1": 0.126237406348424,
  "beta2": 0.1000100151817581,
  "epsilon": 6.301659235460853e-07,
  "lr": 6.567630311660986e-05,
  "seed": 1889025518,
  "weight_decay": 1.7212707306974804e-08,
  "x_beta1": -2.691438689256523,
  "x_beta2": -8.75975092086064
}