{
  "beta_1": 0.46643731600954763,
  "beta_2": 0.3599384108933612,
  "epsilon": 1.1081370883341051e-09,
  "lr": 0.0038845523311053596,
  "seed": 130573936.32598788,
  "weight_decay": 0.007270485142405153
}