{
  "beta_1": 0.10323181211930649,
  "beta_2": 0.8732642103672092,
  "epsilon": 4.248795069282828e-09,
  "lr": 0.004296896486774482,
  "seed": 405751048.5495945,
  "weight_decay": 0.0025474378387917705
}