{
  "beta_1": 0.2731816338212697,
  "beta_2": 0.52293924493193,
  "epsilon": 3.3193982858927424e-10,
  "lr": 0.01705074472473945,
  "seed": 381074431,
  "weight_decay": 2.4132968993638933e-08
}