{
  "beta_1": 0.6632142987488198,
  "beta_2": 0.6276276656499993,
  "epsilon": 2.053273108504948e-09,
  "lr": 2.496953782625342e-06,
  "seed": 2120671718,
  "weight_decay": 1.400130458682854e-05
}