{
  "beta_1": 0.6922179468380357,
  "beta_2": 0.7169466024095004,
  "epsilon": 1.2407592855429128e-07,
  "lr": 0.07160928138547958,
  "seed": 129959077,
  "weight_decay": 0.00010240669644521046
}