{
  "beta_1": 0.7176035755453684,
  "beta_2": 0.7041717527810073,
  "epsilon": 1.7747979369036157e-05,
  "lr": 0.003379382011328201,
  "seed": 593523657.0401942,
  "weight_decay": 9.421013335512367e-08
}