{
  "beta_1": 0.13255648401772796,
  "beta_2": 0.17154423530681961,
  "epsilon": 1.2388154144387305e-08,
  "lr": 1.1911332529721207e-06,
  "seed": 1381472091.9455225,
  "weight_decay": 1.2028685934902911e-05
}