{
  "beta_1": 0.2746851238400785,
  "beta_2": 0.3238113681643734,
  "epsilon": 0.0005843182114016658,
  "lr": 0.0001593043472892758,
  "seed": 675714460,
  "weight_decay": 1.6435097381844414e-05
}