{
  "beta_1": 0.8860035877906451,
  "beta_2": 0.6377074614049025,
  "epsilon": 8.382683774267175e-06,
  "lr": 1.168787701217759e-05,
  "seed": 1913197205,
  "weight_decay": 0.005381937910019881
}