{
  "beta_1": 0.9189570333873618,
  "beta_2": 0.36770037604581873,
  "epsilon": 7.111566046881495e-10,
  "lr": 2.534937807384231e-06,
  "seed": 976398418,
  "weight_decay": 3.39589833701671e-06
}