{
  "beta_1": 0.5845617725137974,
  "beta_2": 0.20247646705122768,
  "epsilon": 1.213856199307412e-08,
  "lr": 0.0038497627555729606,
  "seed": 1885241531,
  "weight_decay": 7.345914935443022e-05
}