{
  "beta_1": 0.1351668280627889,
  "beta_2": 0.1466571789051113,
  "epsilon": 7.374088348870616e-07,
  "lr": 0.013789962598365452,
  "seed": 838445696,
  "weight_decay": 0.00017757673087556293
}