{
  "beta_1": 0.661748220993915,
  "beta_2": 0.7129522834925623,
  "epsilon": 3.577537615773028e-08,
  "lr": 0.0014482709586239315,
  "seed": 1488147569.1896272,
  "weight_decay": 1.6566278188473334e-07
}