{
  "beta_1": 0.46002244753074784,
  "beta_2": 0.2625889575254622,
  "epsilon": 1.3734738807185624e-09,
  "lr": 0.023770490147739062,
  "seed": 1948014441,
  "weight_decay": 3.5026638484194516e-08
}