{
  "beta_1": 0.5335420419510473,
  "beta_2": 0.1214350059574103,
  "epsilon": 2.211777343069992e-09,
  "lr": 0.00028638412369363486,
  "seed": 757330127.7102748,
  "weight_decay": 0.0018481608840176412
}