{
  "beta_1": 0.2525151323820537,
  "beta_2": 0.20101637438415376,
  "epsilon": 0.0003963882210879845,
  "lr": 8.692330622397487e-05,
  "seed": 444795227,
  "weight_decay": 9.759280993489958e-07
}