{
  "beta_1": 0.717036523027542,
  "beta_2": 0.24300449162067977,
  "epsilon": 4.624565298715011e-05,
  "lr": 0.0031257090267092827,
  "seed": 1417725379,
  "weight_decay": 1.2003532762826892e-05
}