{
  "beta_1": 0.7986394134789142,
  "beta_2": 0.48043669941686706,
  "epsilon": 6.978352896485647e-08,
  "lr": 0.037351732339356264,
  "seed": 924222939,
  "weight_decay": 0.0001230604938631829
}