{
  "beta_1": 0.5480270591921236,
  "beta_2": 0.7409837846012723,
  "epsilon": 6.632305436796568e-05,
  "lr": 0.05840358957408471,
  "seed": 1993208850,
  "weight_decay": 0.0021133114439591916
}