{
  "beta_1": 0.9910740662980069,
  "beta_2": 0.643193393978522,
  "epsilon": 0.0009435905476763132,
  "lr": 0.0005429942895746997,
  "seed": 178275748,
  "weight_decay": 6.965160775067361e-07
}