{
  "beta_1": 0.3601376973659499,
  "beta_2": 0.4495802567229247,
  "epsilon": 0.0002431890786407145,
  "lr": 0.006161213864642508,
  "seed": 1443366897,
  "weight_decay": 0.0005658523061048122
}