{
  "beta_1": 0.9066398957335207,
  "beta_2": 0.11510918844695597,
  "epsilon": 4.3205472675710364e-05,
  "lr": 0.0002626361412947793,
  "seed": 667750211,
  "weight_decay": 3.549350593443906e-05
}