{
  "beta_1": 0.40254236225946094,
  "beta_2": 0.44848368705946395,
  "epsilon": 3.296740217262801e-09,
  "lr": 0.0041735107405628784,
  "seed": 770984983,
  "weight_decay": 0.0009061830673558843
}