{
  "beta_1": 0.6825158893647335,
  "beta_2": 0.4088286890698454,
  "epsilon": 3.320559176997732e-10,
  "lr": 0.007641140303032199,
  "seed": 1269998362.2210324,
  "weight_decay": 1.0958419553354888e-08
}