{
  "beta_1": 0.30089190075515715,
  "beta_2": 0.17685669828790518,
  "epsilon": 5.5802488451284226e-05,
  "lr": 0.0007589418892389234,
  "seed": 790653235.3014926,
  "weight_decay": 6.66989706300942e-05
}