{
  "beta_1": 0.7369059886528051,
  "beta_2": 0.4221872345085722,
  "epsilon": 0.00031567301488428216,
  "lr": 0.0007912407001352782,
  "seed": 186809791,
  "weight_decay": 6.891038639186857e-07
}