{
  "beta_1": 0.4893040849517668,
  "beta_2": 0.45563849250931676,
  "epsilon": 1.7338574486219584e-08,
  "lr": 1.4456084615786407e-06,
  "seed": 738313229.9004381,
  "weight_decay": 2.6663479930863352e-06
}