{
  "beta1": 0.5533050949511131,
  "beta2": 0.1391618248705951,
  "epsilon": 2.7927527027589657e-07,
  "lr": 6.84086245434531e-05,
  "seed": 777089578,
  "weight_decay": 1.4843016185954876e-08,
  "x_beta1": 0.020316898838537868,
  "x_beta2": -3.708105536767425
}