{
  "beta_1": 0.47776659761707024,
  "beta_2": 0.7839997078215823,
  "epsilon": 4.3445938493018467e-07,
  "lr": 0.0002469894950932832,
  "seed": 2063123914,
  "weight_decay": 3.317403368935057e-06
}