{
  "beta_1": 0.17625439445808283,
  "beta_2": 0.3844823158874584,
  "epsilon": 4.86155862782986e-07,
  "lr": 0.00014673752641244985,
  "seed": 1392011481,
  "weight_decay": 5.654469165252267e-08
}