{
  "beta_1": 0.8783912794515001,
  "beta_2": 0.5187804073897246,
  "epsilon": 3.869462998622812e-07,
  "lr": 0.021777070215525,
  "seed": 864515395,
  "weight_decay": 0.0007996205291594341
}