{
  "beta_1": 0.3584200536821768,
  "beta_2": 0.6729389124586876,
  "epsilon": 1.5036924335554934e-06,
  "lr": 4.693305603143726e-05,
  "seed": 1690899951,
  "weight_decay": 0.00040508774479263
}