{
  "beta_1": 0.6278226437527016,
  "beta_2": 0.38900657319793536,
  "epsilon": 1.9904711197025295e-07,
  "lr": 0.007883988717755199,
  "seed": 104167178,
  "weight_decay": 0.000654008246486269
}