{
  "beta_1": 0.15843225848093032,
  "beta_2": 0.405215180414516,
  "epsilon": 0.00013206988291115067,
  "lr": 0.008212488247661666,
  "seed": 104167178,
  "weight_decay": 0.0006812585900898635
}