{
  "beta_1": 0.7035484220728908,
  "beta_2": 0.4826686594590375,
  "epsilon": 3.6193425946457915e-07,
  "lr": 2.7872173130757076e-05,
  "seed": 2128928137,
  "weight_decay": 7.14983661701088e-08
}