{
  "beta_1": 0.55340580949089,
  "beta_2": 0.15278903186783963,
  "epsilon": 4.136125524165279e-09,
  "lr": 1.3649917847106369e-05,
  "seed": 1672347869,
  "weight_decay": 1.4338839136524797e-05
}