{
  "beta_1": 0.5212100605881959,
  "beta_2": 0.38366095976485676,
  "epsilon": 8.506690287041224e-05,
  "lr": 0.001292545440595141,
  "seed": 1471594021,
  "weight_decay": 2.0762479815451158e-07
}