{
  "beta_1": 0.1986795627547365,
  "beta_2": 0.9125331772860773,
  "epsilon": 0.00018494131772127105,
  "lr": 0.00015473260478573284,
  "seed": 1251985516,
  "weight_decay": 0.0008923008828430271
}