{
  "beta_1": 0.7886635161445661,
  "beta_2": 0.36434079100832895,
  "epsilon": 0.00012593191697111525,
  "lr": 0.017517907228424813,
  "seed": 82849192,
  "weight_decay": 0.0013744574111422818
}