{
  "beta_1": 0.5693114957885343,
  "beta_2": 0.20895514536440968,
  "epsilon": 1.3410016576804215e-05,
  "lr": 0.0006431052104898129,
  "seed": 650338642,
  "weight_decay": 4.1457016330584386e-05
}