{
  "beta_1": 0.2795541072901921,
  "beta_2": 0.4130464731735176,
  "epsilon": 4.67960071214049e-08,
  "lr": 3.3128876859956095e-06,
  "seed": 805155528,
  "weight_decay": 0.001738844554170705
}