{
  "beta_1": 0.22534587316088744,
  "beta_2": 0.5282786487508468,
  "epsilon": 9.002453872910502e-05,
  "lr": 0.03324714074678299,
  "seed": 766363076,
  "weight_decay": 2.615493814449598e-05
}