{
  "beta_1": 0.8119324809246008,
  "beta_2": 0.6276270482717332,
  "epsilon": 2.0472516152524276e-05,
  "lr": 0.002378292355560035,
  "seed": 144319678,
  "weight_decay": 0.0009540765819741918
}