{
  "beta_1": 0.44355887025507745,
  "beta_2": 0.4214308571433265,
  "epsilon": 0.00011430241756561389,
  "lr": 0.04561041137352752,
  "seed": 1437125814,
  "weight_decay": 0.00010289303736351326
}