{
  "beta_1": 0.8183207538071416,
  "beta_2": 0.7044968991869331,
  "epsilon": 0.0008824032738404784,
  "lr": 4.359552128847557e-05,
  "seed": 327826122,
  "weight_decay": 0.003215888810242252
}