{
  "beta_1": 0.1933199626061341,
  "beta_2": 0.42722292848871324,
  "epsilon": 2.7178988626838015e-08,
  "lr": 0.0054603339691386135,
  "seed": 23893899,
  "weight_decay": 4.401881356198208e-08
}