{
  "beta_1": 0.5195997431931739,
  "beta_2": 0.5806880446462577,
  "epsilon": 1.9975706801939957e-09,
  "lr": 0.003307130076890375,
  "seed": 190707103.45963556,
  "weight_decay": 0.004125689239784165
}