{
  "beta_1": 0.5624742753977335,
  "beta_2": 0.7066832143114624,
  "epsilon": 5.157559445093438e-07,
  "lr": 0.0005875525234509868,
  "seed": 2053688564,
  "weight_decay": 1.3909851234296648e-05
}