{
  "beta_1": 0.8560522274455434,
  "beta_2": 0.6188712588718714,
  "epsilon": 1.4082757515696987e-10,
  "lr": 0.01431653440065318,
  "seed": 2004379664,
  "weight_decay": 0.005158994417524172
}