{
  "beta_1": 0.46756173068551876,
  "beta_2": 0.2936070483653567,
  "epsilon": 4.469306376147165e-09,
  "lr": 0.012138735117358681,
  "seed": 685557154,
  "weight_decay": 4.246593841665046e-08
}