{
  "beta_1": 0.25669750648946,
  "beta_2": 0.21355634867462592,
  "epsilon": 8.599470253381954e-10,
  "lr": 0.007913789553505161,
  "seed": 1115412214,
  "weight_decay": 2.3295488414163962e-06
}