{
  "beta_1": 0.9739249677600947,
  "beta_2": 0.12340442673100083,
  "epsilon": 4.071730154823749e-08,
  "lr": 0.008054145949906204,
  "seed": 360335,
  "weight_decay": 0.0017458957291948366
}