{
  "beta_1": 0.4643736553212482,
  "beta_2": 0.5657273472505456,
  "epsilon": 7.542370232075018e-09,
  "lr": 0.0008211270733025819,
  "seed": 1212375394.8528001,
  "weight_decay": 8.76460596189767e-08
}