{
  "beta_1": 0.8195593318431592,
  "beta_2": 0.39576955889961707,
  "epsilon": 3.054129715732415e-08,
  "lr": 7.94344156144806e-06,
  "seed": 568479238,
  "weight_decay": 0.0005210493408140145
}