{
  "beta1": 0.10043163873843682,
  "beta2": 0.9997440996211845,
  "epsilon": 1.6308357338809252e-05,
  "lr": 0.00013890763504450585,
  "seed": 677261997,
  "weight_decay": 2.55179073446759e-07,
  "x_beta1": -9.16916289756552,
  "x_beta2": 10.392778154638451
}