{
  "beta_1": 0.4231694000937013,
  "beta_2": 0.3393046458886819,
  "epsilon": 4.924969910793985e-06,
  "lr": 9.071181027578144e-05,
  "seed": 871577972,
  "weight_decay": 0.003580007516577633
}