{
  "beta_1": 0.8521785591665021,
  "beta_2": 0.2512571073041885,
  "epsilon": 2.888083718708814e-07,
  "lr": 1.1808983735244175e-06,
  "seed": 749992323,
  "weight_decay": 0.005995801770241249
}