{
  "beta_1": 0.8066994682211157,
  "beta_2": 0.5378575885993865,
  "epsilon": 3.424676232431704e-05,
  "lr": 2.6096710391004715e-06,
  "seed": 1581412476,
  "weight_decay": 0.0004715814195351005
}