{
  "beta_1": 0.3380886461855994,
  "beta_2": 0.950269546752774,
  "epsilon": 1.7310316664577014e-08,
  "lr": 6.611592898946918e-06,
  "seed": 1462802915.8833916,
  "weight_decay": 1.2266056758392329e-05
}