{
  "beta1": 0.10001113027366706,
  "beta2": 0.10017900673553559,
  "epsilon": 8.441788001180736e-10,
  "lr": 0.0011801225490129495,
  "seed": 78583292,
  "weight_decay": 0.0010608197967959035,
  "x_beta1": -11.299357179429798,
  "x_beta2": -8.52241655293703
}