{
  "beta_1": 0.33019247511362,
  "beta_2": 0.46125760522109227,
  "epsilon": 0.00067038724608259,
  "lr": 0.0031937937569539035,
  "seed": 1620496523,
  "weight_decay": 5.843087266263654e-05
}