{
  "beta_1": 0.6132062756631206,
  "beta_2": 0.6207433731584191,
  "epsilon": 4.782830252885145e-09,
  "lr": 0.0004167116151586325,
  "seed": 1776328358.6593192,
  "weight_decay": 0.0006455148771924643
}