{
  "beta_1": 0.5178167017889698,
  "beta_2": 0.28045110394988587,
  "epsilon": 2.7799209162102463e-07,
  "lr": 0.00018218289094437464,
  "seed": 591732850,
  "weight_decay": 3.632187639193704e-06
}