{
  "beta_1": 0.3550862603639128,
  "beta_2": 0.7818408753186639,
  "epsilon": 0.000311718934999552,
  "lr": 0.0010746136719829436,
  "seed": 1979073985,
  "weight_decay": 0.006149742670733598
}