{
  "beta_1": 0.9611581937364042,
  "beta_2": 0.9404063848004656,
  "epsilon": 1.0522487837867242e-05,
  "lr": 1.307790137236962e-06,
  "seed": 1656888169,
  "weight_decay": 0.005929012617223366
}