{
  "beta_1": 0.8383782053871973,
  "beta_2": 0.1428162732013867,
  "epsilon": 0.000799942858015867,
  "lr": 0.0002568655834052182,
  "seed": 1047877583,
  "weight_decay": 0.0002753759185729237
}