{
  "beta_1": 0.9751318653313031,
  "beta_2": 0.9800518496728015,
  "epsilon": 9.103251495251232e-09,
  "lr": 1.0247781492644366e-06,
  "seed": 1974937013,
  "weight_decay": 1.1605591920162369e-07
}