{
  "beta_1": 0.11091878590100678,
  "beta_2": 0.4584086374861529,
  "epsilon": 6.792084644251709e-08,
  "lr": 0.004576515979946588,
  "seed": 873123158,
  "weight_decay": 0.00013530685213293788
}