{
  "beta_1": 0.6773393353837937,
  "beta_2": 0.9275619314174498,
  "epsilon": 4.895583396880442e-07,
  "lr": 0.0028617530303298084,
  "seed": 1362766301,
  "weight_decay": 1.135212549928013e-06
}