{
  "beta_1": 0.536144927470848,
  "beta_2": 0.7685327842408662,
  "epsilon": 1.4394480333897897e-06,
  "lr": 0.002370839366403638,
  "seed": 97506244,
  "weight_decay": 1.3176080026094725e-08
}