{
  "beta_1": 0.7946104366263332,
  "beta_2": 0.7101839885411373,
  "epsilon": 5.409812062446347e-09,
  "lr": 0.0015290135665702892,
  "seed": 1825634576.479513,
  "weight_decay": 2.7252474245452053e-08
}