{
  "beta_1": 0.2073857370539702,
  "beta_2": 0.6980195660546353,
  "epsilon": 3.7716617719446736e-05,
  "lr": 0.0042754922462304905,
  "seed": 1970701426.1563323,
  "weight_decay": 4.7113643010494725e-05
}