{
  "beta_1": 0.6873105066241759,
  "beta_2": 0.3902627781866904,
  "epsilon": 6.80751796405858e-06,
  "lr": 0.0012065046314287094,
  "seed": 1845024248,
  "weight_decay": 4.499576730616614e-06
}