{
  "beta1": 0.998998572526836,
  "beta2": 0.10312230581716544,
  "epsilon": 6.448693599427436e-07,
  "lr": 0.008727429803463397,
  "seed": 1575101228,
  "weight_decay": 1.2716008926777382e-08,
  "x_beta1": 13.353130862582736,
  "x_beta2": -5.660236225944979
}