{
  "beta_1": 0.16121613928119924,
  "beta_2": 0.5479266530476947,
  "epsilon": 7.70495472935369e-05,
  "lr": 0.01147472173039994,
  "seed": 1283860339,
  "weight_decay": 9.598046831899904e-07
}