{
  "beta_1": 0.6524686045730407,
  "beta_2": 0.41145011808174825,
  "epsilon": 1.2914729061515393e-09,
  "lr": 5.18660874090123e-06,
  "seed": 1899706000,
  "weight_decay": 6.810463471207246e-05
}