{
  "beta_1": 0.9638635975692782,
  "beta_2": 0.44752849192409405,
  "epsilon": 1.49676794700888e-08,
  "lr": 0.06584344712726742,
  "seed": 1256607982,
  "weight_decay": 2.98208919045758e-08
}