{
  "beta_1": 0.7752958353807176,
  "beta_2": 0.9154509763083931,
  "epsilon": 4.8207097638450975e-09,
  "lr": 0.00035261146420556344,
  "seed": 1995062522.7154982,
  "weight_decay": 4.6318060303241316e-07
}