{
  "beta_1": 0.3570070739387269,
  "beta_2": 0.9934416593286273,
  "epsilon": 1.7054925744655225e-09,
  "lr": 0.03939302520594926,
  "seed": 462790801,
  "weight_decay": 1.7673057233450564e-06
}