{
  "beta_1": 0.9137641025989693,
  "beta_2": 0.42739858210169746,
  "epsilon": 9.013455302869763e-09,
  "lr": 0.0013709992320466442,
  "seed": 1342762621,
  "weight_decay": 1.6061627738896924e-07
}