{
  "beta_1": 0.129764039656552,
  "beta_2": 0.7737472734318643,
  "epsilon": 1.658333545787136e-09,
  "lr": 0.001657860613018992,
  "seed": 1508911546.3501039,
  "weight_decay": 0.005625931152410995
}