{
  "beta_1": 0.5705664701280406,
  "beta_2": 0.5915968948373727,
  "epsilon": 1.1235138590171222e-08,
  "lr": 1.711135918263518e-06,
  "seed": 625693967,
  "weight_decay": 0.00011189316551810924
}