{
  "beta_1": 0.45598022616305955,
  "beta_2": 0.6792659652891725,
  "epsilon": 3.5256726981658685e-05,
  "lr": 0.0004320885633690443,
  "seed": 1129649553,
  "weight_decay": 9.074519175575556e-05
}