{
  "beta_1": 0.6052293129799962,
  "beta_2": 0.38927706393215356,
  "epsilon": 4.70224701315994e-08,
  "lr": 0.00011435501174500143,
  "seed": 225042457,
  "weight_decay": 0.00027667961797794345
}