{
  "beta1": 0.10000544593418079,
  "beta2": 0.1430285025580802,
  "epsilon": 4.718444283663308e-08,
  "lr": 3.835544063858463e-05,
  "seed": 1858317772,
  "weight_decay": 8.342631902055755e-06,
  "x_beta1": -12.014162947279718,
  "x_beta2": -2.9914252164197723
}