{
  "beta_1": 0.3029160842873698,
  "beta_2": 0.5122403501135256,
  "epsilon": 1.0978073521959542e-07,
  "lr": 0.009984635255049156,
  "seed": 1387579174,
  "weight_decay": 4.892901390450213e-08
}