{
  "beta_1": 0.46978502386335874,
  "beta_2": 0.10505882500159094,
  "epsilon": 4.7773965283581945e-06,
  "lr": 1.7752098399542023e-05,
  "seed": 1128388441,
  "weight_decay": 2.385378178932302e-08
}