{
  "beta_1": 0.31525539640631417,
  "beta_2": 0.3509070858412957,
  "epsilon": 7.804159775097946e-05,
  "lr": 0.0005914527936367881,
  "seed": 566279492.9377913,
  "weight_decay": 0.008762195056009402
}