{
  "beta_1": 0.3919331908559657,
  "beta_2": 0.166597930630754,
  "epsilon": 1.4551386041303511e-05,
  "lr": 0.06897043913393422,
  "seed": 1102790459,
  "weight_decay": 3.898596225988682e-08
}