{
  "beta_1": 0.7966834394822692,
  "beta_2": 0.8929633617994783,
  "epsilon": 1.7001011063665506e-07,
  "lr": 8.004551986384385e-05,
  "seed": 513348459.3838237,
  "weight_decay": 2.2307351095357304e-05
}