{
  "beta_1": 0.7417310816708949,
  "beta_2": 0.2581350336151841,
  "epsilon": 2.12002336724869e-08,
  "lr": 0.003128443531786411,
  "seed": 714988478.9841919,
  "weight_decay": 0.0012025588028482435
}