{
  "beta_1": 0.5211926016231277,
  "beta_2": 0.8838107164463488,
  "epsilon": 2.274651768764764e-09,
  "lr": 0.007009184079339901,
  "seed": 1112086409,
  "weight_decay": 0.000702292097128984
}