{
  "beta_1": 0.3530607734873342,
  "beta_2": 0.5998451385301138,
  "epsilon": 3.756021268100663e-05,
  "lr": 0.08163818108536448,
  "seed": 1931642034,
  "weight_decay": 9.454641133323388e-05
}