{
  "beta_1": 0.7480229863999461,
  "beta_2": 0.3694131211054902,
  "epsilon": 0.0009459711902424861,
  "lr": 6.9786577496846785e-06,
  "seed": 1738468359,
  "weight_decay": 1.4679951647200938e-06
}