{
  "beta_1": 0.7797724813591228,
  "beta_2": 0.49263859061895665,
  "epsilon": 3.261283310439684e-05,
  "lr": 0.03639620447974716,
  "seed": 1001555490,
  "weight_decay": 1.3992014334206827e-08
}