{
  "beta_1": 0.3005625442401265,
  "beta_2": 0.21079960209944798,
  "epsilon": 1.3567204404190602e-09,
  "lr": 0.0002948759891766976,
  "seed": 1467821551.849586,
  "weight_decay": 1.9694489341090776e-08
}