{
  "beta_1": 0.9420046766943874,
  "beta_2": 0.6110952058078947,
  "epsilon": 7.233330011615765e-05,
  "lr": 2.915666171244358e-06,
  "seed": 869171035.8512307,
  "weight_decay": 9.4799009478547e-07
}