{
  "beta1": 0.6397913610615935,
  "beta2": 0.11770173725515962,
  "epsilon": 6.187594833319788e-10,
  "lr": 0.0003144273292241804,
  "seed": 63091702,
  "weight_decay": 7.473672152249577e-05,
  "x_beta1": -3.6548784516287394,
  "x_beta2": -3.0019230978554745
}