{
  "beta_1": 0.32023188128123414,
  "beta_2": 0.4729462670459271,
  "epsilon": 0.0003272640829077141,
  "lr": 0.01614147969177752,
  "seed": 1545532954,
  "weight_decay": 2.5894785782770515e-08
}