{
  "beta_1": 0.12980318215540043,
  "beta_2": 0.5009668738189459,
  "epsilon": 1.275043970546284e-06,
  "lr": 1.790969173270309e-05,
  "seed": 1133195091,
  "weight_decay": 0.00011661713155669539
}