{
  "beta_1": 0.1508611647735544,
  "beta_2": 0.263404103671558,
  "epsilon": 5.8424124046109564e-09,
  "lr": 6.581275445494566e-05,
  "seed": 260600083,
  "weight_decay": 0.0005846286178703138
}