{
  "beta_1": 0.5264835076625922,
  "beta_2": 0.5860951496124782,
  "epsilon": 7.453498651727569e-06,
  "lr": 3.2010532836008388e-06,
  "seed": 1422319125,
  "weight_decay": 0.00027150403151470057
}