{
  "beta_1": 0.18528283108237803,
  "beta_2": 0.8969026019289578,
  "epsilon": 3.879990972046062e-06,
  "lr": 0.00023583282288045597,
  "seed": 1681786185.3368201,
  "weight_decay": 0.0069804260112628245
}