{
  "beta_1": 0.6531919397824719,
  "beta_2": 0.7153868727770301,
  "epsilon": 5.975363223355076e-07,
  "lr": 0.016947186741061444,
  "seed": 627127961.356809,
  "weight_decay": 3.7265676516929755e-07
}