{
  "beta1": 0.8445637871032767,
  "beta2": 0.15672031798680386,
  "epsilon": 9.412001915635605e-05,
  "lr": 0.005501658444023225,
  "seed": 969676891,
  "weight_decay": 0.0015781077192648012,
  "x_beta1": -2.0556934574903316,
  "x_beta2": -2.159238074199283
}