{
  "beta_1": 0.86081835532612,
  "beta_2": 0.7322264072113018,
  "epsilon": 7.564200053896509e-08,
  "lr": 0.0006356795707516356,
  "seed": 417373388.6064781,
  "weight_decay": 2.6571964935102385e-05
}