{
  "beta_1": 0.7500918327971238,
  "beta_2": 0.7553441365727835,
  "epsilon": 5.2793362142018106e-06,
  "lr": 2.6801139129615108e-06,
  "seed": 1141210235.8992016,
  "weight_decay": 0.00011501798400582786
}