{
  "beta_1": 0.8136067164579983,
  "beta_2": 0.4040238517054048,
  "epsilon": 2.3055511236778655e-06,
  "lr": 3.898813133656882e-05,
  "seed": 1365402012,
  "weight_decay": 1.611324355585188e-08
}