{
  "beta_1": 0.6950858756812462,
  "beta_2": 0.170802509030001,
  "epsilon": 4.958866413808388e-05,
  "lr": 4.380219450084269e-06,
  "seed": 737100629.5447592,
  "weight_decay": 6.780445926092508e-06
}