{
  "beta_1": 0.7017002366538522,
  "beta_2": 0.25511734650282325,
  "epsilon": 1.4538174146502694e-10,
  "lr": 0.008323047173051804,
  "seed": 1535631387,
  "weight_decay": 4.6119515679044615e-08
}