{
  "beta_1": 0.6397039450018892,
  "beta_2": 0.11215764184526761,
  "epsilon": 7.192840948497676e-08,
  "lr": 0.0007871784427741673,
  "seed": 241797089.71012568,
  "weight_decay": 1.1552497382968265e-08
}