{
  "beta_1": 0.2120860580253962,
  "beta_2": 0.992603142161452,
  "epsilon": 0.00041258121533087767,
  "lr": 5.980172132931052e-06,
  "seed": 1843234702,
  "weight_decay": 8.006224380848858e-06
}