{
  "beta_1": 0.7921085278113817,
  "beta_2": 0.6780387388826228,
  "epsilon": 0.0001444524533019637,
  "lr": 0.010172322371668516,
  "seed": 1514554183,
  "weight_decay": 4.443134229265995e-05
}