{
  "beta_1": 0.6240876220203014,
  "beta_2": 0.7550008808324502,
  "epsilon": 7.541092908290236e-08,
  "lr": 0.0008512557179688122,
  "seed": 1508287830.9011354,
  "weight_decay": 2.913784725350877e-05
}