{
  "beta1": 0.10001866130730079,
  "beta2": 0.999886841430834,
  "epsilon": 0.00018494131772127105,
  "lr": 0.00015473260478573284,
  "seed": 1251985516,
  "weight_decay": 0.0008923008828430271,
  "x_beta1": -10.782565303431339,
  "x_beta2": 11.132951108658721
}