{
  "beta_1": 0.15532431440514913,
  "beta_2": 0.7024443561458902,
  "epsilon": 1.6641789835390143e-07,
  "lr": 4.935415198231041e-05,
  "seed": 89527552.02953088,
  "weight_decay": 2.027176439815307e-05
}