{
  "beta_1": 0.3886160824124978,
  "beta_2": 0.16435720135431145,
  "epsilon": 1.355439532536982e-06,
  "lr": 5.016867873413184e-05,
  "seed": 1909385210,
  "weight_decay": 0.000344646288947805
}