{
  "beta_1": 0.3326808776627247,
  "beta_2": 0.3302073102852389,
  "epsilon": 2.9547110133127136e-10,
  "lr": 0.000647524008822668,
  "seed": 1736783677.9765396,
  "weight_decay": 0.0007680903035370804
}