{
  "beta_1": 0.8703460978080876,
  "beta_2": 0.23471206984024676,
  "epsilon": 1.672048191793959e-09,
  "lr": 0.005080185003145829,
  "seed": 61098896,
  "weight_decay": 8.907255542319004e-05
}