{
  "beta_1": 0.47310592895810955,
  "beta_2": 0.528017538006272,
  "epsilon": 1.3355800831199054e-07,
  "lr": 3.9961197397538156e-06,
  "seed": 293024735.1277082,
  "weight_decay": 0.004446837306641817
}