{
  "beta_1": 0.12390756932339367,
  "beta_2": 0.33621724427412714,
  "epsilon": 4.745918301317982e-09,
  "lr": 5.335296285975801e-05,
  "seed": 658184380,
  "weight_decay": 3.044762971770752e-08
}