{
  "beta_1": 0.776293282979758,
  "beta_2": 0.6656802622939479,
  "epsilon": 6.370946101388021e-05,
  "lr": 8.23932636242125e-06,
  "seed": 659102306,
  "weight_decay": 4.090003024051018e-08
}