{
  "beta_1": 0.6376502006917413,
  "beta_2": 0.7076772047932248,
  "epsilon": 6.6049214451456145e-09,
  "lr": 2.9396032510605493e-05,
  "seed": 1267220780.0780804,
  "weight_decay": 7.937930942043083e-08
}