{
  "beta_1": 0.5951277020612337,
  "beta_2": 0.6998763686618996,
  "epsilon": 1.267921092356599e-09,
  "lr": 0.03678909256307176,
  "seed": 814257368,
  "weight_decay": 8.088298850853084e-06
}