{
  "beta_1": 0.7028948324615909,
  "beta_2": 0.7725633420681818,
  "epsilon": 0.00015885398482700985,
  "lr": 0.0003409009567316116,
  "seed": 1583588565.1164927,
  "weight_decay": 1.4989464111259029e-05
}