{
  "beta_1": 0.8375480843241195,
  "beta_2": 0.3819078996714478,
  "epsilon": 1.846891301094288e-05,
  "lr": 0.003429767074820145,
  "seed": 1458829895,
  "weight_decay": 5.971920627166243e-05
}