{
  "beta_1": 0.39228617165490876,
  "beta_2": 0.3778719865078125,
  "epsilon": 0.0009375145941014925,
  "lr": 2.923107315670299e-06,
  "seed": 1364985923,
  "weight_decay": 0.00015862211918946133
}