{
  "beta1": 0.9989411971536931,
  "beta2": 0.5351602183410924,
  "epsilon": 5.8282535078806325e-08,
  "lr": 0.008229133821990623,
  "seed": 351517622,
  "weight_decay": 0.0015015139686889638,
  "x_beta1": 7.707826113463337,
  "x_beta2": -0.07891602997221411
}