{
  "beta_1": 0.45970610444948046,
  "beta_2": 0.79781552427938,
  "epsilon": 2.511140136811057e-07,
  "lr": 0.0014568134881537008,
  "seed": 65871533,
  "weight_decay": 6.302970804345917e-07
}