{
  "beta_1": 0.9559223383606652,
  "beta_2": 0.5657042783749341,
  "epsilon": 3.082666377351729e-08,
  "lr": 1.3770057089833558e-05,
  "seed": 853196041,
  "weight_decay": 0.00012702561702274622
}