{
  "beta_1": 0.8476608537744983,
  "beta_2": 0.39878831172877227,
  "epsilon": 1.6106595269676712e-06,
  "lr": 6.42998994392971e-05,
  "seed": 1725816310,
  "weight_decay": 0.0017284426608695168
}