{
  "beta_1": 0.34118927426664847,
  "beta_2": 0.11278787122087379,
  "epsilon": 1.6550080018828124e-05,
  "lr": 0.004115878291311943,
  "seed": 818101418.6928825,
  "weight_decay": 0.0010187723600031992
}