{
  "beta_1": 0.987649576936225,
  "beta_2": 0.730894869651856,
  "epsilon": 0.0005816585403522529,
  "lr": 0.03892901612791922,
  "seed": 317074826,
  "weight_decay": 8.662806479888906e-08
}