{
  "beta_1": 0.8261161341460272,
  "beta_2": 0.2519521258458738,
  "epsilon": 3.720217292538884e-09,
  "lr": 0.000791338685251208,
  "seed": 1937026755,
  "weight_decay": 3.6345581660214435e-06
}