{
  "beta_1": 0.7191127817213685,
  "beta_2": 0.3173292701910231,
  "epsilon": 1.4493273250739727e-07,
  "lr": 0.04912825439147073,
  "seed": 718533422,
  "weight_decay": 3.306034918814408e-08
}