{
  "beta_1": 0.23962932335802595,
  "beta_2": 0.49155279592431567,
  "epsilon": 0.0009869979046285427,
  "lr": 0.0020385057568756905,
  "seed": 1143577921.5372992,
  "weight_decay": 2.2207731047240795e-07
}