{
  "beta_1": 0.88244827317642,
  "beta_2": 0.734558860054376,
  "epsilon": 1.661896179258133e-05,
  "lr": 0.0012724156246598974,
  "seed": 1698254486.5209742,
  "weight_decay": 0.0006493064127495277
}