{
  "beta_1": 0.4567488173316987,
  "beta_2": 0.5702515233948359,
  "epsilon": 1.0779018561437606e-10,
  "lr": 0.0005406363947748889,
  "seed": 986169295,
  "weight_decay": 3.931114557645679e-05
}