{
  "beta_1": 0.14870561539723867,
  "beta_2": 0.17147810726594176,
  "epsilon": 4.288548547945028e-10,
  "lr": 0.000645711457236928,
  "seed": 227064756,
  "weight_decay": 0.00010364451151636827
}