{
  "beta_1": 0.7684265729549725,
  "beta_2": 0.8564397590821348,
  "epsilon": 2.1893806443190945e-07,
  "lr": 0.0044193185045897565,
  "seed": 1623659721.2793863,
  "weight_decay": 0.005055548794122265
}