{
  "beta_1": 0.1596353024023462,
  "beta_2": 0.6900077388253884,
  "epsilon": 5.695928817015043e-09,
  "lr": 0.0013626829272221444,
  "seed": 1247358064.9633298,
  "weight_decay": 3.7064366280001036e-05
}