{
  "beta_1": 0.28181354921223434,
  "beta_2": 0.9600939134361671,
  "epsilon": 7.701538386062808e-09,
  "lr": 6.663065812822582e-05,
  "seed": 832051080,
  "weight_decay": 0.0012424496094348262
}