{
  "beta_1": 0.7937134861119978,
  "beta_2": 0.3948885516918653,
  "epsilon": 1.5409799006480572e-07,
  "lr": 0.02676550206991925,
  "seed": 1194006675,
  "weight_decay": 0.0003571737899349255
}