{
  "beta_1": 0.5290013455896856,
  "beta_2": 0.6702951167034918,
  "epsilon": 0.0005622287219655325,
  "lr": 0.0016895548751122225,
  "seed": 1668156808.7325225,
  "weight_decay": 0.0008777426314588204
}