{
  "beta_1": 0.4000985176971025,
  "beta_2": 0.852676894210153,
  "epsilon": 3.0668007303843414e-05,
  "lr": 0.0058640262884099474,
  "seed": 705194597.5606542,
  "weight_decay": 1.7483100839031064e-06
}