{
  "beta_1": 0.8035966631824154,
  "beta_2": 0.6214538318384709,
  "epsilon": 1.96512157549068e-07,
  "lr": 8.294841228596805e-05,
  "seed": 94479920.86891171,
  "weight_decay": 7.667055039079607e-05
}