{
  "beta_1": 0.8085392591632785,
  "beta_2": 0.870480170414879,
  "epsilon": 1.7848337688017217e-06,
  "lr": 0.001999217429231079,
  "seed": 2053691402.5413876,
  "weight_decay": 0.00032973757955531436
}