{
  "beta_1": 0.6667866036864821,
  "beta_2": 0.6350022516489311,
  "epsilon": 4.280668449422365e-07,
  "lr": 1.2359937964284992e-05,
  "seed": 1247775648.362632,
  "weight_decay": 1.7998621988882196e-07
}