{
  "beta_1": 0.11318387014543162,
  "beta_2": 0.4909106279795117,
  "epsilon": 2.0118238289678885e-05,
  "lr": 1.1092152429745734e-06,
  "seed": 1091549417,
  "weight_decay": 0.0029419221235318805
}