{
  "beta_1": 0.442136866588547,
  "beta_2": 0.39245750227358933,
  "epsilon": 3.1469805146578864e-08,
  "lr": 1.7978681907020277e-05,
  "seed": 1812744694,
  "weight_decay": 1.1817409130141859e-07
}