{
  "beta_1": 0.41891615293732765,
  "beta_2": 0.5238158551839931,
  "epsilon": 1.4517726726934859e-05,
  "lr": 0.00040746749510711287,
  "seed": 1820283999.2919984,
  "weight_decay": 1.2990347646361735e-06
}