{
  "beta1": 0.6753699877633788,
  "beta2": 0.8944472884263349,
  "epsilon": 9.009408467257457e-08,
  "lr": 8.477606505011464e-05,
  "seed": 790416135,
  "weight_decay": 2.076905682317829e-06,
  "x_beta1": -0.2733516594992196,
  "x_beta2": 1.5508869252723227
}