{
  "beta_1": 0.910234540792866,
  "beta_2": 0.3424617494245741,
  "epsilon": 0.00010992146132403127,
  "lr": 0.0034830648485046477,
  "seed": 682342382,
  "weight_decay": 3.219828275445392e-05
}