{
  "beta_1": 0.10019157891175458,
  "beta_2": 0.3900558722089843,
  "epsilon": 1.4953798226170629e-09,
  "lr": 0.0038825850671846303,
  "seed": 367535280,
  "weight_decay": 0.00019896360334030897
}