{
  "beta_1": 0.8970435764422117,
  "beta_2": 0.8291096064071578,
  "epsilon": 1.0968438601308405e-10,
  "lr": 0.029806511656669015,
  "seed": 1014909963,
  "weight_decay": 8.868914755186845e-06
}