{
  "beta_1": 0.4649205264199149,
  "beta_2": 0.6778598050527411,
  "epsilon": 2.0122246827263977e-09,
  "lr": 0.00020747674447206492,
  "seed": 20345727,
  "weight_decay": 8.109102041676366e-06
}