{
  "beta_1": 0.6822165083226082,
  "beta_2": 0.7133027243450024,
  "epsilon": 2.1237002522862702e-09,
  "lr": 0.0013943450915409855,
  "seed": 1840730190.171913,
  "weight_decay": 0.00022146939868003863
}