{
  "beta_1": 0.5828173508849497,
  "beta_2": 0.3880802762312365,
  "epsilon": 1.4565563227129058e-09,
  "lr": 0.00022845484296399722,
  "seed": 791065956,
  "weight_decay": 0.0015653216185402032
}