{
  "beta_1": 0.9362531835945491,
  "beta_2": 0.6535835441073403,
  "epsilon": 1.3778266095520891e-06,
  "lr": 2.58408489728741e-06,
  "seed": 183975887.45472363,
  "weight_decay": 0.0009326146455623417
}