{
  "beta_1": 0.647906327432612,
  "beta_2": 0.9487965806904581,
  "epsilon": 3.167470351015071e-10,
  "lr": 0.05241947168572994,
  "seed": 2040233319.2838507,
  "weight_decay": 1.9848499216151082e-08
}