{
  "beta_1": 0.29029089150799137,
  "beta_2": 0.11267360383972085,
  "epsilon": 2.2529486953923661e-07,
  "lr": 0.00012734950699685687,
  "seed": 1914327693,
  "weight_decay": 3.892649854929842e-05
}