{
  "beta_1": 0.4563044037581062,
  "beta_2": 0.6812281488039985,
  "epsilon": 4.345051830491932e-08,
  "lr": 0.00016651624974158352,
  "seed": 1603300092.8782353,
  "weight_decay": 2.590487074614099e-07
}