{
  "beta_1": 0.9879551603950464,
  "beta_2": 0.27771544598251613,
  "epsilon": 8.596944295373202e-10,
  "lr": 0.00021365168272030805,
  "seed": 371508613,
  "weight_decay": 1.880541273636183e-07
}