{
  "beta_1": 0.933559732265399,
  "beta_2": 0.9356545149385895,
  "epsilon": 0.00014017072916456562,
  "lr": 2.9064284804052784e-06,
  "seed": 1122106687,
  "weight_decay": 0.0005595966199675233
}