{
  "beta_1": 0.3576678477658305,
  "beta_2": 0.7095367952175925,
  "epsilon": 2.320530363701256e-09,
  "lr": 0.005164161219884891,
  "seed": 1170688876,
  "weight_decay": 1.0722461998512943e-08
}