{
  "beta_1": 0.5224165475554946,
  "beta_2": 0.7332265644579072,
  "epsilon": 3.569179201928418e-08,
  "lr": 5.0459316341563146e-05,
  "seed": 899871501,
  "weight_decay": 1.2267964960529773e-06
}