{
  "beta_1": 0.5800514970452091,
  "beta_2": 0.4154028374422435,
  "epsilon": 5.1723439920468e-05,
  "lr": 0.00020022290198091548,
  "seed": 2129776212,
  "weight_decay": 1.2774834664626702e-08
}