{
  "beta_1": 0.39910011038304216,
  "beta_2": 0.1930763029552629,
  "epsilon": 3.861071140678825e-08,
  "lr": 0.001387687173291187,
  "seed": 539472492.5342923,
  "weight_decay": 0.0017207898445026756
}