{
  "beta_1": 0.3635858742915471,
  "beta_2": 0.13596321370081926,
  "epsilon": 7.162903520816296e-08,
  "lr": 0.0019579556226510704,
  "seed": 1961272266,
  "weight_decay": 8.866572577938709e-07
}