{
  "beta_1": 0.7696639753619391,
  "beta_2": 0.13428814892473923,
  "epsilon": 6.760385943106164e-08,
  "lr": 0.004277963468617624,
  "seed": 570152663,
  "weight_decay": 7.03402960484665e-08
}