{
  "beta1": 0.10000098794409558,
  "beta2": 0.11603921616577592,
  "epsilon": 6.036519803655885e-06,
  "lr": 0.0003432918939337375,
  "seed": 1541349949,
  "weight_decay": 0.00021788901364380419,
  "x_beta1": -13.721166380780108,
  "x_beta2": -4.00926283211127
}