{
  "beta_1": 0.8812781406710031,
  "beta_2": 0.14802322095856502,
  "epsilon": 1.4694617436722953e-09,
  "lr": 7.718218846519971e-05,
  "seed": 400645346.90530574,
  "weight_decay": 7.271072807412568e-06
}