{
  "beta_1": 0.29183310044294664,
  "beta_2": 0.6049353609169605,
  "epsilon": 8.418221635404865e-05,
  "lr": 0.0009137994587645958,
  "seed": 1532996162,
  "weight_decay": 8.415000546767286e-06
}