{
  "beta_1": 0.23613847037628857,
  "beta_2": 0.44241669038973463,
  "epsilon": 0.00010018126515800899,
  "lr": 1.6530612626914258e-06,
  "seed": 1469770682,
  "weight_decay": 5.691175728424568e-06
}