{
  "beta_1": 0.5973126137918414,
  "beta_2": 0.9956958343470116,
  "epsilon": 9.437776383353921e-10,
  "lr": 0.04112677006195415,
  "seed": 2040159689,
  "weight_decay": 0.00012147347343502992
}