{
  "beta1": 0.10039339552009233,
  "beta2": 0.9450131285151021,
  "epsilon": 3.025400334698897e-05,
  "lr": 0.098269034275688,
  "seed": 909823972,
  "weight_decay": 0.008593408183948154,
  "x_beta1": -7.733785107110688,
  "x_beta2": 2.7340779790882213
}