{
  "beta_1": 0.7965995709226145,
  "beta_2": 0.9300506910081582,
  "epsilon": 4.147829798185449e-09,
  "lr": 0.0004803015700019805,
  "seed": 1644776339,
  "weight_decay": 4.1359571284553974e-07
}