{
  "beta_1": 0.6495484826556978,
  "beta_2": 0.8350135655778326,
  "epsilon": 0.00018509595942433742,
  "lr": 0.00022041971926393437,
  "seed": 1415451822,
  "weight_decay": 7.513660359296947e-06
}