{
  "beta_1": 0.45985748491606704,
  "beta_2": 0.5980459296682337,
  "epsilon": 5.969395832328413e-08,
  "lr": 0.0027071712772257324,
  "seed": 137147703.6243467,
  "weight_decay": 0.008689000568849758
}