{
  "beta_1": 0.3773935590289216,
  "beta_2": 0.5272629937873378,
  "epsilon": 0.0005513126857387315,
  "lr": 1.6151415285908904e-05,
  "seed": 1232194365,
  "weight_decay": 0.0005463498268910393
}