{
  "beta1": 0.9989989327705493,
  "beta2": 0.9996173847553568,
  "epsilon": 4.2985903891772054e-08,
  "lr": 0.006341122558601627,
  "seed": 368093888,
  "weight_decay": 4.736413300633663e-08,
  "x_beta1": 13.643971134333091,
  "x_beta2": 8.065638410825445
}