{
  "beta_1": 0.4458315414307956,
  "beta_2": 0.8347457923067666,
  "epsilon": 1.8827332446714216e-09,
  "lr": 0.010016079006896864,
  "seed": 1633812017,
  "weight_decay": 9.1168130648996e-06
}