{
  "beta_1": 0.6978442608581434,
  "beta_2": 0.9684805161276236,
  "epsilon": 0.00010584660103466783,
  "lr": 0.0009999991058710495,
  "seed": 331874507,
  "weight_decay": 2.2466197795726786e-08
}