{
  "beta_1": 0.9167324844975164,
  "beta_2": 0.7409453162352383,
  "epsilon": 1.4924635630312263e-05,
  "lr": 0.0012321625355961676,
  "seed": 1195874212.1243794,
  "weight_decay": 0.0029571572582738257
}