{
  "beta_1": 0.5701954611143581,
  "beta_2": 0.7338243316400279,
  "epsilon": 1.670506532139854e-06,
  "lr": 1.1478519703466054e-05,
  "seed": 64748278,
  "weight_decay": 3.451656862632537e-08
}