{
  "beta_1": 0.35303278911464453,
  "beta_2": 0.4930474120331412,
  "epsilon": 1.9813861372426641e-10,
  "lr": 0.011429636453460556,
  "seed": 1948702698,
  "weight_decay": 3.86261048937475e-06
}