{
  "beta_1": 0.4319276393373016,
  "beta_2": 0.7939241806194826,
  "epsilon": 1.6211246311764343e-06,
  "lr": 0.0008885675981283766,
  "seed": 129141349.75961335,
  "weight_decay": 1.5240979182346976e-06
}