{
  "beta_1": 0.18707945174172924,
  "beta_2": 0.23897126458740842,
  "epsilon": 3.180778791833233e-05,
  "lr": 2.1437973744468916e-05,
  "seed": 2098059560,
  "weight_decay": 1.10005008666486e-06
}