{
  "beta_1": 0.6944457175397609,
  "beta_2": 0.9140207939413306,
  "epsilon": 3.548207074708393e-08,
  "lr": 1.2921852765759598e-05,
  "seed": 1418964352,
  "weight_decay": 1.0185373763316907e-05
}