{
  "beta_1": 0.6337911832900146,
  "beta_2": 0.6675366426917305,
  "epsilon": 1.6174121835889606e-09,
  "lr": 0.002846840411645177,
  "seed": 1221845078.308966,
  "weight_decay": 0.00030946383863204066
}