{
  "beta_1": 0.150903229048507,
  "beta_2": 0.6672530493252194,
  "epsilon": 1.1838717167786575e-07,
  "lr": 0.00020783565271486316,
  "seed": 747549227,
  "weight_decay": 0.00336444346086946
}