{
  "beta_1": 0.5330679304284587,
  "beta_2": 0.8158761519569261,
  "epsilon": 3.3799329815677746e-08,
  "lr": 0.004601708805687247,
  "seed": 1932174871,
  "weight_decay": 1.1923167989155076e-08
}