{
  "beta_1": 0.9603287729591523,
  "beta_2": 0.561961728954909,
  "epsilon": 2.486225519872644e-07,
  "lr": 9.532129873737673e-06,
  "seed": 568479238,
  "weight_decay": 0.0004168394726512116
}