{
  "beta_1": 0.4991716218825578,
  "beta_2": 0.9063199869035097,
  "epsilon": 6.913864972626837e-06,
  "lr": 9.417175445900526e-06,
  "seed": 1762587641,
  "weight_decay": 1.637379311475457e-05
}