{
  "beta_1": 0.33033173478122024,
  "beta_2": 0.8114749643933398,
  "epsilon": 2.2731872404786298e-07,
  "lr": 0.00019839733062848344,
  "seed": 115812351,
  "weight_decay": 0.0002944877047313217
}