{
  "beta_1": 0.5484400541581393,
  "beta_2": 0.11624857838232384,
  "epsilon": 1.7960455018532233e-06,
  "lr": 0.0011068772714582134,
  "seed": 1474091824,
  "weight_decay": 8.383683240831602e-05
}