{
  "beta_1": 0.6083627994445433,
  "beta_2": 0.6540299395217738,
  "epsilon": 1.5684080780437657e-09,
  "lr": 0.000537427970347097,
  "seed": 1394881215,
  "weight_decay": 7.376826640558892e-05
}