{
  "beta_1": 0.35400531870116336,
  "beta_2": 0.13517453429481757,
  "epsilon": 5.713891343467934e-07,
  "lr": 0.024538821122852026,
  "seed": 541346225,
  "weight_decay": 7.141900965394785e-07
}