{
  "beta_1": 0.656964659361981,
  "beta_2": 0.2990445159693246,
  "epsilon": 5.1657351112569165e-06,
  "lr": 0.008263158111351228,
  "seed": 566120928.2244451,
  "weight_decay": 0.0002671609655263369
}