{
  "beta_1": 0.5476959053017398,
  "beta_2": 0.9245661523107667,
  "epsilon": 9.16143434262857e-10,
  "lr": 0.0006054949355671073,
  "seed": 697332757.9509767,
  "weight_decay": 3.036892677402444e-06
}