{
  "beta_1": 0.5083262293511065,
  "beta_2": 0.9950696963436497,
  "epsilon": 3.471830784818957e-07,
  "lr": 0.0005177997007242053,
  "seed": 613923811,
  "weight_decay": 1.170314266076231e-05
}