{
  "beta_1": 0.18313309267210579,
  "beta_2": 0.9077625284009757,
  "epsilon": 7.108514190636836e-10,
  "lr": 0.04376009652255067,
  "seed": 1596879944,
  "weight_decay": 1.39463732827052e-07
}