{
  "beta_1": 0.22036898077918274,
  "beta_2": 0.6969904763387446,
  "epsilon": 1.3219202315745149e-05,
  "lr": 0.0008664692930094063,
  "seed": 781880388,
  "weight_decay": 4.009522911999271e-06
}