{
  "beta_1": 0.6699676898957831,
  "beta_2": 0.5615522923211703,
  "epsilon": 0.0001831755656723776,
  "lr": 4.574251039936168e-06,
  "seed": 691082599,
  "weight_decay": 2.104001045720318e-07
}