{
  "beta_1": 0.24800546432607057,
  "beta_2": 0.2147903274988051,
  "epsilon": 9.237467308559688e-08,
  "lr": 3.562224128794894e-05,
  "seed": 1830093876,
  "weight_decay": 0.0032579293077562824
}