{
  "beta_1": 0.2115052733496994,
  "beta_2": 0.46137877906495006,
  "epsilon": 5.833870353395832e-07,
  "lr": 0.0001760850316949398,
  "seed": 1392011481,
  "weight_decay": 4.5235753322018136e-08
}