{
  "beta_1": 0.595474889093742,
  "beta_2": 0.7695620439223759,
  "epsilon": 2.461848667187747e-10,
  "lr": 0.0012778663946621802,
  "seed": 822883784.4915746,
  "weight_decay": 0.0003959514070342951
}