{
  "beta1": 0.7497007170646035,
  "beta2": 0.5061205670825423,
  "epsilon": 3.849897932806655e-10,
  "lr": 4.942199606625022e-06,
  "seed": 2123261763,
  "weight_decay": 8.758001554694663e-08,
  "x_beta1": 0.9578577073582952,
  "x_beta2": -0.19543884663636923
}