{
  "beta_1": 0.6883622617021019,
  "beta_2": 0.7463400425128235,
  "epsilon": 1.0123631453971456e-05,
  "lr": 0.0077814925069164854,
  "seed": 769084809,
  "weight_decay": 6.7620788009349035e-06
}