{
  "beta_1": 0.3611275549819113,
  "beta_2": 0.7149275863038952,
  "epsilon": 1.248086376327412e-08,
  "lr": 7.84804360962587e-05,
  "seed": 530235660.21946704,
  "weight_decay": 0.00023376906717065342
}