{
  "beta_1": 0.9632429402796425,
  "beta_2": 0.554455381346709,
  "epsilon": 3.6896592370628095e-10,
  "lr": 0.005501658444023225,
  "seed": 969676891,
  "weight_decay": 0.0010520718128432009
}