{
  "beta_1": 0.6508104456270781,
  "beta_2": 0.9993959630407612,
  "epsilon": 1.823687703760776e-05,
  "lr": 8.111295271736314e-06,
  "seed": 1796113621.1039402,
  "weight_decay": 0.006651979820192726
}