{
  "beta_1": 0.6270993625917193,
  "beta_2": 0.9746853503599124,
  "epsilon": 8.757546698804658e-07,
  "lr": 2.2693870669546956e-06,
  "seed": 899842529.4362462,
  "weight_decay": 4.533156762643177e-06
}