{
  "beta_1": 0.9265017137841021,
  "beta_2": 0.7226071080712205,
  "epsilon": 0.00025499468697453393,
  "lr": 0.007085145013600024,
  "seed": 1878829987.4886174,
  "weight_decay": 3.93801609151e-06
}