{
  "beta_1": 0.8668448194040151,
  "beta_2": 0.13043606595624208,
  "epsilon": 4.60173612756255e-09,
  "lr": 2.7463822429609175e-05,
  "seed": 1983259967,
  "weight_decay": 0.0015831984564152798
}