{
  "beta_1": 0.9710829518181497,
  "beta_2": 0.3056100347295859,
  "epsilon": 4.473798189714832e-07,
  "lr": 0.0002539374241581338,
  "seed": 2121726205,
  "weight_decay": 2.5943184760389895e-05
}