{
  "beta_1": 0.7771926245661681,
  "beta_2": 0.7590956376523862,
  "epsilon": 9.002286039859799e-10,
  "lr": 3.687727337027978e-06,
  "seed": 1766584491,
  "weight_decay": 1.0102943211162876e-06
}