{
  "beta_1": 0.5039970464789845,
  "beta_2": 0.18096871143273685,
  "epsilon": 1.7880992907174308e-06,
  "lr": 0.042800093902889004,
  "seed": 549273327,
  "weight_decay": 7.9444040088409e-07
}