{
  "beta_1": 0.10255493838850353,
  "beta_2": 0.14491564285633673,
  "epsilon": 0.00020894692723659884,
  "lr": 2.8887840995967012e-05,
  "seed": 1983543306.1504972,
  "weight_decay": 1.1900802179558172e-08
}