{
  "beta_1": 0.8113178130152482,
  "beta_2": 0.11700886754913564,
  "epsilon": 6.623349555232327e-08,
  "lr": 2.3851148179584826e-05,
  "seed": 471590884,
  "weight_decay": 0.0006386926624760587
}