{
  "beta_1": 0.2450148520893322,
  "beta_2": 0.3967235534255493,
  "epsilon": 2.1236885951680995e-06,
  "lr": 0.00018770255879093603,
  "seed": 1056173635.5950222,
  "weight_decay": 0.005731492455543827
}