{
  "beta_1": 0.49678259109786294,
  "beta_2": 0.7377826422316861,
  "epsilon": 6.393465659008659e-09,
  "lr": 0.00034832331121511265,
  "seed": 987555184,
  "weight_decay": 3.259912522096249e-05
}