{
  "beta_1": 0.9194932818944199,
  "beta_2": 0.7671193182436867,
  "epsilon": 1.292103117270961e-08,
  "lr": 1.1277730631006926e-05,
  "seed": 202500858,
  "weight_decay": 1.4656210112792374e-07
}