{
  "beta_1": 0.6063549668798667,
  "beta_2": 0.1741585185768571,
  "epsilon": 7.990218367793681e-08,
  "lr": 0.00018865943653713103,
  "seed": 72116047,
  "weight_decay": 0.00018832041981626122
}