{
  "beta_1": 0.5196786439251285,
  "beta_2": 0.7656095202680558,
  "epsilon": 2.062368808301935e-06,
  "lr": 0.0005265985998282812,
  "seed": 737344689,
  "weight_decay": 1.9533699666628464e-08
}