{
  "beta_1": 0.41632719164797927,
  "beta_2": 0.6639974092454415,
  "epsilon": 2.1065907998306998e-08,
  "lr": 0.0027787804831606033,
  "seed": 1170688876,
  "weight_decay": 6.423727275223409e-05
}