{
  "beta_1": 0.9133564201051589,
  "beta_2": 0.872473199137471,
  "epsilon": 1.9119561164000797e-05,
  "lr": 8.620922483262689e-06,
  "seed": 1119907058.6668692,
  "weight_decay": 0.0021726051995485146
}