{
  "beta_1": 0.8701666087355945,
  "beta_2": 0.6682328028103147,
  "epsilon": 1.749595794173839e-05,
  "lr": 0.00014838545525925874,
  "seed": 614282285.831466,
  "weight_decay": 1.3449613638078886e-07
}