{
  "beta_1": 0.2970911645486318,
  "beta_2": 0.44857891131502736,
  "epsilon": 9.431720812556897e-07,
  "lr": 0.001549949465641517,
  "seed": 450457296,
  "weight_decay": 1.6608678573799367e-07
}