{
  "beta_1": 0.5725332549299551,
  "beta_2": 0.425550622076719,
  "epsilon": 1.0101268886528632e-05,
  "lr": 4.89737028015854e-05,
  "seed": 887052778,
  "weight_decay": 7.5088731357505e-06
}