{
  "beta_1": 0.7390431830736633,
  "beta_2": 0.21109917632728914,
  "epsilon": 9.824221551558169e-06,
  "lr": 0.04965457672828141,
  "seed": 1401482281,
  "weight_decay": 2.3172525864380125e-08
}