{
  "beta_1": 0.7212260903239555,
  "beta_2": 0.7666657634274917,
  "epsilon": 1.0008091907136144e-06,
  "lr": 4.880027528199899e-06,
  "seed": 1798295663,
  "weight_decay": 2.9448328078873715e-08
}