{
  "beta_1": 0.2753804203789497,
  "beta_2": 0.10454367245096154,
  "epsilon": 3.7220993241853422e-06,
  "lr": 0.000147314824362547,
  "seed": 2039269447.450912,
  "weight_decay": 0.0008159987457511143
}