{
  "beta_1": 0.4882476920955374,
  "beta_2": 0.6765843607864609,
  "epsilon": 2.834563446337224e-05,
  "lr": 0.006862622708679673,
  "seed": 721446531.354791,
  "weight_decay": 6.590623163356065e-06
}