{
  "beta_1": 0.8159543586332794,
  "beta_2": 0.696280496617532,
  "epsilon": 2.508606987804345e-07,
  "lr": 0.00028281958344703674,
  "seed": 1719898887.3217237,
  "weight_decay": 4.4027390622281446e-05
}