{
  "beta_1": 0.5350482507235061,
  "beta_2": 0.15720048688331012,
  "epsilon": 2.107431880168861e-05,
  "lr": 0.0753909282741285,
  "seed": 1011354417,
  "weight_decay": 3.060551251398492e-07
}