{
  "beta_1": 0.8000552843177453,
  "beta_2": 0.6154226687483204,
  "epsilon": 2.6373386840007697e-09,
  "lr": 0.0005820553706728724,
  "seed": 2142880663,
  "weight_decay": 2.6618627200135806e-05
}