{
  "beta_1": 0.9339552890738455,
  "beta_2": 0.7173054779439217,
  "epsilon": 1.2723442708431133e-05,
  "lr": 0.04511156495390803,
  "seed": 259790681,
  "weight_decay": 1.5500089287513995e-06
}