{
  "beta_1": 0.9128178450591524,
  "beta_2": 0.4808942159582118,
  "epsilon": 3.152752394349393e-05,
  "lr": 3.9762667385458566e-05,
  "seed": 1864866617,
  "weight_decay": 0.0016826349101733188
}