{
  "beta_1": 0.24327061874559414,
  "beta_2": 0.27119544872252,
  "epsilon": 0.0001358523022044675,
  "lr": 1.513231615019784e-06,
  "seed": 1420729106,
  "weight_decay": 7.812077174368244e-06
}