{
  "beta_1": 0.3622887012821048,
  "beta_2": 0.8746189624907355,
  "epsilon": 6.375478356222598e-09,
  "lr": 2.4498474467589354e-05,
  "seed": 2128198898,
  "weight_decay": 0.0035464590799160665
}