{
  "beta_1": 0.5569535418124371,
  "beta_2": 0.6654997758154484,
  "epsilon": 2.5908178904853974e-07,
  "lr": 0.0006621375620499146,
  "seed": 1593202681,
  "weight_decay": 1.1033559749568691e-05
}