{
  "beta_1": 0.7952127609689917,
  "beta_2": 0.5529479194294366,
  "epsilon": 3.451567002612965e-08,
  "lr": 8.59251799175082e-05,
  "seed": 791249987,
  "weight_decay": 5.795065906841224e-07
}