{
  "beta_1": 0.3069028889777713,
  "beta_2": 0.31445690422743056,
  "epsilon": 2.5597029739679485e-06,
  "lr": 0.006888794769668733,
  "seed": 1323700917,
  "weight_decay": 0.006948558332309547
}