{
  "beta_1": 0.4778673174680165,
  "beta_2": 0.34834787204305817,
  "epsilon": 4.503487990062205e-06,
  "lr": 0.00018803366329418715,
  "seed": 355901807,
  "weight_decay": 1.691712148902231e-07
}