{
  "beta_1": 0.5931338146010112,
  "beta_2": 0.48290257955758886,
  "epsilon": 2.685591258099252e-10,
  "lr": 0.004656605336638567,
  "seed": 1253605677,
  "weight_decay": 2.7853175851268037e-08
}