{
  "beta_1": 0.2107901818599236,
  "beta_2": 0.43677294099659125,
  "epsilon": 4.930368929378602e-06,
  "lr": 0.07650869808959483,
  "seed": 1352127826,
  "weight_decay": 1.0995578196507526e-06
}