{
  "beta_1": 0.10548118957412948,
  "beta_2": 0.22166254279677897,
  "epsilon": 1.7808695723963245e-06,
  "lr": 1.6948396764433466e-05,
  "seed": 395680092.15650874,
  "weight_decay": 1.784520920013942e-08
}