{
  "beta_1": 0.2879765500580882,
  "beta_2": 0.37430055658850303,
  "epsilon": 1.7347054185591005e-06,
  "lr": 7.703316118253724e-05,
  "seed": 412981476,
  "weight_decay": 0.00018629488144291393
}