{
  "beta_1": 0.46701853904829094,
  "beta_2": 0.46305088706025777,
  "epsilon": 4.984195757492739e-09,
  "lr": 3.3617458814142777e-06,
  "seed": 32015412,
  "weight_decay": 7.105146662433629e-08
}