{
  "beta_1": 0.41543176913041213,
  "beta_2": 0.2921440582411751,
  "epsilon": 3.610304852196008e-09,
  "lr": 0.007283335435824462,
  "seed": 2080654024,
  "weight_decay": 2.5442623789355288e-05
}