{
  "beta_1": 0.16188894827847874,
  "beta_2": 0.1421590627078674,
  "epsilon": 3.293055304373283e-06,
  "lr": 3.923196746864561e-06,
  "seed": 371625429,
  "weight_decay": 0.006973155941685759
}