{
  "beta_1": 0.7465085311203696,
  "beta_2": 0.10656252396032541,
  "epsilon": 5.7043766145404946e-09,
  "lr": 8.548260245844663e-06,
  "seed": 1026425616.0377263,
  "weight_decay": 0.0003786074548631842
}