{
  "beta_1": 0.8928478545189671,
  "beta_2": 0.33030411914478275,
  "epsilon": 2.576304677155589e-07,
  "lr": 0.00045247002326195975,
  "seed": 1159841031,
  "weight_decay": 2.9961723909832577e-06
}