{
  "beta_1": 0.8465601854741945,
  "beta_2": 0.7020988749164185,
  "epsilon": 6.640709799826967e-07,
  "lr": 0.0020286611321844268,
  "seed": 1289052255,
  "weight_decay": 2.1940405226967772e-08
}