{
  "beta_1": 0.19695530615863754,
  "beta_2": 0.5083218682183189,
  "epsilon": 2.1233045164305103e-09,
  "lr": 0.00325025710731079,
  "seed": 1502337542.8121073,
  "weight_decay": 0.0004145561901988487
}