{
  "beta_1": 0.6229710945069465,
  "beta_2": 0.6904925148088525,
  "epsilon": 3.7904583016434616e-07,
  "lr": 0.000893550589989714,
  "seed": 1517374512.6194563,
  "weight_decay": 0.0001223311488541789
}