{
  "beta_1": 0.5806647599864513,
  "beta_2": 0.5435848559082307,
  "epsilon": 3.849897932806655e-10,
  "lr": 4.942199606625022e-06,
  "seed": 2123261763,
  "weight_decay": 8.758001554694663e-08
}