{
  "beta_1": 0.4604646544317206,
  "beta_2": 0.8792457739702858,
  "epsilon": 1.1460351621317812e-06,
  "lr": 0.0008120789773119254,
  "seed": 503706837,
  "weight_decay": 1.716741207114395e-08
}