{
  "beta_1": 0.18169815488779514,
  "beta_2": 0.6763880392525057,
  "epsilon": 0.00043259964402724254,
  "lr": 0.0017726150392847694,
  "seed": 907237688,
  "weight_decay": 4.144048803578553e-08
}