{
  "beta_1": 0.4892744160686384,
  "beta_2": 0.339232473929383,
  "epsilon": 0.0007979554523967338,
  "lr": 1.156180371004553e-06,
  "seed": 1618810943.7679691,
  "weight_decay": 1.1049363630394683e-07
}