{
  "beta_1": 0.7536293406053952,
  "beta_2": 0.24112076027173357,
  "epsilon": 7.539258447393343e-05,
  "lr": 3.758070907395076e-05,
  "seed": 904853995,
  "weight_decay": 7.296833804055112e-07
}