{
  "beta_1": 0.8663292861024212,
  "beta_2": 0.8903402620734694,
  "epsilon": 0.0001995542538354101,
  "lr": 0.005195193576692576,
  "seed": 2038060424.6131656,
  "weight_decay": 1.9192286969730503e-08
}