{
  "beta_1": 0.5632960713595639,
  "beta_2": 0.13700356413924045,
  "epsilon": 6.303666364967338e-05,
  "lr": 0.003762343223022497,
  "seed": 1343930858,
  "weight_decay": 6.042893138634151e-08
}