{
  "beta_1": 0.40055967346676646,
  "beta_2": 0.13790567064535905,
  "epsilon": 5.93736714237517e-06,
  "lr": 0.06882312832058796,
  "seed": 122411220,
  "weight_decay": 1.228896389760911e-05
}