{
  "beta_1": 0.598876132711611,
  "beta_2": 0.6366614895785805,
  "epsilon": 0.0009006718929955619,
  "lr": 1.6553069895893525e-05,
  "seed": 2136641070,
  "weight_decay": 4.416146457905387e-08
}