{
  "beta_1": 0.5973614764056279,
  "beta_2": 0.5648790728506495,
  "epsilon": 3.6572085018185594e-09,
  "lr": 0.0008405496438128513,
  "seed": 1727765244.7988985,
  "weight_decay": 0.0010715193454987793
}