{
  "beta_1": 0.6440057787041414,
  "beta_2": 0.3518907501097709,
  "epsilon": 8.200684384160769e-09,
  "lr": 0.00024112063193394904,
  "seed": 1935130426,
  "weight_decay": 1.7005088462368862e-07
}