{
  "beta_1": 0.24555106762786663,
  "beta_2": 0.13393035270526482,
  "epsilon": 1.5769094363388312e-08,
  "lr": 1.613527201508925e-05,
  "seed": 327734795,
  "weight_decay": 0.0067690165703135205
}