{
  "beta_1": 0.8468823674496139,
  "beta_2": 0.10450015575401725,
  "epsilon": 0.00033506311235211993,
  "lr": 3.382863157280967e-05,
  "seed": 1266136725,
  "weight_decay": 0.0003958927754384626
}