{
  "beta_1": 0.7042753925204996,
  "beta_2": 0.7227715137579113,
  "epsilon": 1.2663792342718367e-06,
  "lr": 0.026343614748544054,
  "seed": 1553877008,
  "weight_decay": 7.423848130902517e-06
}