{
  "beta_1": 0.44368160418655955,
  "beta_2": 0.8270362934953145,
  "epsilon": 1.9118773630291733e-07,
  "lr": 0.0370085295464443,
  "seed": 1104544277,
  "weight_decay": 8.44866999860357e-08
}