{
  "beta_1": 0.874222032494224,
  "beta_2": 0.678998072855434,
  "epsilon": 2.6849028920175804e-07,
  "lr": 0.00042625615394906435,
  "seed": 1681940714,
  "weight_decay": 3.7723538592011908e-06
}