{
  "beta_1": 0.6756691937124645,
  "beta_2": 0.45428811278999337,
  "epsilon": 0.0003359722862098485,
  "lr": 0.006056671326270508,
  "seed": 753182946.3001343,
  "weight_decay": 1.2003820263590358e-08
}