{
  "beta_1": 0.7335736637363501,
  "beta_2": 0.9982021185347406,
  "epsilon": 6.374243548801784e-09,
  "lr": 0.0002472359521763289,
  "seed": 535712285,
  "weight_decay": 0.0005289120709984436
}