{
  "beta_1": 0.7601126337827859,
  "beta_2": 0.7359972284508777,
  "epsilon": 0.0008687276041473409,
  "lr": 0.00013405895312506067,
  "seed": 600927487,
  "weight_decay": 2.8927572875319173e-05
}