{
  "beta_1": 0.2691554948451176,
  "beta_2": 0.7791092457719325,
  "epsilon": 3.0278763218689696e-06,
  "lr": 0.0007046098763142951,
  "seed": 917118518.2148762,
  "weight_decay": 0.002542122712576107
}