{
  "beta_1": 0.4816140080221266,
  "beta_2": 0.6239316160030273,
  "epsilon": 2.350415452304725e-05,
  "lr": 0.0015969185511603816,
  "seed": 261808149,
  "weight_decay": 0.002890145568481427
}