{
  "beta_1": 0.2974008858217093,
  "beta_2": 0.345469262906956,
  "epsilon": 5.7621942660362026e-08,
  "lr": 6.187727807270465e-06,
  "seed": 375663363.8604013,
  "weight_decay": 5.3345848926126235e-08
}