{
  "beta_1": 0.12950958294540713,
  "beta_2": 0.30202175690937416,
  "epsilon": 1.040062668530178e-07,
  "lr": 0.0027853738603274753,
  "seed": 719591188.7916664,
  "weight_decay": 0.004954638597082372
}