{
  "beta_1": 0.46190865319541885,
  "beta_2": 0.13459603183480007,
  "epsilon": 3.022465803965084e-09,
  "lr": 0.003839454042972025,
  "seed": 321293071.53801405,
  "weight_decay": 2.9131258615577102e-08
}