{
  "beta_1": 0.29657585397841946,
  "beta_2": 0.2006228985135669,
  "epsilon": 0.00020873191006648555,
  "lr": 0.00040018947426263796,
  "seed": 1536638274,
  "weight_decay": 8.419653727057249e-05
}