{
  "beta_1": 0.17923854890490945,
  "beta_2": 0.6862958511292143,
  "epsilon": 0.0003887737302830303,
  "lr": 0.00545814428383079,
  "seed": 1220469710.6391618,
  "weight_decay": 8.952743369516388e-07
}