{
  "beta_1": 0.4442950422222627,
  "beta_2": 0.9862206013310771,
  "epsilon": 3.333766537271043e-05,
  "lr": 0.000239424363291955,
  "seed": 1025012402.4425992,
  "weight_decay": 8.842083624096235e-06
}