{
  "beta1": 0.5844034131535563,
  "beta2": 0.8950040969446832,
  "epsilon": 1.8988238213743255e-06,
  "lr": 0.002814573082987392,
  "seed": 260676448,
  "weight_decay": 1.1884469276473878e-07,
  "x_beta1": 0.18673450828135357,
  "x_beta2": 1.6203030472861983
}