{
  "beta_1": 0.6280173508330325,
  "beta_2": 0.6757647461669521,
  "epsilon": 1.1799843770885532e-06,
  "lr": 0.00044551225973563877,
  "seed": 2020668290,
  "weight_decay": 2.6299467598573133e-06
}