{
  "beta_1": 0.25024595297528224,
  "beta_2": 0.1728901333959599,
  "epsilon": 0.000526720449903122,
  "lr": 0.04923242418229906,
  "seed": 1333284236.301377,
  "weight_decay": 3.5777649501894016e-06
}