{
  "beta_1": 0.3533236162240043,
  "beta_2": 0.2182502662202206,
  "epsilon": 6.732685358379571e-05,
  "lr": 0.0031309391385140072,
  "seed": 1221312833,
  "weight_decay": 1.3878414910430146e-08
}