{
  "beta1": 0.10000173760564217,
  "beta2": 0.10000464427277432,
  "epsilon": 4.680459695103376e-05,
  "lr": 0.012897643805522753,
  "seed": 1719024562,
  "weight_decay": 3.666706150103319e-08,
  "x_beta1": 1.7462111798982125,
  "x_beta2": -14.609278758106681
}