{
  "beta_1": 0.9165142086699951,
  "beta_2": 0.5541003830779412,
  "epsilon": 0.0004335818340076299,
  "lr": 0.024494030865923024,
  "seed": 359212387,
  "weight_decay": 5.4584771986680884e-05
}