{
  "beta_1": 0.47290304710495545,
  "beta_2": 0.7573047868330796,
  "epsilon": 0.00018929828623208644,
  "lr": 0.00030910810953656195,
  "seed": 1624370277,
  "weight_decay": 6.587167852399492e-05
}