{
  "beta_1": 0.9322024525511234,
  "beta_2": 0.6124264956703785,
  "epsilon": 6.738034595230861e-08,
  "lr": 7.447183524856094e-06,
  "seed": 2113765075.0592077,
  "weight_decay": 0.0009904504946607478
}