{
  "beta_1": 0.5494594588061921,
  "beta_2": 0.3010570230370273,
  "epsilon": 3.2359408496764216e-09,
  "lr": 5.403530110535341e-06,
  "seed": 1271706151,
  "weight_decay": 1.3255458948932095e-08
}