{
  "beta_1": 0.8890989244852006,
  "beta_2": 0.7382837709936594,
  "epsilon": 1.9360905894752305e-07,
  "lr": 0.0012533043877918444,
  "seed": 1989195371,
  "weight_decay": 0.0004081004596738677
}