{
  "beta_1": 0.5845166005817172,
  "beta_2": 0.17341495389664363,
  "epsilon": 9.400333838707127e-06,
  "lr": 8.270914804137448e-06,
  "seed": 871133075.7727406,
  "weight_decay": 2.0415719097187464e-07
}