{
  "beta_1": 0.6952121357077256,
  "beta_2": 0.9410196123821561,
  "epsilon": 5.348072773490657e-06,
  "lr": 2.6505792424149135e-06,
  "seed": 501939655,
  "weight_decay": 0.0005180763318465426
}