{
  "beta_1": 0.48357007791687734,
  "beta_2": 0.31318172054486726,
  "epsilon": 1.390074364929093e-07,
  "lr": 0.00013746331352635047,
  "seed": 7632584,
  "weight_decay": 1.9992152455472114e-07
}