{
  "beta_1": 0.6478846787309163,
  "beta_2": 0.5765465235709252,
  "epsilon": 2.3761390000556687e-07,
  "lr": 1.1378602402006711e-06,
  "seed": 419027636,
  "weight_decay": 1.3440584362187502e-08
}