{
  "beta1": 0.24916944635706637,
  "beta2": 0.10093931724435173,
  "epsilon": 2.8383244365058175e-07,
  "lr": 3.66336175791049e-05,
  "seed": 1669254808,
  "weight_decay": 0.001218768820733197,
  "x_beta1": 8.638605905648044,
  "x_beta2": -5.491073042014515
}