{
  "beta_1": 0.382821689682892,
  "beta_2": 0.7309531390104362,
  "epsilon": 1.4428340325849084e-09,
  "lr": 2.611858188540068e-06,
  "seed": 41070670.34826108,
  "weight_decay": 4.87899619501407e-06
}