{
  "beta_1": 0.14848366873317725,
  "beta_2": 0.22350310557697914,
  "epsilon": 1.0174051325364438e-07,
  "lr": 0.0077814925069164854,
  "seed": 769084809,
  "weight_decay": 5.987367936011752e-06
}