{
  "beta_1": 0.5915903986745568,
  "beta_2": 0.5005523437757259,
  "epsilon": 2.768858059341011e-06,
  "lr": 0.0001580060858169699,
  "seed": 1328307326,
  "weight_decay": 1.511286525088799e-06
}