{
  "beta_1": 0.48947091851434477,
  "beta_2": 0.37293999799635247,
  "epsilon": 5.156329027766491e-10,
  "lr": 0.00019737683360112907,
  "seed": 2139184216,
  "weight_decay": 1.5244158665881525e-06
}