{
  "beta_1": 0.5788090264889716,
  "beta_2": 0.6798208934221823,
  "epsilon": 0.0001132655796614252,
  "lr": 0.000645001056695399,
  "seed": 1536243873,
  "weight_decay": 0.0007897614071376481
}