{
  "beta_1": 0.4916748703145939,
  "beta_2": 0.2528805413775245,
  "epsilon": 7.315564547209355e-05,
  "lr": 0.0035075414525331376,
  "seed": 836961577,
  "weight_decay": 1.657235491815658e-06
}