{
  "beta1": 0.125361796346166,
  "beta2": 0.10076509760359145,
  "epsilon": 7.088908572534354e-05,
  "lr": 0.0016156818007439263,
  "seed": 1471594021,
  "weight_decay": 2.5953099769313946e-07,
  "x_beta1": -3.5394223744234043,
  "x_beta2": -7.06918494839699
}