{
  "beta_1": 0.2495986083569461,
  "beta_2": 0.1410323472849743,
  "epsilon": 1.7430840508686578e-07,
  "lr": 0.009675629363178622,
  "seed": 57676529,
  "weight_decay": 0.0036625990656675733
}