{
  "beta_1": 0.8670023638108524,
  "beta_2": 0.3776244405061625,
  "epsilon": 5.424425196956318e-07,
  "lr": 0.0008209814998559971,
  "seed": 1531088626,
  "weight_decay": 2.326602211799789e-06
}