{
  "beta1": 0.9989817379109699,
  "beta2": 0.1008711987197222,
  "epsilon": 2.1298696019967133e-07,
  "lr": 2.1238407599319167e-05,
  "seed": 601126595,
  "weight_decay": 0.003362455668842224,
  "x_beta1": 8.643352580898556,
  "x_beta2": 6.6000154191825775
}