{
  "beta_1": 0.35716280372738674,
  "beta_2": 0.6259848640597069,
  "epsilon": 1.0331247756131365e-10,
  "lr": 0.003373177760470188,
  "seed": 887896053.8882287,
  "weight_decay": 1.2579887591458784e-05
}