{
  "beta_1": 0.6632123640710174,
  "beta_2": 0.32769505756313816,
  "epsilon": 1.4454091854552036e-09,
  "lr": 3.3558466266857643e-06,
  "seed": 1043375326.5925399,
  "weight_decay": 3.3111224939492145e-06
}