{
  "beta_1": 0.9802670059128592,
  "beta_2": 0.8687980589808137,
  "epsilon": 8.567113553951972e-06,
  "lr": 0.0020159537991967054,
  "seed": 459225844.11221826,
  "weight_decay": 9.540691276887981e-07
}