{
  "beta_1": 0.25619774884887647,
  "beta_2": 0.2484511638716993,
  "epsilon": 0.0004613250788348889,
  "lr": 0.00018136447105255622,
  "seed": 386537894,
  "weight_decay": 0.0011015134343059373
}