{
  "beta_1": 0.5885646911319323,
  "beta_2": 0.328546639211316,
  "epsilon": 4.570638714540161e-10,
  "lr": 6.86461400095667e-05,
  "seed": 1779307865,
  "weight_decay": 1.3162865004093077e-07
}