{
  "beta_1": 0.33270869668562375,
  "beta_2": 0.9959279548214658,
  "epsilon": 6.668101425566312e-08,
  "lr": 7.82731060699808e-06,
  "seed": 75614451.1682092,
  "weight_decay": 0.000546536375607621
}