{
  "beta_1": 0.9319053524720777,
  "beta_2": 0.20638786127377196,
  "epsilon": 6.487487173074457e-10,
  "lr": 0.00448149153617347,
  "seed": 17723053,
  "weight_decay": 0.00095491981543331
}