{
  "beta_1": 0.712897521720821,
  "beta_2": 0.8660843371843702,
  "epsilon": 6.134496496685543e-06,
  "lr": 0.0005293078017944504,
  "seed": 278092629.47517323,
  "weight_decay": 0.003403026853897025
}