{
  "beta_1": 0.7604534993056791,
  "beta_2": 0.5450249496014782,
  "epsilon": 1.496068475221608e-07,
  "lr": 0.0006717849629338712,
  "seed": 1394881215,
  "weight_decay": 6.147355533799076e-05
}