{
  "beta_1": 0.45990667420338127,
  "beta_2": 0.9633140534710195,
  "epsilon": 1.209770113791517e-07,
  "lr": 1.5673504011266344e-05,
  "seed": 1512088368.352588,
  "weight_decay": 0.0007347733998763283
}