{
  "beta_1": 0.4586873880800747,
  "beta_2": 0.6216954446079838,
  "epsilon": 2.259867415452774e-08,
  "lr": 0.0008028410944673865,
  "seed": 1167319807.4567986,
  "weight_decay": 1.9605641071736426e-08
}