{
  "beta_1": 0.6934282066818078,
  "beta_2": 0.27322808742716687,
  "epsilon": 1.9150961023992953e-06,
  "lr": 2.727676608944e-05,
  "seed": 138614197,
  "weight_decay": 0.008499471828541213
}