{
  "beta_1": 0.3005308211325819,
  "beta_2": 0.9287299520659501,
  "epsilon": 1.4835563261006612e-06,
  "lr": 0.0034176411339490154,
  "seed": 1603461252,
  "weight_decay": 1.2996142738744487e-05
}