{
  "beta_1": 0.38096841759447597,
  "beta_2": 0.9970987983092371,
  "epsilon": 1.2016158321788153e-07,
  "lr": 0.0004186754961363289,
  "seed": 96244859.90207317,
  "weight_decay": 2.1539663419555723e-07
}