{
  "beta1": 0.10000931121009125,
  "beta2": 0.1038800789507218,
  "epsilon": 5.8088369460206825e-09,
  "lr": 0.06595788366606793,
  "seed": 11379662,
  "weight_decay": 7.550183312291462e-08,
  "x_beta1": -11.477808895683307,
  "x_beta2": -5.442107144489368
}