{
  "beta_1": 0.6881744914678721,
  "beta_2": 0.5530765074056376,
  "epsilon": 1.4401421066451424e-09,
  "lr": 0.0015248233286125846,
  "seed": 1526045631,
  "weight_decay": 0.001831553349800923
}