{
  "beta_1": 0.24468634449537946,
  "beta_2": 0.19402130494046196,
  "epsilon": 1.2633441030236046e-07,
  "lr": 0.08331993574968073,
  "seed": 1186171107.1999762,
  "weight_decay": 0.005448456674234734
}