{
  "beta_1": 0.9556338827801252,
  "beta_2": 0.11051758864313047,
  "epsilon": 5.232067500254651e-09,
  "lr": 1.0811278847939124e-06,
  "seed": 913394797,
  "weight_decay": 2.2411044395902058e-07
}