{
  "beta_1": 0.6195000490037496,
  "beta_2": 0.5430729536539833,
  "epsilon": 1.3966489649620263e-08,
  "lr": 5.462549279388895e-05,
  "seed": 1309258215,
  "weight_decay": 0.006832131216490252
}