{
  "beta_1": 0.4714660339157343,
  "beta_2": 0.2094359644161378,
  "epsilon": 2.4157849570440667e-06,
  "lr": 0.010461594175384229,
  "seed": 332832755.85486865,
  "weight_decay": 1.4436609549806237e-08
}