{
  "beta_1": 0.23946860187006605,
  "beta_2": 0.39401755649474357,
  "epsilon": 1.3032205510157847e-06,
  "lr": 0.0030725237112429584,
  "seed": 531438621,
  "weight_decay": 1.092648742756907e-07
}