{
  "beta_1": 0.5361082077718167,
  "beta_2": 0.34161187338841303,
  "epsilon": 0.00019049181723834055,
  "lr": 3.202315957855393e-05,
  "seed": 822263329.4047608,
  "weight_decay": 0.000236394036433439
}