{
  "beta_1": 0.7472240375099904,
  "beta_2": 0.3887776840027004,
  "epsilon": 1.0828402453037119e-05,
  "lr": 0.0022556214134225963,
  "seed": 746242461.5337436,
  "weight_decay": 7.169339949049677e-05
}