{
  "beta_1": 0.9248036688541987,
  "beta_2": 0.964541634806821,
  "epsilon": 1.914025517793359e-05,
  "lr": 0.06506300387796762,
  "seed": 1702122182,
  "weight_decay": 3.021871143436294e-06
}