{
  "beta_1": 0.3734574975034122,
  "beta_2": 0.3088612135388017,
  "epsilon": 0.0005399164992232835,
  "lr": 0.0007558066324146192,
  "seed": 571153111.9378914,
  "weight_decay": 6.959082020276388e-08
}