{
  "beta_1": 0.8141241503252423,
  "beta_2": 0.4198188682705437,
  "epsilon": 7.065111260191913e-05,
  "lr": 0.0064309098511826455,
  "seed": 1592288807.9681935,
  "weight_decay": 0.007649946902875449
}