{
  "beta_1": 0.5399607285146069,
  "beta_2": 0.7717523886042357,
  "epsilon": 6.975425902896962e-09,
  "lr": 1.0744563330326852e-06,
  "seed": 2027555222,
  "weight_decay": 1.1619306507001283e-07
}