{
  "beta_1": 0.7552511042440504,
  "beta_2": 0.992226068610744,
  "epsilon": 3.7224681496330844e-07,
  "lr": 0.0031613080108130937,
  "seed": 670560987.2118937,
  "weight_decay": 0.0021516483968442718
}