{
  "beta_1": 0.12718965469743226,
  "beta_2": 0.6061894775110068,
  "epsilon": 9.563841440978045e-08,
  "lr": 0.001061020587672953,
  "seed": 1659329044.606663,
  "weight_decay": 0.00019182356604456212
}