{
  "beta_1": 0.48170681312254615,
  "beta_2": 0.9323164066233218,
  "epsilon": 0.00010553171108501257,
  "lr": 0.00042686833518359286,
  "seed": 458747237.5977913,
  "weight_decay": 0.0018364217593027578
}