{
  "beta_1": 0.8020864286538216,
  "beta_2": 0.9377353352936736,
  "epsilon": 1.128248592866925e-06,
  "lr": 4.6710964287639137e-05,
  "seed": 58330548,
  "weight_decay": 1.0841109677460737e-05
}