{
  "beta_1": 0.8767252640316276,
  "beta_2": 0.5287726185466767,
  "epsilon": 0.0008685822377573763,
  "lr": 1.3347402389915018e-05,
  "seed": 263296911,
  "weight_decay": 7.930713583934394e-06
}