{
  "beta_1": 0.5447215453027966,
  "beta_2": 0.20430911540797086,
  "epsilon": 4.6261552618889216e-09,
  "lr": 9.91224170408663e-05,
  "seed": 849076162,
  "weight_decay": 0.009807973989462898
}