{
  "beta_1": 0.6574310531071684,
  "beta_2": 0.771380262815298,
  "epsilon": 0.00044021968973791283,
  "lr": 0.011635651100692791,
  "seed": 731310514.4512765,
  "weight_decay": 1.2960338905727452e-07
}