{
  "beta_1": 0.878949552256349,
  "beta_2": 0.2961888778944681,
  "epsilon": 1.1782978416144897e-07,
  "lr": 0.0001903311194842955,
  "seed": 1203333983,
  "weight_decay": 6.628440382116142e-07
}