{
  "beta1": 0.10000485696032989,
  "beta2": 0.11647895991406816,
  "epsilon": 3.723089765095377e-10,
  "lr": 5.335296285975801e-05,
  "seed": 658184380,
  "weight_decay": 4.567144457656128e-08,
  "x_beta1": -2.497593456333046,
  "x_beta2": -4.778061006680681
}