{
  "beta_1": 0.6575281634998527,
  "beta_2": 0.5338077602966751,
  "epsilon": 0.0009420182739112012,
  "lr": 0.0006299820639885388,
  "seed": 1104452687.6052632,
  "weight_decay": 0.0007655864857353353
}