{
  "beta_1": 0.8718848224078161,
  "beta_2": 0.5956548447084618,
  "epsilon": 3.7943963915854606e-10,
  "lr": 0.0001542437747908641,
  "seed": 2038332430.3188305,
  "weight_decay": 2.456476794701778e-07
}