{
  "beta_1": 0.8876754290701714,
  "beta_2": 0.6884399994559508,
  "epsilon": 1.124082674345318e-10,
  "lr": 0.000984811274978746,
  "seed": 2021178471.6316288,
  "weight_decay": 0.000705796987860857
}