{
  "beta_1": 0.696697146199162,
  "beta_2": 0.30703882010619976,
  "epsilon": 1.982018540463047e-08,
  "lr": 1.1374274463374958e-06,
  "seed": 1743718199.0073755,
  "weight_decay": 0.0005867783569436499
}