{
  "beta_1": 0.3399818678140253,
  "beta_2": 0.6316236187921618,
  "epsilon": 0.0004406323647734314,
  "lr": 0.0011953938058879118,
  "seed": 213036584.6448786,
  "weight_decay": 1.4352656733981434e-08
}