{
  "beta_1": 0.43641347307663436,
  "beta_2": 0.8796145501585781,
  "epsilon": 2.8485527489064394e-06,
  "lr": 1.5325176655039175e-05,
  "seed": 838950870,
  "weight_decay": 3.4218372637675826e-08
}