{
  "beta1": 0.9989082879899354,
  "beta2": 0.9997531514030377,
  "epsilon": 1.0847848261077377e-10,
  "lr": 0.00013204918680245675,
  "seed": 385398547,
  "weight_decay": 2.1420292817188982e-05,
  "x_beta1": 4.226708934150848,
  "x_beta2": -10.110171316437338
}