{
  "beta1": 0.9989591544222561,
  "beta2": 0.9996488369878893,
  "epsilon": 7.804124188248109e-05,
  "lr": 4.221666426909507e-06,
  "seed": 64482564,
  "weight_decay": 3.286623559507804e-08,
  "x_beta1": -0.5441306617389934,
  "x_beta2": 9.820389127285008
}