{
  "beta_1": 0.903004935267155,
  "beta_2": 0.5210265769598335,
  "epsilon": 7.506776057436543e-05,
  "lr": 6.787466455224313e-05,
  "seed": 314235372,
  "weight_decay": 0.00020956078582877845
}