{
  "beta_1": 0.29090169244053343,
  "beta_2": 0.8092598120077145,
  "epsilon": 0.0001334385570733939,
  "lr": 0.0038652130601291384,
  "seed": 173515253.42071676,
  "weight_decay": 0.00036024222265157815
}