{
  "beta_1": 0.19394245243371686,
  "beta_2": 0.4751488132070638,
  "epsilon": 8.179606583482786e-08,
  "lr": 1.0798761959223555e-06,
  "seed": 1903610235,
  "weight_decay": 0.0007300786153141754
}