{
  "beta1": 0.9599376136824807,
  "beta2": 0.10016402622481096,
  "epsilon": 6.660521521412409e-10,
  "lr": 3.2391143038201064e-05,
  "seed": 985551078,
  "weight_decay": 1.884005012517859e-07,
  "x_beta1": 3.091699827165682,
  "x_beta2": -8.609830314370999
}