{
  "beta_1": 0.5855773812684081,
  "beta_2": 0.9952180218697936,
  "epsilon": 0.0003682570529831581,
  "lr": 0.00039111094279536057,
  "seed": 1106461397.266569,
  "weight_decay": 0.0017565288069150702
}