{
  "beta_1": 0.6797337736426068,
  "beta_2": 0.22952251985440764,
  "epsilon": 3.0774295327841653e-06,
  "lr": 0.0008975655925857293,
  "seed": 223702264,
  "weight_decay": 7.788068486169102e-08
}