{
  "beta_1": 0.847865806257905,
  "beta_2": 0.5689291869170394,
  "epsilon": 6.748038348788497e-06,
  "lr": 7.867133022229651e-06,
  "seed": 418179385.5813724,
  "weight_decay": 0.0002854958176399376
}