{
  "beta_1": 0.7944420696881771,
  "beta_2": 0.39392669244719514,
  "epsilon": 7.30947940267983e-07,
  "lr": 0.008054592951605998,
  "seed": 28509046,
  "weight_decay": 1.1773238398843234e-05
}