{
  "beta_1": 0.6210585170005412,
  "beta_2": 0.626368805511859,
  "epsilon": 2.128909570198684e-05,
  "lr": 0.0013290406893761183,
  "seed": 1835202718,
  "weight_decay": 3.688283762752516e-07
}