{
  "beta_1": 0.6642878332475277,
  "beta_2": 0.8990211376847681,
  "epsilon": 2.930901057409539e-08,
  "lr": 0.0005339657043994581,
  "seed": 740868492.577925,
  "weight_decay": 5.369024248291766e-07
}