{
  "beta_1": 0.460323425032817,
  "beta_2": 0.6036500057659285,
  "epsilon": 4.220881135712486e-06,
  "lr": 0.06893378028897879,
  "seed": 809287515,
  "weight_decay": 0.00032646858868929263
}