{
  "beta_1": 0.5093438219630573,
  "beta_2": 0.9138931475423983,
  "epsilon": 9.218123246117072e-05,
  "lr": 0.03935120617568652,
  "seed": 1051359662,
  "weight_decay": 7.272319729168018e-07
}