{
  "beta_1": 0.8666263615171326,
  "beta_2": 0.7786090441855035,
  "epsilon": 0.00016940985162324177,
  "lr": 6.638655544934978e-06,
  "seed": 135774622,
  "weight_decay": 0.0003396530146029293
}