{
  "beta_1": 0.8854284928597166,
  "beta_2": 0.9169246181936859,
  "epsilon": 4.15395118727532e-07,
  "lr": 0.00044785664195591416,
  "seed": 1394881215,
  "weight_decay": 9.221033300698614e-05
}