{
  "beta_1": 0.4478110328391308,
  "beta_2": 0.5488189213573398,
  "epsilon": 7.807374417586402e-08,
  "lr": 1.071194746345142e-06,
  "seed": 1754441465.3082302,
  "weight_decay": 8.393916423646166e-06
}