{
  "beta_1": 0.7324225386659848,
  "beta_2": 0.966588163805831,
  "epsilon": 3.2462388389391706e-09,
  "lr": 0.00038278080067691826,
  "seed": 1179758095,
  "weight_decay": 7.953186435288585e-08
}