{
  "beta_1": 0.28908445884958,
  "beta_2": 0.3984264661434175,
  "epsilon": 5.746381557326669e-08,
  "lr": 2.9382755502172407e-05,
  "seed": 44550219,
  "weight_decay": 3.998866358664585e-06
}