{
  "beta1": 0.10058258675066721,
  "beta2": 0.10069972883241035,
  "epsilon": 3.839554460951922e-06,
  "lr": 0.015451900164484429,
  "seed": 1323700917,
  "weight_decay": 0.00042202506187583684,
  "x_beta1": -7.047275483708112,
  "x_beta2": -10.30833818203151
}