{
  "beta_1": 0.33324795905051485,
  "beta_2": 0.8116934303545569,
  "epsilon": 2.5279089597968398e-08,
  "lr": 0.002223024386528483,
  "seed": 1170688876,
  "weight_decay": 5.138981820178727e-05
}