{
  "beta_1": 0.53602772882099,
  "beta_2": 0.7624786002230789,
  "epsilon": 1.0045324311993132e-08,
  "lr": 0.09453977899054496,
  "seed": 419545672,
  "weight_decay": 1.3531400672636618e-08
}