{
  "beta_1": 0.8774143301265362,
  "beta_2": 0.15273348769887352,
  "epsilon": 1.02633822471337e-07,
  "lr": 0.0015223605473540817,
  "seed": 2120235639,
  "weight_decay": 8.584786458709629e-05
}