{
  "beta_1": 0.6715662793188182,
  "beta_2": 0.9935412867150967,
  "epsilon": 0.00038838660430477387,
  "lr": 0.0007632201916819345,
  "seed": 71484928,
  "weight_decay": 6.972363325619482e-08
}