{
  "beta_1": 0.3540480093310028,
  "beta_2": 0.7042938977416713,
  "epsilon": 2.584700701129594e-06,
  "lr": 3.101142661358934e-06,
  "seed": 209855719.07114637,
  "weight_decay": 3.664582272301507e-05
}