{
  "beta_1": 0.45052102969628594,
  "beta_2": 0.9534270390365578,
  "epsilon": 1.7878863647090205e-06,
  "lr": 1.2437973117833589e-05,
  "seed": 1637533450.0768204,
  "weight_decay": 1.3742104646833886e-05
}