{
  "beta_1": 0.16075257748532865,
  "beta_2": 0.5006625098008689,
  "epsilon": 8.616323902885418e-06,
  "lr": 5.272932778477798e-06,
  "seed": 982568886,
  "weight_decay": 0.008919681958333666
}