{
  "beta_1": 0.8905932441460315,
  "beta_2": 0.5369883870991238,
  "epsilon": 1.0629883529769014e-10,
  "lr": 0.0010701434561040152,
  "seed": 357882315.02869654,
  "weight_decay": 0.001048065609046588
}