{
  "beta_1": 0.5284412686134345,
  "beta_2": 0.47406172384224476,
  "epsilon": 5.8593712507995575e-09,
  "lr": 0.00031730588248634847,
  "seed": 2054453761.1199145,
  "weight_decay": 0.0045167198806331495
}