{
  "beta1": 0.10007973268644757,
  "beta2": 0.10029941201094487,
  "epsilon": 2.350415452304725e-05,
  "lr": 0.0015969185511603816,
  "seed": 261808149,
  "weight_decay": 0.002890145568481427,
  "x_beta1": -11.196323998610552,
  "x_beta2": -9.609462677737872
}