{
  "beta_1": 0.4769348216027671,
  "beta_2": 0.7637966424594058,
  "epsilon": 0.0005808142953367705,
  "lr": 0.0576078153798587,
  "seed": 1489202836.9210057,
  "weight_decay": 6.369387270645295e-07
}