{
  "beta1": 0.10000098794409558,
  "beta2": 0.11603921616577592,
  "epsilon": 1.2926067529402984e-09,
  "lr": 0.00027463351514699,
  "seed": 1541349949,
  "weight_decay": 0.00017431121091504337,
  "x_beta1": -16.46539965693613,
  "x_beta2": -4.811115398533524
}