{
  "beta_1": 0.8099354438700336,
  "beta_2": 0.7343585363762375,
  "epsilon": 5.909503164274929e-05,
  "lr": 0.0715129008050757,
  "seed": 1075952367,
  "weight_decay": 1.2429066364837177e-05
}