{
  "beta_1": 0.5097335762196498,
  "beta_2": 0.13884851361338119,
  "epsilon": 1.0085030337200025e-09,
  "lr": 3.2473468647440168e-06,
  "seed": 1449657976,
  "weight_decay": 0.00011679803118163044
}