{
  "beta1": 0.1000086137393404,
  "beta2": 0.15079029843812672,
  "epsilon": 3.6909548046993214e-10,
  "lr": 0.000359531774735869,
  "seed": 1492942587,
  "weight_decay": 0.0004998691359972714,
  "x_beta1": 4.297928900321784,
  "x_beta2": -0.7040148837017348
}