{
  "beta_1": 0.10306953992295251,
  "beta_2": 0.4193744462185617,
  "epsilon": 6.036519803655885e-06,
  "lr": 0.0003432918939337375,
  "seed": 1541349949,
  "weight_decay": 0.00021788901364380419
}