{
  "beta_1": 0.15819437865192265,
  "beta_2": 0.44406943664733756,
  "epsilon": 2.2605054794576153e-06,
  "lr": 0.05466649530430148,
  "seed": 1385909979.558364,
  "weight_decay": 0.0038425939959252317
}