{
  "beta1": 0.10932360490106327,
  "beta2": 0.999539420449023,
  "epsilon": 0.00022149756433108072,
  "lr": 0.00018466765710871695,
  "seed": 93661349,
  "weight_decay": 3.697805363046184e-07,
  "x_beta1": -3.6466467597780223,
  "x_beta2": -10.80176207351774
}