{
  "beta_1": 0.885695836199673,
  "beta_2": 0.7901029480009942,
  "epsilon": 1.2978252544788684e-10,
  "lr": 0.0001618282945884343,
  "seed": 411094041,
  "weight_decay": 1.9434872542782103e-06
}