{
  "beta_1": 0.3813158853317675,
  "beta_2": 0.5489621795695013,
  "epsilon": 3.738047949382022e-10,
  "lr": 8.460290352208678e-05,
  "seed": 831252475,
  "weight_decay": 1.151592177522499e-07
}