{
  "beta_1": 0.8808261262370931,
  "beta_2": 0.8857857724052516,
  "epsilon": 1.4800539751915278e-09,
  "lr": 3.600485749963166e-05,
  "seed": 1875170654.6720815,
  "weight_decay": 5.795046453622611e-07
}