{
  "beta_1": 0.30431345979189617,
  "beta_2": 0.8061368155924662,
  "epsilon": 3.931394242555767e-06,
  "lr": 0.00022877484357742179,
  "seed": 1455624458,
  "weight_decay": 0.0036327805112864454
}