{
  "beta_1": 0.13183952522893577,
  "beta_2": 0.6097052347708393,
  "epsilon": 1.0852880804056426e-07,
  "lr": 7.901835975170258e-05,
  "seed": 2072690615,
  "weight_decay": 0.0002521387492388263
}