{
  "beta_1": 0.9171883097915583,
  "beta_2": 0.552726869123279,
  "epsilon": 1.6907940397149444e-06,
  "lr": 8.875974812434741e-06,
  "seed": 854751117,
  "weight_decay": 1.1865662040693053e-06
}