{
  "beta_1": 0.6416611953304766,
  "beta_2": 0.5676949652908314,
  "epsilon": 5.779254107362732e-06,
  "lr": 4.6640198572773415e-06,
  "seed": 1925768580.9857068,
  "weight_decay": 0.0004393796341976631
}