{
  "beta_1": 0.6353846352857084,
  "beta_2": 0.3221410951167676,
  "epsilon": 1.9453830445970026e-10,
  "lr": 0.0006242257590420196,
  "seed": 1666654913.6907485,
  "weight_decay": 6.712401322405956e-06
}