{
  "beta_1": 0.3930878258147126,
  "beta_2": 0.21905133156041065,
  "epsilon": 8.378843307653189e-09,
  "lr": 0.00010894612242050895,
  "seed": 311870684,
  "weight_decay": 7.49933022822835e-08
}