{
  "beta_1": 0.612111347053869,
  "beta_2": 0.8500203602063827,
  "epsilon": 2.4215734704554036e-07,
  "lr": 0.004395750799188326,
  "seed": 131659844,
  "weight_decay": 3.239850928360218e-07
}