{
  "beta1": 0.10015222002344819,
  "beta2": 0.30951560956633395,
  "epsilon": 6.828514925131523e-07,
  "lr": 0.0007972135175101687,
  "seed": 1374825508,
  "weight_decay": 5.2013067977724366e-05,
  "x_beta1": -8.683541980742255,
  "x_beta2": -1.1924502848042344
}