{
  "beta_1": 0.3510433009941615,
  "beta_2": 0.6635912598770445,
  "epsilon": 0.000491398389318287,
  "lr": 0.00030770952803730906,
  "seed": 614852659,
  "weight_decay": 8.304566193949849e-06
}