{
  "beta_1": 0.31485762798622985,
  "beta_2": 0.744513667144711,
  "epsilon": 1.56020870288276e-05,
  "lr": 4.921425573488018e-05,
  "seed": 1451495054,
  "weight_decay": 8.84420272553621e-07
}