{
  "beta_1": 0.5369029041009555,
  "beta_2": 0.3320659678526096,
  "epsilon": 2.989261050986762e-09,
  "lr": 6.882484891448796e-05,
  "seed": 1104580989,
  "weight_decay": 0.005119741339838247
}