{
  "beta_1": 0.6006945964952858,
  "beta_2": 0.5891957851499601,
  "epsilon": 0.0008218927373941912,
  "lr": 3.291532259184334e-05,
  "seed": 1677415779.3362641,
  "weight_decay": 0.005643810671127319
}