{
  "beta_1": 0.6388849380536603,
  "beta_2": 0.3612001460547861,
  "epsilon": 0.00026590328511189634,
  "lr": 0.022929747763625438,
  "seed": 635834772.2424307,
  "weight_decay": 0.00039691471583722543
}