{
  "beta_1": 0.6860948506439561,
  "beta_2": 0.48888904651292164,
  "epsilon": 0.00016755474029961796,
  "lr": 0.049955947807217516,
  "seed": 1512991928,
  "weight_decay": 4.21134992779797e-07
}