{
  "beta_1": 0.5639071990602282,
  "beta_2": 0.966866944095468,
  "epsilon": 1.4170808146112926e-09,
  "lr": 0.0004514271356182238,
  "seed": 1734979522,
  "weight_decay": 2.4696131476281426e-05
}