{
  "beta_1": 0.18992445751469575,
  "beta_2": 0.21523630486687728,
  "epsilon": 1.5449720432865804e-10,
  "lr": 0.022269669372538985,
  "seed": 2112488486,
  "weight_decay": 7.855902613000496e-07
}