{
  "beta_1": 0.2744613649678541,
  "beta_2": 0.5196215898400719,
  "epsilon": 9.8356664691734e-05,
  "lr": 1.4197807910080547e-06,
  "seed": 74405176,
  "weight_decay": 0.002461682786175647
}