{
  "beta_1": 0.5816195726241427,
  "beta_2": 0.12257514058996032,
  "epsilon": 1.4906543274549583e-06,
  "lr": 0.0065951905918371,
  "seed": 1633603870,
  "weight_decay": 0.000458720672290386
}