{
  "beta_1": 0.8435755565885331,
  "beta_2": 0.8451604465762766,
  "epsilon": 4.666918280215258e-07,
  "lr": 8.830733692357713e-05,
  "seed": 779001545,
  "weight_decay": 6.352060793325211e-07
}