{
  "beta_1": 0.18666464303826696,
  "beta_2": 0.2097625462608354,
  "epsilon": 1.4613981489317154e-09,
  "lr": 0.0001765936974978072,
  "seed": 145514203,
  "weight_decay": 0.0002286788006145667
}