{
  "beta_1": 0.8757416114396578,
  "beta_2": 0.7268237135061529,
  "epsilon": 4.906522149672681e-05,
  "lr": 0.0021878364147641036,
  "seed": 1288606424,
  "weight_decay": 1.219937440917045e-08
}