{
  "beta1": 0.30699169690309036,
  "beta2": 0.9998636765593114,
  "epsilon": 1.2120708989100608e-08,
  "lr": 0.0005517813017082622,
  "seed": 1593202681,
  "weight_decay": 1.3791949686960864e-05,
  "x_beta1": -7.362816976992043,
  "x_beta2": 12.14104233417398
}