{
  "beta_1": 0.7390183093791038,
  "beta_2": 0.3322242864511754,
  "epsilon": 1.9046201932276902e-10,
  "lr": 2.814600283765063e-06,
  "seed": 294041645,
  "weight_decay": 0.0015426088320181896
}