{
  "beta_1": 0.35343631826411537,
  "beta_2": 0.6163729775743124,
  "epsilon": 4.638661744986678e-06,
  "lr": 0.0008055842782530412,
  "seed": 365836030.29163873,
  "weight_decay": 1.060260908612869e-06
}