{
  "beta_1": 0.9955787187141628,
  "beta_2": 0.9479038441850709,
  "epsilon": 0.0005767369596371991,
  "lr": 0.0012479544050822983,
  "seed": 233454003.10995176,
  "weight_decay": 1.0268332652003136e-05
}