{
  "beta_1": 0.9785214581488925,
  "beta_2": 0.9023988250557008,
  "epsilon": 2.1164277455058233e-07,
  "lr": 0.001910913255292878,
  "seed": 1266069382.2541063,
  "weight_decay": 0.00546185874113933
}