{
  "beta_1": 0.24116198158966326,
  "beta_2": 0.2549762147078978,
  "epsilon": 1.8762920832745303e-10,
  "lr": 0.005036113207783779,
  "seed": 1886921563,
  "weight_decay": 7.743575522964837e-07
}