{
  "beta_1": 0.4958863883486677,
  "beta_2": 0.8489326158341357,
  "epsilon": 2.0883241855788677e-08,
  "lr": 0.004868601530438494,
  "seed": 1897381314,
  "weight_decay": 3.3712334334668116e-08
}