{
  "beta_1": 0.9266250468246437,
  "beta_2": 0.8257111656457067,
  "epsilon": 4.423861092224252e-05,
  "lr": 0.015264388767728483,
  "seed": 408283124,
  "weight_decay": 5.671897947232953e-05
}