{
  "beta_1": 0.5427855289044173,
  "beta_2": 0.38030440647571495,
  "epsilon": 2.1930896222069988e-05,
  "lr": 5.376288931284158e-06,
  "seed": 341713320,
  "weight_decay": 6.730065566907246e-05
}