{
  "beta_1": 0.12040368606589047,
  "beta_2": 0.5719364615161707,
  "epsilon": 2.589838903614963e-06,
  "lr": 0.02233939541340132,
  "seed": 1656439367,
  "weight_decay": 2.183233350558118e-05
}