{
  "beta_1": 0.9881262972474103,
  "beta_2": 0.5578979283730546,
  "epsilon": 0.0004276054258315948,
  "lr": 2.3893875496137135e-06,
  "seed": 683129556,
  "weight_decay": 3.572709853068611e-05
}