{
  "beta1": 0.9835168036096215,
  "beta2": 0.2245433157987978,
  "epsilon": 0.00046914003983632667,
  "lr": 0.0037177425348103215,
  "seed": 680510024,
  "weight_decay": 0.0020102687437168845,
  "x_beta1": 4.0441549789315925,
  "x_beta2": -1.828669587697501
}