{
  "beta1": 0.30699169690309036,
  "beta2": 0.9998636765593114,
  "epsilon": 8.564826553296743e-08,
  "lr": 8.205332327432468e-07,
  "seed": 1593202681,
  "weight_decay": 7.669774726608908e-07,
  "x_beta1": -1.737963753637014,
  "x_beta2": 9.712833867339185
}