{
  "beta_1": 0.21809496719151192,
  "beta_2": 0.5695228069854403,
  "epsilon": 0.0007321273718489263,
  "lr": 0.0002300454404677281,
  "seed": 1633272334,
  "weight_decay": 2.766150823384659e-07
}