{
  "beta_1": 0.29406416282101877,
  "beta_2": 0.8146024804336837,
  "epsilon": 0.0009221988010651562,
  "lr": 3.958540591062841e-06,
  "seed": 781992145.7255112,
  "weight_decay": 0.00024362505968474914
}