{
  "beta1": 0.547168520152771,
  "beta2": 0.11990189761779574,
  "epsilon": 6.119256263901778e-06,
  "lr": 0.00019948816073906526,
  "seed": 191908309,
  "weight_decay": 1.1177946956232359e-07,
  "x_beta1": -0.01037375197177326,
  "x_beta2": -3.7891046662236985
}