{
  "beta_1": 0.5377791317454276,
  "beta_2": 0.7144138367603315,
  "epsilon": 2.3439829798683046e-09,
  "lr": 3.1149858416711813e-06,
  "seed": 735090432,
  "weight_decay": 1.7794286040870414e-08
}