{
  "beta_1": 0.371466868393875,
  "beta_2": 0.7404573966812503,
  "epsilon": 3.714209600122268e-09,
  "lr": 0.0002971997188473738,
  "seed": 903275308,
  "weight_decay": 0.0001186654882202585
}