{
  "beta_1": 0.46600562531462986,
  "beta_2": 0.22743694011458546,
  "epsilon": 0.00022766750655310532,
  "lr": 0.00034690106799921384,
  "seed": 108100493,
  "weight_decay": 2.516026340461392e-07
}