{
  "beta_1": 0.9343043880114856,
  "beta_2": 0.15489482305551622,
  "epsilon": 0.00015973734007247487,
  "lr": 0.01732926518528832,
  "seed": 811553160.367964,
  "weight_decay": 4.515541632781507e-05
}