{
  "beta_1": 0.6980097775401454,
  "beta_2": 0.6460347384508244,
  "epsilon": 1.848060542616734e-05,
  "lr": 2.1381127756501142e-05,
  "seed": 1117553150,
  "weight_decay": 4.1081009938459224e-08
}