{
  "beta1": 0.10018172728974707,
  "beta2": 0.9996073509714722,
  "epsilon": 1.8026053580032038e-08,
  "lr": 0.0030450527954316896,
  "seed": 1204228095,
  "weight_decay": 0.00021815561900938513,
  "x_beta1": -10.207594792616604,
  "x_beta2": 6.424591707400289
}