{
  "beta_1": 0.9910164899077918,
  "beta_2": 0.39537277351757627,
  "epsilon": 1.743180402648084e-08,
  "lr": 1.3131874945407861e-05,
  "seed": 838904759.5417001,
  "weight_decay": 4.3121065154345755e-05
}