{
  "beta_1": 0.7858049728252658,
  "beta_2": 0.9325399616605067,
  "epsilon": 1.3696383202093961e-06,
  "lr": 0.0009603404599331973,
  "seed": 146414085.3684813,
  "weight_decay": 0.00011438374988478036
}