{
  "beta_1": 0.7634131948987019,
  "beta_2": 0.8984430657523299,
  "epsilon": 1.3806673115432962e-10,
  "lr": 0.024659964714530105,
  "seed": 1420005226.7694662,
  "weight_decay": 1.2049496241700563e-05
}