{
  "beta1": 0.997133387366778,
  "beta2": 0.10001746692750675,
  "epsilon": 1.1646616980757639e-08,
  "lr": 0.002464164517034697,
  "seed": 455175813,
  "weight_decay": 5.757533562136682e-06,
  "x_beta1": 6.175079192702553,
  "x_beta2": -10.8497102788399
}