{
  "beta1": 0.10000338644549721,
  "beta2": 0.15409704814981454,
  "epsilon": 3.569072205964689e-06,
  "lr": 1.341992628809543e-05,
  "seed": 1733180575,
  "weight_decay": 0.0001066365469076816,
  "x_beta1": 13.012874842656577,
  "x_beta2": -10.236027445359122
}