{
  "beta_1": 0.8787335601613778,
  "beta_2": 0.42294997039126003,
  "epsilon": 0.00017394325838873798,
  "lr": 0.0005002368428282974,
  "seed": 1536638274,
  "weight_decay": 2.392672075190009e-05
}