{
  "beta_1": 0.8811472817994942,
  "beta_2": 0.9086651707016828,
  "epsilon": 0.0007773699694084144,
  "lr": 0.015343404213609588,
  "seed": 182733312,
  "weight_decay": 3.63221867560403e-05
}