{
  "beta_1": 0.29829724452720885,
  "beta_2": 0.8660467033874065,
  "epsilon": 1.5639813493742005e-06,
  "lr": 0.0004430139407697451,
  "seed": 483338456.8063492,
  "weight_decay": 0.0001696212116577748
}