{
  "beta_1": 0.8981294984696557,
  "beta_2": 0.2597313909684552,
  "epsilon": 1.4530516797259816e-10,
  "lr": 5.485817764058766e-06,
  "seed": 2122956773,
  "weight_decay": 2.4946122923621104e-07
}