{
  "beta_1": 0.3301272515701744,
  "beta_2": 0.7747712197025501,
  "epsilon": 1.1734652348215507e-09,
  "lr": 0.003201516302406212,
  "seed": 1153183568,
  "weight_decay": 0.0010385995518389572
}