{
  "beta_1": 0.4716216456379546,
  "beta_2": 0.931311268505366,
  "epsilon": 1.0914227513482715e-08,
  "lr": 1.872763862659883e-05,
  "seed": 409831124,
  "weight_decay": 3.100993407932496e-08
}