{
  "beta1": 0.1003619227847676,
  "beta2": 0.10108244214428032,
  "epsilon": 4.927774326818227e-10,
  "lr": 0.00030631024306944756,
  "seed": 568479238,
  "weight_decay": 1.2022933523295236e-07,
  "x_beta1": -11.256774856308908,
  "x_beta2": -2.970742149032608
}