{
  "beta_1": 0.4337858161391398,
  "beta_2": 0.7822758632342416,
  "epsilon": 2.2835937688012333e-10,
  "lr": 0.0011816271916022085,
  "seed": 211736187.87342685,
  "weight_decay": 5.8555982829715576e-08
}