{
  "beta1": 0.9967350315416345,
  "beta2": 0.9997204763954092,
  "epsilon": 6.144596430240824e-08,
  "lr": 1.8646263338231254e-05,
  "seed": 661482959,
  "weight_decay": 0.00020388033621754063,
  "x_beta1": 7.177439509445692,
  "x_beta2": 10.223439253321743
}