{
  "beta_1": 0.4864433853033786,
  "beta_2": 0.34422400811159504,
  "epsilon": 1.4480215013624387e-06,
  "lr": 3.104823696158505e-05,
  "seed": 1431282520,
  "weight_decay": 3.8260513016386427e-07
}