{
  "beta_1": 0.11747208991593477,
  "beta_2": 0.45671531777495056,
  "epsilon": 4.2328861072404107e-10,
  "lr": 0.000874308471391742,
  "seed": 855769166.0250403,
  "weight_decay": 0.0004780229736654432
}