{
  "beta_1": 0.7139940082526764,
  "beta_2": 0.12049816123064659,
  "epsilon": 1.647730169321516e-09,
  "lr": 0.0010221072225471974,
  "seed": 426839193,
  "weight_decay": 0.009529158116226524
}