{
  "beta_1": 0.26678617538339017,
  "beta_2": 0.4923254728951366,
  "epsilon": 2.761411489637897e-05,
  "lr": 0.00132844496909918,
  "seed": 150750856,
  "weight_decay": 1.7523999967909585e-07
}