{
  "beta_1": 0.6682142201027959,
  "beta_2": 0.707612886990921,
  "epsilon": 1.1707989760873533e-10,
  "lr": 0.0014204471047853404,
  "seed": 1355887765,
  "weight_decay": 2.1989826224117593e-07
}