{
  "beta1": 0.7838010130526419,
  "beta2": 0.9718731674057811,
  "epsilon": 1.5154581603190868e-07,
  "lr": 0.00019839733062848344,
  "seed": 115812351,
  "weight_decay": 2.832746621450151e-07,
  "x_beta1": 1.3873246055106547,
  "x_beta2": 2.7499852839029604
}