{
  "beta_1": 0.3544330689087408,
  "beta_2": 0.16667453090179463,
  "epsilon": 3.0312534802569306e-05,
  "lr": 0.0014567468359843246,
  "seed": 1174356115,
  "weight_decay": 0.003998275397138562
}