{
  "beta_1": 0.7614024798997545,
  "beta_2": 0.5726334563481832,
  "epsilon": 2.6634861991262507e-06,
  "lr": 2.247750941519084e-05,
  "seed": 1243690150,
  "weight_decay": 4.673127505028288e-05
}