{
  "beta_1": 0.909499467587285,
  "beta_2": 0.11787815718115796,
  "epsilon": 3.004411159901781e-06,
  "lr": 0.001961097210359474,
  "seed": 840979459,
  "weight_decay": 0.0003713289131137998
}