{
  "beta_1": 0.9505668741320987,
  "beta_2": 0.6812811870018477,
  "epsilon": 3.4616259893961e-07,
  "lr": 0.0005598208024448927,
  "seed": 1394881215,
  "weight_decay": 7.684194417248845e-05
}