{
  "beta_1": 0.9282509907996702,
  "beta_2": 0.6795534857284863,
  "epsilon": 8.531670705049411e-10,
  "lr": 3.758070907395076e-05,
  "seed": 904853995,
  "weight_decay": 0.00016796349372783295
}