{
  "beta_1": 0.5821567251089133,
  "beta_2": 0.12675551241084504,
  "epsilon": 1.1007988851072515e-09,
  "lr": 7.68333368626167e-06,
  "seed": 1843454710,
  "weight_decay": 1.2127535423430105e-06
}