{
  "beta_1": 0.7285008758588597,
  "beta_2": 0.10818138472277761,
  "epsilon": 8.812582827558335e-08,
  "lr": 2.4678356094523315e-06,
  "seed": 200964675,
  "weight_decay": 0.00019760262201022288
}