{
  "beta1": 0.99877633297011,
  "beta2": 0.9980696983803334,
  "epsilon": 9.663929875298537e-05,
  "lr": 0.02144749817606788,
  "seed": 774033876,
  "weight_decay": 4.412869027799874e-07,
  "x_beta1": 8.29863101488663,
  "x_beta2": 6.195766907651107
}