{
  "beta1": 0.10113181623110162,
  "beta2": 0.999897505211648,
  "epsilon": 1.379617918762169e-09,
  "lr": 0.0010875163351086964,
  "seed": 2128198898,
  "weight_decay": 2.951649480943242e-06,
  "x_beta1": -5.12732132525986,
  "x_beta2": -0.2572497662655326
}