{
  "beta_1": 0.7628570195823805,
  "beta_2": 0.29785013964645396,
  "epsilon": 0.00011261961172314718,
  "lr": 0.00581820004404624,
  "seed": 419765339.44231814,
  "weight_decay": 0.0007042419233075795
}