{
  "beta_1": 0.3182013312557954,
  "beta_2": 0.4456257751968514,
  "epsilon": 4.800088209940953e-05,
  "lr": 3.997999749084226e-06,
  "seed": 1611078144,
  "weight_decay": 4.7435716815094563e-07
}