{
  "beta_1": 0.40112298792733836,
  "beta_2": 0.5764456021243396,
  "epsilon": 0.0007086022749103298,
  "lr": 0.005268516275603322,
  "seed": 1614514038,
  "weight_decay": 1.5171411172267158e-08
}