{
  "beta_1": 0.9859106054582734,
  "beta_2": 0.5779780734644226,
  "epsilon": 1.2067741218841677e-05,
  "lr": 0.04642397878342034,
  "seed": 913342204.1532661,
  "weight_decay": 2.5064675263949485e-05
}