{
  "beta_1": 0.4297779839126057,
  "beta_2": 0.4614848739448497,
  "epsilon": 3.0057919328211705e-09,
  "lr": 1.1921640151134619e-05,
  "seed": 1499270383,
  "weight_decay": 3.801508742093866e-08
}