{
  "beta_1": 0.28870114307821426,
  "beta_2": 0.7041621197942008,
  "epsilon": 2.214024754029002e-06,
  "lr": 0.00048039612223577707,
  "seed": 811078793,
  "weight_decay": 6.48285000301103e-07
}