{
  "beta_1": 0.3520638727791445,
  "beta_2": 0.5751680557440932,
  "epsilon": 1.4371019987105927e-09,
  "lr": 1.6332316311726237e-05,
  "seed": 2128198898,
  "weight_decay": 0.0023643060532773778
}