{
  "beta_1": 0.1543634238679826,
  "beta_2": 0.31576652536548233,
  "epsilon": 1.794538615324535e-05,
  "lr": 1.7917093914781656e-06,
  "seed": 628272974,
  "weight_decay": 1.7993410554481997e-08
}