{
  "beta_1": 0.9208047619795157,
  "beta_2": 0.9718457020587262,
  "epsilon": 0.00040986267230723456,
  "lr": 0.0007443063907654007,
  "seed": 256372357,
  "weight_decay": 2.151409644741965e-07
}