{
  "beta_1": 0.822401882916357,
  "beta_2": 0.9185431281658375,
  "epsilon": 1.690044422585202e-08,
  "lr": 0.00037860835577646157,
  "seed": 376907680.0929473,
  "weight_decay": 0.001496677752164446
}