{
  "beta_1": 0.5034604819084249,
  "beta_2": 0.770749317118967,
  "epsilon": 0.0006748869689621401,
  "lr": 3.0984489105537186e-05,
  "seed": 447042368,
  "weight_decay": 1.0460855991612555e-08
}