{
  "beta_1": 0.6003784551539421,
  "beta_2": 0.5996228599865474,
  "epsilon": 1.6024637599902704e-08,
  "lr": 1.894857009651248e-05,
  "seed": 856697929,
  "weight_decay": 6.543835716998187e-07
}