{
  "beta_1": 0.40554627018922196,
  "beta_2": 0.9748627412585174,
  "epsilon": 1.2886501754834438e-05,
  "lr": 0.06399395077587475,
  "seed": 231450818,
  "weight_decay": 2.345972935927067e-05
}