{
  "beta_1": 0.34721122124444026,
  "beta_2": 0.9511419932187414,
  "epsilon": 3.180751735197929e-08,
  "lr": 0.00013057984040494127,
  "seed": 1529610807.928229,
  "weight_decay": 8.517856652966253e-08
}