{
  "beta_1": 0.7483398302704185,
  "beta_2": 0.6304811544486528,
  "epsilon": 2.446308267374947e-10,
  "lr": 0.0018726060658170545,
  "seed": 373271640,
  "weight_decay": 1.1928848376381461e-05
}