{
  "beta1": 0.10692114940384616,
  "beta2": 0.10000258101928652,
  "epsilon": 0.00022523850730750422,
  "lr": 0.01076717560520017,
  "seed": 1001876530,
  "weight_decay": 0.00017765782763654937,
  "x_beta1": -5.830767205852924,
  "x_beta2": -10.209481330952686
}