{
  "beta_1": 0.5855714282628607,
  "beta_2": 0.9108275661917188,
  "epsilon": 4.779362397344312e-10,
  "lr": 0.00020415384954790565,
  "seed": 601107927.186753,
  "weight_decay": 0.002152400540166193
}