{
  "beta_1": 0.3603120466918902,
  "beta_2": 0.688381968166858,
  "epsilon": 5.299648178808782e-10,
  "lr": 0.0008813231861475925,
  "seed": 1442597959.9425921,
  "weight_decay": 4.686703279082156e-08
}