{
  "beta_1": 0.1277276678912743,
  "beta_2": 0.1826811616041386,
  "epsilon": 5.313759107266354e-10,
  "lr": 3.4611019807682455e-06,
  "seed": 1057093624,
  "weight_decay": 3.5004207099398e-05
}