{
  "beta_1": 0.8535090074079325,
  "beta_2": 0.7795255624677834,
  "epsilon": 3.7484875736753716e-10,
  "lr": 0.02522738331693901,
  "seed": 308598917,
  "weight_decay": 7.215943917233446e-05
}