{
  "beta_1": 0.39094289512376157,
  "beta_2": 0.3404454402500947,
  "epsilon": 8.047782942486225e-07,
  "lr": 0.06199734401737376,
  "seed": 1677468008,
  "weight_decay": 0.001210292971212484
}