{
  "beta_1": 0.8969506515680012,
  "beta_2": 0.43833891208493736,
  "epsilon": 4.175719128241068e-10,
  "lr": 0.09402077135528457,
  "seed": 1295934941,
  "weight_decay": 0.003824785538305425
}