{
  "beta_1": 0.8261869987158791,
  "beta_2": 0.6834719731956663,
  "epsilon": 8.490252930678707e-10,
  "lr": 0.0017420900512404476,
  "seed": 388653982.7284677,
  "weight_decay": 0.005673391288478338
}