{
  "beta_1": 0.4864463948980574,
  "beta_2": 0.8432602311917545,
  "epsilon": 1.317850257808774e-07,
  "lr": 0.004853483871553633,
  "seed": 1819066604,
  "weight_decay": 0.0038045696262268853
}