{
  "beta_1": 0.29222675050403146,
  "beta_2": 0.6363863880454158,
  "epsilon": 6.132791925301102e-09,
  "lr": 1.0296167747862235e-06,
  "seed": 174859751,
  "weight_decay": 3.6638844590451796e-07
}