{
  "beta_1": 0.5788459895653473,
  "beta_2": 0.5066342210327237,
  "epsilon": 0.00018229036470017362,
  "lr": 0.008063704004415511,
  "seed": 773440652.3180202,
  "weight_decay": 1.8026623075847734e-07
}