{
  "beta_1": 0.29462633524537296,
  "beta_2": 0.46538958862301616,
  "epsilon": 8.105722247758254e-09,
  "lr": 0.06291946362875997,
  "seed": 779954492,
  "weight_decay": 2.0567465844017097e-05
}