{
  "beta_1": 0.9743189771095209,
  "beta_2": 0.5021016386173865,
  "epsilon": 1.637801292201942e-05,
  "lr": 0.0019026338844480282,
  "seed": 144319678,
  "weight_decay": 0.00114489189836903
}