{
  "beta_1": 0.5708162069543242,
  "beta_2": 0.8682831018028982,
  "epsilon": 2.3802697585305396e-09,
  "lr": 0.0018589197077331946,
  "seed": 314662576.4094406,
  "weight_decay": 1.673361978185388e-08
}