{
  "beta_1": 0.7545296277620474,
  "beta_2": 0.9348789050649968,
  "epsilon": 5.328110818459544e-05,
  "lr": 2.0942316836715193e-05,
  "seed": 40458928,
  "weight_decay": 4.856900266526573e-05
}