{
  "beta_1": 0.7946900317548071,
  "beta_2": 0.9973774520347751,
  "epsilon": 1.2732711412118934e-09,
  "lr": 0.0023796944441641563,
  "seed": 375167150.7309595,
  "weight_decay": 2.0692770045715618e-07
}