{
  "beta_1": 0.8706053340446237,
  "beta_2": 0.7004645530913343,
  "epsilon": 1.3706498941270966e-07,
  "lr": 0.0015265347126845,
  "seed": 74323520.23280308,
  "weight_decay": 0.004732867085341035
}