{
  "beta1": 0.10037502252855311,
  "beta2": 0.2837936669701691,
  "epsilon": 5.740800019777773e-06,
  "lr": 0.00023621035119533731,
  "seed": 2096636253,
  "weight_decay": 1.9139791692009326e-07,
  "x_beta1": -7.78163497090862,
  "x_beta2": -1.3600149125170518
}