{
  "beta_1": 0.24506715837642684,
  "beta_2": 0.9254977358798026,
  "epsilon": 2.6990782500813574e-08,
  "lr": 0.00820068760869546,
  "seed": 1628897420.748502,
  "weight_decay": 0.005304020172717513
}