{
  "beta_1": 0.9655872702794132,
  "beta_2": 0.7979899022660283,
  "epsilon": 2.2074997374625336e-06,
  "lr": 2.470989846177595e-05,
  "seed": 2047457174,
  "weight_decay": 0.00041375983182376144
}