{
  "beta_1": 0.8522590512787174,
  "beta_2": 0.733379742570934,
  "epsilon": 1.8722298763001314e-10,
  "lr": 0.00012448612215644952,
  "seed": 41051232.22988196,
  "weight_decay": 0.00010763155692322153
}