{
  "beta1": 0.9989982535812328,
  "beta2": 0.11064162124934362,
  "epsilon": 1.7490294870736735e-05,
  "lr": 0.007425766112139775,
  "seed": 1737493690,
  "weight_decay": 8.919220372692332e-05,
  "x_beta1": 13.151469098392043,
  "x_beta2": -4.4256149876863535
}