{
  "beta_1": 0.49785956658520814,
  "beta_2": 0.3305313018363699,
  "epsilon": 5.576872792185172e-08,
  "lr": 0.0069630515753482305,
  "seed": 287312711,
  "weight_decay": 3.5420276179509434e-05
}