{
  "beta_1": 0.356901199403139,
  "beta_2": 0.28673682371436704,
  "epsilon": 2.109468804148568e-06,
  "lr": 6.246239525423886e-06,
  "seed": 494610755.71578056,
  "weight_decay": 5.680564103047059e-07
}