{
  "beta_1": 0.12369570425788987,
  "beta_2": 0.2042191075849228,
  "epsilon": 1.5040417839685305e-08,
  "lr": 0.00030218697575897977,
  "seed": 1813999177,
  "weight_decay": 7.364540262112647e-05
}