{
  "beta_1": 0.7977517444987277,
  "beta_2": 0.755087369549363,
  "epsilon": 2.29567407719171e-09,
  "lr": 0.0022526303257108258,
  "seed": 1109770864.75167,
  "weight_decay": 3.180902808297382e-08
}