{
  "beta1": 0.9857042818953516,
  "beta2": 0.9997173431716554,
  "epsilon": 8.262197551710612e-07,
  "lr": 1.0873291633189732e-05,
  "seed": 14633724,
  "weight_decay": 3.6917751327275515e-07,
  "x_beta1": 3.359152872725666,
  "x_beta2": 6.801781433947316
}