{
  "beta_1": 0.5783494469357874,
  "beta_2": 0.3325586298275678,
  "epsilon": 1.6969994836794265e-08,
  "lr": 9.917161392854754e-05,
  "seed": 244215184,
  "weight_decay": 6.451450770952695e-07
}