{
  "beta_1": 0.49122965769687754,
  "beta_2": 0.9949476875353049,
  "epsilon": 8.699395396477409e-08,
  "lr": 0.001062850122339543,
  "seed": 1060952754.5788187,
  "weight_decay": 0.0007475047652766919
}