{
  "beta_1": 0.801329185904482,
  "beta_2": 0.9586736388056398,
  "epsilon": 2.787428474917619e-06,
  "lr": 0.009519395109407823,
  "seed": 1997081637,
  "weight_decay": 1.2336238544286844e-05
}