{
  "beta_1": 0.700125106932705,
  "beta_2": 0.6578704159164034,
  "epsilon": 1.0497995588267173e-05,
  "lr": 0.00020987683216044893,
  "seed": 1799142559,
  "weight_decay": 0.0009174676579776658
}