{
  "beta1": 0.24916944635706637,
  "beta2": 0.10093931724435173,
  "epsilon": 2.8383244365058175e-07,
  "lr": 2.7995606822979742e-05,
  "seed": 1669254808,
  "weight_decay": 0.001828153231099795,
  "x_beta1": 8.057471456760476,
  "x_beta2": -5.491073042014515
}