{
  "beta_1": 0.9069052746774231,
  "beta_2": 0.38166512531093133,
  "epsilon": 1.989955420940419e-05,
  "lr": 0.05621975486076768,
  "seed": 301353315,
  "weight_decay": 7.31288502647355e-05
}