{
  "beta_1": 0.4810484793094518,
  "beta_2": 0.4653293379773421,
  "epsilon": 3.1744880179681253e-09,
  "lr": 0.0035261492777987763,
  "seed": 37152707.4305208,
  "weight_decay": 0.0031227755576811373
}