{
  "beta_1": 0.7686498631095595,
  "beta_2": 0.6944636539819927,
  "epsilon": 9.31543783183721e-06,
  "lr": 0.0002745524362488015,
  "seed": 1486335162,
  "weight_decay": 2.6283100480379804e-05
}