{
  "beta_1": 0.8735516121670047,
  "beta_2": 0.5565216598702949,
  "epsilon": 3.348877260572285e-05,
  "lr": 0.03837740405545468,
  "seed": 1601796608.4455187,
  "weight_decay": 0.00014091845465973333
}