{
  "beta_1": 0.18234843292529127,
  "beta_2": 0.8470975832342488,
  "epsilon": 3.9012366191013205e-08,
  "lr": 2.404003833082981e-05,
  "seed": 489653958,
  "weight_decay": 2.488053354679968e-07
}