{
  "beta_1": 0.5323481603660062,
  "beta_2": 0.6996472193206607,
  "epsilon": 1.3372420682212082e-09,
  "lr": 0.0018501438709023741,
  "seed": 1861279379,
  "weight_decay": 1.5951147606158382e-06
}