{
  "beta_1": 0.6341971639047279,
  "beta_2": 0.7939003089420446,
  "epsilon": 5.807826491698481e-09,
  "lr": 0.00033263465143665196,
  "seed": 1846569936,
  "weight_decay": 0.0001238978402941407
}