{
  "beta_1": 0.5148720655946313,
  "beta_2": 0.9469539292783729,
  "epsilon": 3.2237029305622185e-06,
  "lr": 0.00016499750363679772,
  "seed": 150750856,
  "weight_decay": 0.0037771121734138436
}