{
  "beta_1": 0.47332492303377693,
  "beta_2": 0.5632957519316274,
  "epsilon": 2.2330136459113595e-08,
  "lr": 0.00010323727337173194,
  "seed": 1104580989,
  "weight_decay": 1.1131197927526413e-06
}