{
  "beta_1": 0.9678496185804081,
  "beta_2": 0.46931638784931445,
  "epsilon": 1.908252355988701e-08,
  "lr": 7.623667449666763e-05,
  "seed": 225042457,
  "weight_decay": 0.00027667961797794345
}