{
  "beta_1": 0.17920827815764145,
  "beta_2": 0.1780972291461364,
  "epsilon": 0.0006000806158859748,
  "lr": 1.4765899149564425e-06,
  "seed": 1221547321.4194844,
  "weight_decay": 1.65837276768137e-08
}