{
  "beta_1": 0.9811413159232537,
  "beta_2": 0.5034009543216434,
  "epsilon": 2.1686965620480606e-07,
  "lr": 2.340577687032197e-06,
  "seed": 309467251,
  "weight_decay": 0.0024774953895600367
}