{
  "beta_1": 0.12155180231217795,
  "beta_2": 0.12520618515405144,
  "epsilon": 1.4103107410836563e-06,
  "lr": 3.8925803573032616e-05,
  "seed": 58330548,
  "weight_decay": 0.004310920365373328
}