{
  "beta_1": 0.8749528469672728,
  "beta_2": 0.5527624332300657,
  "epsilon": 7.731143900238831e-05,
  "lr": 0.025736997811281456,
  "seed": 774033876,
  "weight_decay": 3.5302952222398997e-07
}