{
  "beta_1": 0.9605560215064236,
  "beta_2": 0.3381265710625852,
  "epsilon": 9.115612158255753e-07,
  "lr": 0.030328397500180005,
  "seed": 961276456,
  "weight_decay": 0.0005546036061491811
}