{
  "beta_1": 0.5814739235866074,
  "beta_2": 0.6594071441071476,
  "epsilon": 2.706722445851608e-07,
  "lr": 3.7073293223293712e-06,
  "seed": 393492193,
  "weight_decay": 1.9989327827466023e-07
}