{
  "beta_1": 0.1634412898267784,
  "beta_2": 0.19524185640385494,
  "epsilon": 1.1828291298191547e-09,
  "lr": 0.0033382038606491315,
  "seed": 243064804,
  "weight_decay": 0.0001563412084322167
}