{
  "beta_1": 0.22018272134363492,
  "beta_2": 0.6883152689265377,
  "epsilon": 5.641623515126001e-07,
  "lr": 0.0007164991898410024,
  "seed": 189315668.69244644,
  "weight_decay": 0.0003460012713434728
}