{
  "beta_1": 0.13816432836620052,
  "beta_2": 0.2757724458592336,
  "epsilon": 9.423921190605307e-05,
  "lr": 0.0045723489399430465,
  "seed": 522893467,
  "weight_decay": 1.2837216884099063e-06
}