{
  "beta_1": 0.1852681773495765,
  "beta_2": 0.1371350705237272,
  "epsilon": 2.8764703017061426e-05,
  "lr": 0.00013749791969733144,
  "seed": 150750856,
  "weight_decay": 0.004721390216767304
}