{
  "beta_1": 0.11921550456461892,
  "beta_2": 0.5348349846564799,
  "epsilon": 1.1508496654479904e-05,
  "lr": 0.001081644697508124,
  "seed": 185573716.7246721,
  "weight_decay": 9.886488486116458e-08
}