{
  "beta_1": 0.3166217577352307,
  "beta_2": 0.9008277091297267,
  "epsilon": 1.2522397108463112e-05,
  "lr": 0.0030450527954316896,
  "seed": 1204228095,
  "weight_decay": 0.005251778814693175
}