{
  "beta_1": 0.550050857112036,
  "beta_2": 0.4493105653087238,
  "epsilon": 2.253963547353444e-09,
  "lr": 5.700718711954425e-05,
  "seed": 777089578,
  "weight_decay": 1.2369180154962397e-08
}