{
  "beta_1": 0.5071263498938857,
  "beta_2": 0.5990670399631535,
  "epsilon": 9.412001915635605e-05,
  "lr": 0.005501658444023225,
  "seed": 969676891,
  "weight_decay": 0.0010520718128432009
}