{
  "beta_1": 0.8931733338176125,
  "beta_2": 0.9661151090936146,
  "epsilon": 3.1578106217313443e-08,
  "lr": 0.0002095596634577175,
  "seed": 417276403,
  "weight_decay": 2.752377205322098e-06
}