{
  "beta_1": 0.27657366496835684,
  "beta_2": 0.628999156072776,
  "epsilon": 7.431895636068122e-09,
  "lr": 0.003385498377631858,
  "seed": 765202901,
  "weight_decay": 8.734079383985176e-05
}