{
  "beta_1": 0.558616224099835,
  "beta_2": 0.3333087454803264,
  "epsilon": 8.433566698015775e-07,
  "lr": 2.746098590156611e-06,
  "seed": 1458925997,
  "weight_decay": 2.4947627804989493e-05
}