{
  "beta_1": 0.24109488489408318,
  "beta_2": 0.622639723770462,
  "epsilon": 7.661852113085295e-05,
  "lr": 2.4241983854959585e-06,
  "seed": 1017321229.3815154,
  "weight_decay": 6.574980433315113e-05
}