{
  "beta_1": 0.38298913344499774,
  "beta_2": 0.1491774075038391,
  "epsilon": 3.8106915032863177e-10,
  "lr": 9.167873744725367e-06,
  "seed": 98703068,
  "weight_decay": 2.715525238201631e-05
}