{
  "beta_1": 0.9098779363715717,
  "beta_2": 0.6525761474267333,
  "epsilon": 1.5716253258275182e-07,
  "lr": 0.0013001596800665397,
  "seed": 1639966292,
  "weight_decay": 4.858153879838642e-05
}