{
  "beta_1": 0.9340801353415286,
  "beta_2": 0.2617481981303309,
  "epsilon": 1.015063827833306e-06,
  "lr": 5.204454412003974e-05,
  "seed": 1408872745,
  "weight_decay": 1.1329006780257135e-06
}