{
  "beta_1": 0.10740570629777592,
  "beta_2": 0.8806354598335286,
  "epsilon": 1.061971662914572e-08,
  "lr": 0.0029878096921109516,
  "seed": 1165939,
  "weight_decay": 5.710614843970864e-07
}