{
  "beta_1": 0.6536305427343907,
  "beta_2": 0.10153793078232626,
  "epsilon": 2.5124428499502633e-05,
  "lr": 0.01438663983628566,
  "seed": 322572365,
  "weight_decay": 2.4257429827793637e-08
}