{
  "beta_1": 0.18555757761888955,
  "beta_2": 0.8937178003766779,
  "epsilon": 4.3405603504463313e-10,
  "lr": 0.0011752582164585486,
  "seed": 2109211143.2431653,
  "weight_decay": 0.004401173584345691
}