{
  "beta1": 0.10008070524883969,
  "beta2": 0.10070195216719453,
  "epsilon": 3.9775777841462593e-07,
  "lr": 3.18141109811139e-06,
  "seed": 1148319013,
  "weight_decay": 6.893381758666863e-06,
  "x_beta1": -9.318144922633575,
  "x_beta2": -7.155393323309973
}