{
  "beta_1": 0.5917104846622917,
  "beta_2": 0.7899576678305177,
  "epsilon": 2.3818228946888953e-06,
  "lr": 0.004770253177737275,
  "seed": 1364818877.0203056,
  "weight_decay": 0.0012780914125702899
}