{
  "beta_1": 0.9840035628716072,
  "beta_2": 0.9827653622897123,
  "epsilon": 1.1084031359053571e-10,
  "lr": 0.0010148965122028977,
  "seed": 782105242,
  "weight_decay": 0.0009561467976925892
}