{
  "beta_1": 0.33879151276904296,
  "beta_2": 0.828303651928337,
  "epsilon": 2.8523668649351746e-10,
  "lr": 4.706040659834559e-06,
  "seed": 763322961.3195827,
  "weight_decay": 2.2770236242817083e-08
}