{
  "beta_1": 0.400978131501983,
  "beta_2": 0.4551672027916467,
  "epsilon": 6.562362964040135e-10,
  "lr": 3.7816123662866793e-06,
  "seed": 523366365.26058006,
  "weight_decay": 6.0608294372040846e-06
}