{
  "beta_1": 0.2832079086387449,
  "beta_2": 0.38492881130756595,
  "epsilon": 1.2353781079699534e-08,
  "lr": 0.006013790589362048,
  "seed": 639288762,
  "weight_decay": 1.2871576528808605e-06
}