{
  "beta_1": 0.8087933799409357,
  "beta_2": 0.1842088653020177,
  "epsilon": 1.1903128834121054e-05,
  "lr": 0.0002877841945711882,
  "seed": 1805250817,
  "weight_decay": 6.739612900992884e-05
}