{
  "beta_1": 0.4331748014502088,
  "beta_2": 0.6024650350760864,
  "epsilon": 1.4305670023394805e-08,
  "lr": 1.284659875101426e-05,
  "seed": 2000450724,
  "weight_decay": 7.960356924189685e-06
}