{
  "beta_1": 0.894784800330039,
  "beta_2": 0.2943670145602348,
  "epsilon": 4.3018545228267907e-07,
  "lr": 0.0004187968997758179,
  "seed": 717786919,
  "weight_decay": 0.001770331795684307
}