{
  "beta_1": 0.9782576276466326,
  "beta_2": 0.31814360840951794,
  "epsilon": 9.791345707768204e-09,
  "lr": 0.00038051821673007577,
  "seed": 857311906.337905,
  "weight_decay": 0.00026133744025096773
}