{
  "beta_1": 0.9127900407756885,
  "beta_2": 0.6558091623317799,
  "epsilon": 3.3464067811967665e-09,
  "lr": 0.0011706432386848807,
  "seed": 1417584726,
  "weight_decay": 8.36307050147963e-05
}