{
  "beta_1": 0.16126975480286912,
  "beta_2": 0.13111776117040386,
  "epsilon": 9.50512053173826e-06,
  "lr": 1.80430495270094e-06,
  "seed": 1782426873,
  "weight_decay": 9.188828454432992e-06
}