{
  "beta_1": 0.9898176723895731,
  "beta_2": 0.16516023855324594,
  "epsilon": 2.7312193684948366e-07,
  "lr": 0.0045506063472960274,
  "seed": 162250336,
  "weight_decay": 9.486255248836845e-05
}