{
  "beta_1": 0.10044061368983696,
  "beta_2": 0.4489780286477021,
  "epsilon": 1.647448005218137e-07,
  "lr": 2.7154473514497013e-05,
  "seed": 1093616486.390966,
  "weight_decay": 2.2358141261563545e-05
}