{
  "beta_1": 0.6358624212558877,
  "beta_2": 0.8422924713730563,
  "epsilon": 3.660334708314093e-05,
  "lr": 0.0011995638994454468,
  "seed": 2118730335.0588744,
  "weight_decay": 0.0023267895889892624
}