{
  "beta1": 0.10000708547967072,
  "beta2": 0.9996301690673991,
  "epsilon": 4.955198273604725e-07,
  "lr": 0.0002040506306793074,
  "seed": 557105898,
  "weight_decay": 0.0007684806061555872,
  "x_beta1": -7.402218833566107,
  "x_beta2": 6.489554757823446
}