{
  "beta_1": 0.7333849509808239,
  "beta_2": 0.6481107387515888,
  "epsilon": 0.000391690038740197,
  "lr": 0.0011878808790262755,
  "seed": 1811040442,
  "weight_decay": 0.0007922237970257039
}