{
  "beta_1": 0.6696583172329449,
  "beta_2": 0.5967836140363891,
  "epsilon": 0.00023377501466127865,
  "lr": 0.0008837433032575558,
  "seed": 1619510240,
  "weight_decay": 7.315022916492844e-06
}