{
  "beta_1": 0.3711194491518749,
  "beta_2": 0.11026378242886632,
  "epsilon": 0.00037556131486268454,
  "lr": 2.664154161492582e-05,
  "seed": 1306707399.971969,
  "weight_decay": 3.379199441015304e-08
}