{
  "beta_1": 0.46537476890204743,
  "beta_2": 0.15118100926246536,
  "epsilon": 3.1959083756644827e-06,
  "lr": 0.0019436240854988163,
  "seed": 141874302.0090999,
  "weight_decay": 7.450004250286576e-05
}