{
  "beta_1": 0.6039149790934945,
  "beta_2": 0.5606337805404634,
  "epsilon": 2.881368319309196e-10,
  "lr": 0.02175691827956965,
  "seed": 873285987,
  "weight_decay": 3.6925594504649953e-07
}