{
  "beta_1": 0.6526216694140373,
  "beta_2": 0.9521848800648045,
  "epsilon": 2.2475972756763448e-10,
  "lr": 0.05655703232163184,
  "seed": 493666284.90535665,
  "weight_decay": 7.061593410532141e-05
}