{
  "beta_1": 0.4502441841899295,
  "beta_2": 0.35385740508025443,
  "epsilon": 3.1729801112979374e-06,
  "lr": 0.013848332516273537,
  "seed": 135368159,
  "weight_decay": 1.827507783596643e-08
}