{
  "beta_1": 0.6462729634331188,
  "beta_2": 0.8493401924084055,
  "epsilon": 1.4786711709672174e-09,
  "lr": 7.694098872859499e-05,
  "seed": 1526597969,
  "weight_decay": 5.944881675331372e-07
}