{
  "beta_1": 0.8470794593490814,
  "beta_2": 0.9849374591910035,
  "epsilon": 2.3156040828895013e-05,
  "lr": 6.203122137558873e-06,
  "seed": 182212193,
  "weight_decay": 0.0003847001840388131
}