{
  "beta_1": 0.6884212832368362,
  "beta_2": 0.6410214925900742,
  "epsilon": 6.418593185067229e-05,
  "lr": 0.0014018788701536176,
  "seed": 811195306.701577,
  "weight_decay": 1.5728568140610281e-06
}