{
  "beta_1": 0.7694223981105712,
  "beta_2": 0.15505485359691823,
  "epsilon": 2.136993263051787e-10,
  "lr": 3.1242845342542788e-06,
  "seed": 842855653.2248155,
  "weight_decay": 1.202293352329523e-07
}