{
  "beta_1": 0.4028332462145878,
  "beta_2": 0.14316622090788775,
  "epsilon": 0.00017664189737582234,
  "lr": 0.009800786893371993,
  "seed": 1081085933,
  "weight_decay": 0.007513802162014818
}