{
  "beta_1": 0.3159963665911123,
  "beta_2": 0.1548318526828965,
  "epsilon": 4.1881498043262216e-10,
  "lr": 0.0011004276587250337,
  "seed": 1669521948,
  "weight_decay": 5.706996427560747e-07
}