{
  "beta_1": 0.7630041211385006,
  "beta_2": 0.8492374283712107,
  "epsilon": 5.72808238873063e-05,
  "lr": 0.0005496646309193278,
  "seed": 1998112339.1753979,
  "weight_decay": 7.277829021680331e-08
}