{
  "beta_1": 0.9037357981252426,
  "beta_2": 0.21875182059146617,
  "epsilon": 5.135158112743866e-09,
  "lr": 0.006661843088645459,
  "seed": 1877132286,
  "weight_decay": 9.98516297092689e-06
}