{
  "beta_1": 0.6862487056259893,
  "beta_2": 0.7644788900803247,
  "epsilon": 6.371743306848251e-10,
  "lr": 0.0014889487892691862,
  "seed": 712473223,
  "weight_decay": 5.299275942410301e-08
}