{
  "beta_1": 0.3500287969759214,
  "beta_2": 0.4363439261387587,
  "epsilon": 2.400940529548425e-07,
  "lr": 0.0015952790680247965,
  "seed": 290787391,
  "weight_decay": 0.0015634241834990626
}