{
  "beta1": 0.10001525498657246,
  "beta2": 0.11706276854114436,
  "epsilon": 3.5478191778834002e-09,
  "lr": 2.8373972871046087e-06,
  "seed": 1361466577,
  "weight_decay": 1.1356205907570587e-07,
  "x_beta1": -10.984114906508017,
  "x_beta2": -3.946242036281882
}