{
  "beta_1": 0.8098677595355338,
  "beta_2": 0.6862027244618766,
  "epsilon": 0.0001896693179314484,
  "lr": 1.471139117189693e-05,
  "seed": 831252475,
  "weight_decay": 1.4394902219031238e-07
}