{
  "beta_1": 0.17113794562306767,
  "beta_2": 0.4430520574222563,
  "epsilon": 5.217627952134782e-09,
  "lr": 0.0006140225459381822,
  "seed": 1784274165,
  "weight_decay": 0.00014286483974536236
}