{
  "beta_1": 0.8847208823014314,
  "beta_2": 0.7341012271522592,
  "epsilon": 7.799748691491223e-10,
  "lr": 5.646675472386011e-06,
  "seed": 937439852,
  "weight_decay": 9.412360543091707e-07
}