{
  "beta_1": 0.8222747184502547,
  "beta_2": 0.7512837795599933,
  "epsilon": 5.245204377016575e-09,
  "lr": 1.569188454759995e-06,
  "seed": 2034362866,
  "weight_decay": 1.6100504003504132e-07
}