{
  "beta1": 0.9965416506965656,
  "beta2": 0.9920410979329497,
  "epsilon": 0.00022678358614546746,
  "lr": 0.0002774868086086105,
  "seed": 1112250308,
  "weight_decay": 0.0005735540278504402,
  "x_beta1": 4.719243713074825,
  "x_beta2": 5.678238353851575
}