{
  "beta_1": 0.2536883070682513,
  "beta_2": 0.39177416826907885,
  "epsilon": 4.3089228346291933e-08,
  "lr": 0.0030511399966520465,
  "seed": 13759550,
  "weight_decay": 0.0016316424734318092
}