{
  "beta_1": 0.8993887149431227,
  "beta_2": 0.4859776300322388,
  "epsilon": 5.879530239375509e-10,
  "lr": 0.0012660770295539626,
  "seed": 270199043,
  "weight_decay": 0.0023171322918168836
}