{
  "beta_1": 0.37155635316682323,
  "beta_2": 0.8182449705001876,
  "epsilon": 8.169058822084739e-07,
  "lr": 1.8438136499908567e-05,
  "seed": 2123808213,
  "weight_decay": 0.00020344588710210408
}