{
  "beta_1": 0.5078988864117017,
  "beta_2": 0.46215199622717995,
  "epsilon": 9.67140520029426e-09,
  "lr": 2.2509938686354528e-05,
  "seed": 864103735,
  "weight_decay": 5.327332691840266e-06
}