{
  "beta_1": 0.3669276122287609,
  "beta_2": 0.4042580654784361,
  "epsilon": 1.0487140936308545e-10,
  "lr": 1.4634387144589232e-06,
  "seed": 1225651543.2368903,
  "weight_decay": 0.00031500274290051036
}