{
  "beta_1": 0.16972945859422056,
  "beta_2": 0.14528915026103018,
  "epsilon": 2.4744299604865083e-05,
  "lr": 0.04447533213917021,
  "seed": 1419595659.9737222,
  "weight_decay": 3.481138385180433e-05
}