{
  "beta1": 0.10000634457858458,
  "beta2": 0.9993043306181864,
  "epsilon": 3.851688620111188e-08,
  "lr": 6.471827276657769e-05,
  "seed": 1015227685,
  "weight_decay": 6.341051879107206e-05,
  "x_beta1": -11.861430574024656,
  "x_beta2": 7.319690992788322
}