{
  "beta_1": 0.6180052840332984,
  "beta_2": 0.9098047520716789,
  "epsilon": 1.5455047773363932e-10,
  "lr": 0.00013310857440808845,
  "seed": 1343909401,
  "weight_decay": 3.435630591506745e-08
}