{
  "beta_1": 0.6960617964542509,
  "beta_2": 0.49848340493069215,
  "epsilon": 6.206812790456159e-05,
  "lr": 0.00024026748237709856,
  "seed": 2129776212,
  "weight_decay": 8.319568291555046e-05
}