{
  "beta_1": 0.20916879383759174,
  "beta_2": 0.46750920706873433,
  "epsilon": 2.7341738414259304e-09,
  "lr": 0.01343728360678977,
  "seed": 218367757.31090462,
  "weight_decay": 2.2200606898097463e-06
}