{
  "beta_1": 0.5995864733680027,
  "beta_2": 0.947100634528655,
  "epsilon": 5.412221548986966e-05,
  "lr": 5.633140613961831e-05,
  "seed": 287452175,
  "weight_decay": 2.8291142548057255e-05
}