{
  "beta_1": 0.830413366062216,
  "beta_2": 0.6877646385352202,
  "epsilon": 7.230615891819128e-06,
  "lr": 3.960604918981336e-05,
  "seed": 1323377784.2035265,
  "weight_decay": 0.0005210753135815746
}