{
  "beta1": 0.10004600266223918,
  "beta2": 0.10000147359068641,
  "epsilon": 5.015303085279359e-09,
  "lr": 0.006922049831215756,
  "seed": 888391347,
  "weight_decay": 0.0023882748966424544,
  "x_beta1": -9.88028787163973,
  "x_beta2": -13.322335221316699
}