{
  "beta_1": 0.6591484128485818,
  "beta_2": 0.11945829865675861,
  "epsilon": 6.954110523225956e-08,
  "lr": 0.00261586728905309,
  "seed": 920070472,
  "weight_decay": 1.6258832086112302e-07
}