{
  "beta1": 0.10007973268644757,
  "beta2": 0.10029941201094487,
  "epsilon": 2.9380193153809062e-05,
  "lr": 0.001996148188950477,
  "seed": 261808149,
  "weight_decay": 0.003612681960601784,
  "x_beta1": -9.330269998842127,
  "x_beta2": -8.00788556478156
}