{
  "beta_1": 0.33061828077600136,
  "beta_2": 0.48663482605539743,
  "epsilon": 1.7382354593638616e-07,
  "lr": 1.8606013425561307e-06,
  "seed": 90714791.61272018,
  "weight_decay": 9.372754440901263e-06
}