{
  "beta_1": 0.12332074223032158,
  "beta_2": 0.7983430156880218,
  "epsilon": 1.9208407878708723e-10,
  "lr": 2.548124756548416e-06,
  "seed": 1494347204,
  "weight_decay": 4.14740519983306e-08
}