{
  "beta_1": 0.16396097028414425,
  "beta_2": 0.2658698512256038,
  "epsilon": 0.0009326043836119641,
  "lr": 0.016445942799684796,
  "seed": 1538430697.276924,
  "weight_decay": 7.260952726740791e-06
}