{
  "beta_1": 0.15562511546941732,
  "beta_2": 0.4890651678983958,
  "epsilon": 3.200163901512361e-05,
  "lr": 0.0007788511603332124,
  "seed": 389477357.35986567,
  "weight_decay": 3.2810784769130056e-07
}