{
  "beta_1": 0.5914551633875684,
  "beta_2": 0.2612290525080902,
  "epsilon": 1.4043938665538e-08,
  "lr": 0.0018525203221070692,
  "seed": 1170688876,
  "weight_decay": 9.635590912835113e-05
}