{
  "beta_1": 0.8852788152225434,
  "beta_2": 0.7293204928383556,
  "epsilon": 6.8181333942917455e-09,
  "lr": 4.135364886477877e-06,
  "seed": 1947941537,
  "weight_decay": 1.8904900708087103e-06
}