{
  "beta_1": 0.6767856638659067,
  "beta_2": 0.1662417025155014,
  "epsilon": 3.739590270014481e-08,
  "lr": 0.0006697025398290412,
  "seed": 736728660.468298,
  "weight_decay": 0.00010584466780537359
}