{
  "beta_1": 0.12951138649781854,
  "beta_2": 0.2309745562796968,
  "epsilon": 8.223951157041537e-08,
  "lr": 0.00018235208498375096,
  "seed": 273335991,
  "weight_decay": 9.581976195337188e-07
}