{
  "beta_1": 0.9635740470305798,
  "beta_2": 0.1922917620080664,
  "epsilon": 1.1068968791784425e-08,
  "lr": 0.0001243282949266614,
  "seed": 226030237,
  "weight_decay": 7.573442668658994e-07
}