{
  "beta_1": 0.16395751260342126,
  "beta_2": 0.14460012949957593,
  "epsilon": 4.397175623571124e-06,
  "lr": 0.005481987362863062,
  "seed": 1871177037,
  "weight_decay": 2.0649879011866274e-08
}