{
  "beta_1": 0.7768209012206199,
  "beta_2": 0.5374504642266411,
  "epsilon": 2.3249486658393167e-06,
  "lr": 5.513846205571554e-05,
  "seed": 768594953.0487509,
  "weight_decay": 7.606132637755249e-06
}