{
  "beta_1": 0.7229252503421969,
  "beta_2": 0.3872200576057645,
  "epsilon": 5.997865955212411e-08,
  "lr": 2.7697183217888655e-05,
  "seed": 1885833568.089191,
  "weight_decay": 4.4948545968062426e-08
}