{
  "beta_1": 0.18580055533166584,
  "beta_2": 0.6855795568319206,
  "epsilon": 2.7467351053113025e-07,
  "lr": 3.543209194080132e-06,
  "seed": 989849217,
  "weight_decay": 5.630937379797272e-08
}