{
  "beta_1": 0.5698750568124625,
  "beta_2": 0.6991145484850574,
  "epsilon": 4.10136837591686e-09,
  "lr": 0.011051794408866056,
  "seed": 256329541.9226951,
  "weight_decay": 0.0021771079484080476
}