{
  "beta_1": 0.5850925092707734,
  "beta_2": 0.5904313552320811,
  "epsilon": 2.0437018958458742e-09,
  "lr": 0.002400745653524964,
  "seed": 1877047532,
  "weight_decay": 5.529574154468165e-07
}