{
  "beta_1": 0.5989721833582844,
  "beta_2": 0.8748063403018183,
  "epsilon": 9.065767292018336e-10,
  "lr": 0.0004889813278279634,
  "seed": 856520888.4011822,
  "weight_decay": 1.2004778794600899e-08
}