{
  "beta_1": 0.9683208272825314,
  "beta_2": 0.335049076345321,
  "epsilon": 6.681542753079539e-06,
  "lr": 0.00014038334448104292,
  "seed": 960589179.7040702,
  "weight_decay": 0.006659281661943189
}