{
  "beta_1": 0.6935184719451161,
  "beta_2": 0.8969378458310634,
  "epsilon": 9.837838223960947e-08,
  "lr": 0.09911651187051237,
  "seed": 1996402004,
  "weight_decay": 7.558528165039773e-07
}