{
  "beta_1": 0.43897878830842807,
  "beta_2": 0.6576456532013866,
  "epsilon": 3.9446686549465114e-10,
  "lr": 0.00016808853063258845,
  "seed": 2139184216,
  "weight_decay": 0.0002627915062081219
}