{
  "beta_1": 0.6260636032657791,
  "beta_2": 0.5648307109131074,
  "epsilon": 1.0145145040840985e-05,
  "lr": 0.00015770312996278262,
  "seed": 1787300751,
  "weight_decay": 0.00018121001487651786
}