{
  "beta_1": 0.7798243503887925,
  "beta_2": 0.35732803586146367,
  "epsilon": 2.0546941215868944e-10,
  "lr": 2.0506768694546106e-05,
  "seed": 1548735953,
  "weight_decay": 0.0008310277382342097
}