{
  "beta_1": 0.5681198791077369,
  "beta_2": 0.7572217815870562,
  "epsilon": 1.3772955979623672e-08,
  "lr": 8.419155318144359e-05,
  "seed": 813156326.6098821,
  "weight_decay": 4.847212732963315e-05
}