{
  "beta_1": 0.2877937432028117,
  "beta_2": 0.7256161594681483,
  "epsilon": 5.762476401993212e-10,
  "lr": 0.05105294404164007,
  "seed": 1221293993,
  "weight_decay": 0.0015373525950258616
}