{
  "beta_1": 0.6672532847958252,
  "beta_2": 0.6360020516800013,
  "epsilon": 0.0003227613395611498,
  "lr": 7.829535399495223e-06,
  "seed": 872672030,
  "weight_decay": 8.874834055383429e-06
}