{
  "beta_1": 0.4969621923461224,
  "beta_2": 0.32640519471379015,
  "epsilon": 3.5479055456322716e-07,
  "lr": 2.332967235248312e-05,
  "seed": 1669254808,
  "weight_decay": 0.001523461025916496
}