{
  "beta_1": 0.6574843027093203,
  "beta_2": 0.2818089362818065,
  "epsilon": 1.7139855579797024e-09,
  "lr": 5.496976243781847e-05,
  "seed": 229100660,
  "weight_decay": 3.3765961970518074e-05
}