{
  "beta_1": 0.6138227286964668,
  "beta_2": 0.2305603782595107,
  "epsilon": 0.000786936949865904,
  "lr": 1.772315289694346e-05,
  "seed": 954310079,
  "weight_decay": 2.3587326856531768e-07
}