{
  "beta_1": 0.33180662273147654,
  "beta_2": 0.7062399941779818,
  "epsilon": 3.844218300699574e-08,
  "lr": 1.0143740221309326e-06,
  "seed": 217867238.87533283,
  "weight_decay": 2.496220728561733e-07
}