{
  "beta_1": 0.9403220637755779,
  "beta_2": 0.9953826944478628,
  "epsilon": 1.0432338402503544e-08,
  "lr": 0.015131272472402327,
  "seed": 2118033585.8833919,
  "weight_decay": 3.0138683866674947e-05
}