{
  "beta1": 0.7838010130526419,
  "beta2": 0.9718731674057811,
  "epsilon": 1.818549792382904e-07,
  "lr": 0.06325992899434571,
  "seed": 115812351,
  "weight_decay": 0.00015706010919003827,
  "x_beta1": 12.114827077537226,
  "x_beta2": 2.1999882271223683
}