{
  "beta_1": 0.9883276709490182,
  "beta_2": 0.4719962266347538,
  "epsilon": 1.2982949286701652e-08,
  "lr": 8.098841989660124e-05,
  "seed": 1230810491,
  "weight_decay": 0.0006605462553811327
}