{
  "beta_1": 0.4304480995929426,
  "beta_2": 0.414822272829517,
  "epsilon": 7.736339167640158e-07,
  "lr": 0.0008813287851764801,
  "seed": 2053688564,
  "weight_decay": 7.59734263866111e-08
}