{
  "beta_1": 0.19230148540763947,
  "beta_2": 0.39175160164077283,
  "epsilon": 8.223557058100522e-06,
  "lr": 0.0006725404938592884,
  "seed": 302697010,
  "weight_decay": 8.560582274670333e-08
}