{
  "beta_1": 0.3215219324772448,
  "beta_2": 0.36383027955157365,
  "epsilon": 2.3094108624595537e-08,
  "lr": 0.000429881993286172,
  "seed": 716469004,
  "weight_decay": 1.0307602902576697e-08
}