{
  "beta_1": 0.7655684538061683,
  "beta_2": 0.9115130580848161,
  "epsilon": 1.8657755409277964e-07,
  "lr": 0.0033347157994666533,
  "seed": 994522305.6060209,
  "weight_decay": 9.940479262499718e-08
}