{
  "beta_1": 0.21003468690807459,
  "beta_2": 0.5069962240052253,
  "epsilon": 1.1205232865968702e-07,
  "lr": 0.001966395416284331,
  "seed": 149489245.89274523,
  "weight_decay": 2.9605265929212345e-06
}