{
  "beta_1": 0.19713902675528855,
  "beta_2": 0.7381564854141285,
  "epsilon": 1.1857809956735535e-05,
  "lr": 3.814896595863917e-06,
  "seed": 165537364,
  "weight_decay": 9.731866986686624e-08
}