{
  "beta_1": 0.798644017936003,
  "beta_2": 0.12553735286868467,
  "epsilon": 9.447853212607953e-10,
  "lr": 7.899930832825088e-06,
  "seed": 833543692.1754153,
  "weight_decay": 5.114878898643532e-08
}