{
  "beta_1": 0.9580634856990352,
  "beta_2": 0.5315383149491966,
  "epsilon": 1.0221559441922196e-05,
  "lr": 1.1620756523155404e-06,
  "seed": 92357042,
  "weight_decay": 2.1764301624230015e-08
}