{
  "beta_1": 0.8382882371960011,
  "beta_2": 0.12609174478164836,
  "epsilon": 1.6921729796292614e-08,
  "lr": 0.0003255430694131343,
  "seed": 1737871222.2054174,
  "weight_decay": 4.899787731916133e-08
}