{
  "beta_1": 0.2755109311197648,
  "beta_2": 0.5330634865882562,
  "epsilon": 2.5974339405077542e-05,
  "lr": 0.0027378891016338787,
  "seed": 1596722713,
  "weight_decay": 7.049418038420976e-08
}