{
  "beta_1": 0.12246436903042891,
  "beta_2": 0.2186044825897963,
  "epsilon": 8.289063458485558e-05,
  "lr": 0.0013053468523181822,
  "seed": 799884659,
  "weight_decay": 0.0002447973111122977
}