{
  "beta_1": 0.9964552591766508,
  "beta_2": 0.45722122243630126,
  "epsilon": 1.628406819859102e-08,
  "lr": 0.005317637370525602,
  "seed": 1011762944.0979234,
  "weight_decay": 3.050803939873962e-08
}