{
  "beta1": 0.10000592266749321,
  "beta2": 0.999738839744419,
  "epsilon": 3.9446686549465114e-10,
  "lr": 0.0003552783004820323,
  "seed": 2139184216,
  "weight_decay": 1.219532693270522e-06,
  "x_beta1": -1.213386005935287,
  "x_beta2": 6.537551272233335
}