{
  "beta_1": 0.9478090704178183,
  "beta_2": 0.6005774610755786,
  "epsilon": 1.409978283084198e-07,
  "lr": 2.055142271567092e-05,
  "seed": 524004349,
  "weight_decay": 5.807931115001624e-05
}