{
  "beta_1": 0.48967000688242,
  "beta_2": 0.9407960941263726,
  "epsilon": 6.452421006897131e-06,
  "lr": 0.0013799170471701495,
  "seed": 63202804,
  "weight_decay": 9.403833540207406e-08
}