{
  "beta_1": 0.23609404187618324,
  "beta_2": 0.27757960722191355,
  "epsilon": 4.230747814148505e-05,
  "lr": 5.13615758880855e-05,
  "seed": 261808149,
  "weight_decay": 0.002049109914693281
}