{
  "beta_1": 0.4341955311139404,
  "beta_2": 0.4169200526978555,
  "epsilon": 0.0012754840948385933,
  "lr": 0.006322219530723987,
  "seed": 1614514038,
  "weight_decay": 1.2137128937813727e-08
}