{
  "beta1": 0.9835168036096215,
  "beta2": 0.2245433157987978,
  "epsilon": 0.00037531203186906136,
  "lr": 0.005031593762137117,
  "seed": 680510024,
  "weight_decay": 3.2996553238651812e-06,
  "x_beta1": 4.852985974717911,
  "x_beta2": 3.543742534104995
}