{
  "beta_1": 0.42312282861636563,
  "beta_2": 0.15796102218429936,
  "epsilon": 8.544434285663843e-07,
  "lr": 0.006204418498119894,
  "seed": 1159008987,
  "weight_decay": 5.8732621170748e-08
}