{
  "beta_1": 0.9581182040008823,
  "beta_2": 0.12910305468697061,
  "epsilon": 2.0902560017999075e-06,
  "lr": 5.062425297678631e-05,
  "seed": 688234172,
  "weight_decay": 4.7909828288724284e-08
}