{
  "beta_1": 0.9368689226005097,
  "beta_2": 0.500647816123251,
  "epsilon": 1.6651582783650883e-08,
  "lr": 0.09418089958836921,
  "seed": 907536506,
  "weight_decay": 0.0001325956385787655
}