{
  "beta_1": 0.5236153717819266,
  "beta_2": 0.8807759162338259,
  "epsilon": 0.00037754731321738166,
  "lr": 0.0022482356904556904,
  "seed": 1873785974.608736,
  "weight_decay": 0.004572284037747493
}