{
  "beta_1": 0.9833392390248917,
  "beta_2": 0.5994290103600957,
  "epsilon": 1.560257535191447e-06,
  "lr": 0.0031509301233812173,
  "seed": 1645743235,
  "weight_decay": 4.1280735894763615e-05
}