{
  "beta_1": 0.5993309894735631,
  "beta_2": 0.9608012771166622,
  "epsilon": 3.737104191176769e-08,
  "lr": 2.894180591631091e-05,
  "seed": 1069859783.5357218,
  "weight_decay": 0.004457061891527013
}