{
  "beta_1": 0.6312184388598348,
  "beta_2": 0.9697295618560192,
  "epsilon": 5.257165561786427e-06,
  "lr": 0.007929695559669924,
  "seed": 108907514,
  "weight_decay": 0.004989961359647689
}