{
  "beta_1": 0.7298103817922071,
  "beta_2": 0.24339469379889148,
  "epsilon": 2.3161356728706874e-08,
  "lr": 0.04551340245316839,
  "seed": 617960190,
  "weight_decay": 5.090657627957699e-05
}