{
  "beta_1": 0.6482749118447165,
  "beta_2": 0.5836082014932664,
  "epsilon": 3.280310285032093e-09,
  "lr": 0.001362777527992505,
  "seed": 615849242,
  "weight_decay": 3.060875540879246e-05
}