{
  "beta1": 0.7838010130526419,
  "beta2": 0.9718731674057811,
  "epsilon": 1.8185497923829042e-07,
  "lr": 0.00023807679675418012,
  "seed": 115812351,
  "weight_decay": 2.266197297160121e-07,
  "x_beta1": -3.6859604034659554,
  "x_beta2": 2.1999882271223683
}