{
  "beta_1": 0.7560948321059268,
  "beta_2": 0.7889892525546979,
  "epsilon": 3.457526922247148e-08,
  "lr": 1.835076394326252e-06,
  "seed": 1706983042,
  "weight_decay": 4.913450913390765e-08
}