{
  "beta_1": 0.42778470984534434,
  "beta_2": 0.7641791719569321,
  "epsilon": 8.093695442610858e-08,
  "lr": 0.021583038524244143,
  "seed": 2007549485,
  "weight_decay": 0.0017364588356767498
}