{
  "beta_1": 0.14179580468455766,
  "beta_2": 0.8874655987452874,
  "epsilon": 5.1259164389664375e-05,
  "lr": 0.041542591153491425,
  "seed": 1448931165,
  "weight_decay": 1.1303376975360211e-06
}