{
  "beta_1": 0.8629762984559428,
  "beta_2": 0.5478081880790514,
  "epsilon": 4.8568779232338605e-08,
  "lr": 0.010286417277488278,
  "seed": 351517622,
  "weight_decay": 0.0012512616405741365
}