{
  "beta_1": 0.8805228005468936,
  "beta_2": 0.26665285974067665,
  "epsilon": 4.0915532910581785e-06,
  "lr": 0.0068362136009801205,
  "seed": 310193659,
  "weight_decay": 5.557689271140909e-07
}