{
  "beta_1": 0.3561175114359053,
  "beta_2": 0.8130888039220118,
  "epsilon": 6.358700811818239e-07,
  "lr": 1.5718945671931053e-06,
  "seed": 318088837,
  "weight_decay": 1.1813293311596039e-06
}