{
  "beta_1": 0.2847275317151662,
  "beta_2": 0.5420863689125326,
  "epsilon": 7.925871488184115e-07,
  "lr": 0.01788948368172469,
  "seed": 403739398,
  "weight_decay": 1.927234556435626e-08
}