{
  "beta1": 0.9989974415469566,
  "beta2": 0.2191893482920546,
  "epsilon": 2.1169070366411906e-07,
  "lr": 1.0438126875311442e-05,
  "seed": 43679748,
  "weight_decay": 1.057601365096554e-06,
  "x_beta1": 12.769632671598936,
  "x_beta2": -1.879491206152144
}