{
  "beta_1": 0.24694449536077315,
  "beta_2": 0.4843934160936182,
  "epsilon": 5.473935006900447e-08,
  "lr": 3.755909478787043e-05,
  "seed": 882322386,
  "weight_decay": 5.324193330327839e-08
}