{
  "beta_1": 0.9712354787703025,
  "beta_2": 0.7045384500295349,
  "epsilon": 4.858815030579725e-09,
  "lr": 0.00020798566825599044,
  "seed": 2115336140,
  "weight_decay": 4.9562065671784557e-05
}