{
  "beta_1": 0.1939340519073745,
  "beta_2": 0.6136492139563725,
  "epsilon": 2.270659549204654e-07,
  "lr": 3.359472818757569e-05,
  "seed": 1669254808,
  "weight_decay": 2.983744374979506e-06
}