{
  "beta_1": 0.18909258485802577,
  "beta_2": 0.712785864998783,
  "epsilon": 4.436351746833022e-07,
  "lr": 2.3032231742525817e-06,
  "seed": 1429595525,
  "weight_decay": 0.001318004326519655
}