{
  "beta_1": 0.44015193202424285,
  "beta_2": 0.8141600689861923,
  "epsilon": 2.435891115841929e-07,
  "lr": 0.0021693057924671495,
  "seed": 325267977,
  "weight_decay": 0.00022316355909561672
}