{
  "beta_1": 0.4771766787295133,
  "beta_2": 0.6372659472701654,
  "epsilon": 8.667078493787052e-07,
  "lr": 3.6418938271850182e-06,
  "seed": 2105796383,
  "weight_decay": 8.757758190496194e-05
}