{
  "beta_1": 0.3047040916742595,
  "beta_2": 0.7736476486518009,
  "epsilon": 2.1810202658322543e-10,
  "lr": 0.035460638424798865,
  "seed": 1682962640,
  "weight_decay": 1.1324617962382555e-08
}