{
  "beta_1": 0.8125873900382187,
  "beta_2": 0.18325087938019752,
  "epsilon": 3.055989794810836e-10,
  "lr": 1.7713791264264082e-06,
  "seed": 2055267431,
  "weight_decay": 0.0033358753951449644
}