{
  "beta_1": 0.7814972229236095,
  "beta_2": 0.4002197515343686,
  "epsilon": 2.2330136459113595e-08,
  "lr": 6.882484891448796e-05,
  "seed": 1104580989,
  "weight_decay": 0.00012414927817963145
}