{
  "beta1": 0.10000338644549721,
  "beta2": 0.15409704814981454,
  "epsilon": 1.1916421904845326e-07,
  "lr": 1.6774907860119288e-05,
  "seed": 1733180575,
  "weight_decay": 8.886378908973467e-05,
  "x_beta1": -12.489253701139388,
  "x_beta2": -2.7495067935281554
}