{
  "beta_1": 0.9123738330436135,
  "beta_2": 0.4056968201792197,
  "epsilon": 4.767508464183068e-07,
  "lr": 0.002587263041984548,
  "seed": 538085432,
  "weight_decay": 3.0638327098590224e-06
}