{
  "beta_1": 0.727821265649943,
  "beta_2": 0.5672119031354405,
  "epsilon": 2.056104128902256e-08,
  "lr": 0.0335235649419151,
  "seed": 2146411779.2538216,
  "weight_decay": 1.436711647085634e-05
}