{
  "beta1": 0.10014937069516976,
  "beta2": 0.999846941082367,
  "epsilon": 2.290074362232122e-06,
  "lr": 8.705762123969743e-06,
  "seed": 24248649,
  "weight_decay": 3.64925001222105e-08,
  "x_beta1": -8.702441044273261,
  "x_beta2": 9.73857701280516
}