{
  "beta_1": 0.4003272163886672,
  "beta_2": 0.31643447053865725,
  "epsilon": 2.022363092973354e-05,
  "lr": 0.040576026373205794,
  "seed": 1899413595.9249592,
  "weight_decay": 1.027969425920584e-05
}