{
  "beta_1": 0.7589666259407022,
  "beta_2": 0.8712615176760341,
  "epsilon": 1.039514554934621e-07,
  "lr": 7.769394789567421e-05,
  "seed": 492582480.5316965,
  "weight_decay": 8.037159538639906e-05
}