{
  "beta_1": 0.9835905205128548,
  "beta_2": 0.7278571451938326,
  "epsilon": 1.066403807746978e-05,
  "lr": 0.0013820501358119833,
  "seed": 352019821.8989673,
  "weight_decay": 0.0005414171443395024
}