{
  "beta_1": 0.41906101639366367,
  "beta_2": 0.2481346459672804,
  "epsilon": 5.370134439657577e-07,
  "lr": 5.145407154270458e-05,
  "seed": 2126544240,
  "weight_decay": 1.6692526268982828e-06
}