{
  "beta_1": 0.7312354171539691,
  "beta_2": 0.6672715389409632,
  "epsilon": 1.7693172039832034e-07,
  "lr": 0.0006535746558454924,
  "seed": 94440634.91147819,
  "weight_decay": 0.00389778336978088
}