{
  "beta_1": 0.2693756042190576,
  "beta_2": 0.8170331281744783,
  "epsilon": 2.135435671174809e-07,
  "lr": 0.05320132602279046,
  "seed": 21949721,
  "weight_decay": 1.2599472067625515e-08
}