{
  "beta_1": 0.42376208698299567,
  "beta_2": 0.2653730252870395,
  "epsilon": 5.7228818543544524e-05,
  "lr": 0.0015233877881940278,
  "seed": 832263354,
  "weight_decay": 9.168664150286429e-07
}