{
  "beta_1": 0.3130009604648588,
  "beta_2": 0.1693204590600641,
  "epsilon": 1.9539548484719327e-07,
  "lr": 1.8533830293384766e-05,
  "seed": 1329570261,
  "weight_decay": 3.3370086941145552e-06
}