{
  "beta_1": 0.839955490074544,
  "beta_2": 0.5156525724582429,
  "epsilon": 1.1246315600684523e-10,
  "lr": 0.0011696874584270886,
  "seed": 421209384.16159916,
  "weight_decay": 4.543863975061276e-05
}