{
  "beta_1": 0.726421259168003,
  "beta_2": 0.1900216678271247,
  "epsilon": 1.6344919316166515e-08,
  "lr": 0.0008842626854903565,
  "seed": 1121229463.209121,
  "weight_decay": 4.816324871296064e-05
}