{
  "beta1": 0.6446799761138652,
  "beta2": 0.9998832745356192,
  "epsilon": 1.07838219857504e-08,
  "lr": 3.5264196209924935e-05,
  "seed": 386740164,
  "weight_decay": 0.000990993675339988,
  "x_beta1": 0.4299978953738961,
  "x_beta2": 10.893087967629937
}