{
  "beta_1": 0.7216114853784988,
  "beta_2": 0.8083534708565693,
  "epsilon": 5.586585806203991e-08,
  "lr": 0.001847662906177933,
  "seed": 1191953519.0203514,
  "weight_decay": 0.004158126427752663
}