{
  "beta_1": 0.847924457655605,
  "beta_2": 0.8156304301656103,
  "epsilon": 2.805400569999851e-09,
  "lr": 0.014667160543647636,
  "seed": 812624360,
  "weight_decay": 9.520891100748241e-07
}