{
  "beta_1": 0.9134981142566053,
  "beta_2": 0.11665788902703804,
  "epsilon": 1.908045072751522e-07,
  "lr": 0.06803181757113708,
  "seed": 1931642034,
  "weight_decay": 0.001231827981633784
}