{
  "beta_1": 0.1765504063405004,
  "beta_2": 0.38007675386790374,
  "epsilon": 1.319796644373143e-05,
  "lr": 0.0015713766226423407,
  "seed": 33091622,
  "weight_decay": 9.403743196865196e-07
}