{
  "beta_1": 0.42146627034682627,
  "beta_2": 0.624175543167746,
  "epsilon": 9.177060200976833e-05,
  "lr": 0.00020884071752479082,
  "seed": 365334850,
  "weight_decay": 3.418063314634579e-06
}