{
  "beta_1": 0.6138234892950992,
  "beta_2": 0.8873788849064875,
  "epsilon": 3.3377256752183497e-06,
  "lr": 0.0017177147806232338,
  "seed": 809329893.4971956,
  "weight_decay": 2.0094438524021967e-06
}