{
  "beta_1": 0.59915233710316,
  "beta_2": 0.21308645128157894,
  "epsilon": 2.205533392435623e-08,
  "lr": 0.002851184346661627,
  "seed": 312117712,
  "weight_decay": 1.914249382918566e-07
}