{
  "beta_1": 0.12285399457586778,
  "beta_2": 0.7650413329169593,
  "epsilon": 3.172990955891344e-10,
  "lr": 8.624784123793481e-05,
  "seed": 917902258,
  "weight_decay": 9.007420700364064e-07
}