{
  "beta_1": 0.40932652597025765,
  "beta_2": 0.4740249248892766,
  "epsilon": 8.129591334552313e-05,
  "lr": 0.0025824467643091984,
  "seed": 1446119642,
  "weight_decay": 2.7226804641460238e-08
}