{
  "beta_1": 0.9398646090609214,
  "beta_2": 0.7528182731129632,
  "epsilon": 9.594656384032163e-06,
  "lr": 1.3835812156554933e-05,
  "seed": 837915331,
  "weight_decay": 0.00011591610729018022
}