{
  "beta_1": 0.8279484167964599,
  "beta_2": 0.7903478322381612,
  "epsilon": 3.8170168755530836e-07,
  "lr": 0.008137860168955116,
  "seed": 611555016,
  "weight_decay": 0.00029970905516204876
}