{
  "beta_1": 0.8997634966627733,
  "beta_2": 0.48175021917119876,
  "epsilon": 1.0398378160790634e-09,
  "lr": 0.00017042919405868933,
  "seed": 2001138487,
  "weight_decay": 3.801866915518322e-05
}