{
  "beta_1": 0.7853359470187666,
  "beta_2": 0.38498716921529663,
  "epsilon": 1.869538442286063e-10,
  "lr": 1.9591006861595608e-05,
  "seed": 1380839815.704275,
  "weight_decay": 9.091933988032358e-06
}