{
  "beta_1": 0.13816432836620052,
  "beta_2": 0.4644924844985281,
  "epsilon": 2.5908178904853943e-07,
  "lr": 0.04824694477796876,
  "seed": 1048415351.4142516,
  "weight_decay": 2.076905682317828e-06
}