{
  "beta_1": 0.9506902146849964,
  "beta_2": 0.9575682732771368,
  "epsilon": 6.819100286359872e-06,
  "lr": 3.761704926991048e-05,
  "seed": 2003503609,
  "weight_decay": 1.9576733432910203e-08
}