{
  "beta_1": 0.6659306518256725,
  "beta_2": 0.9672139306494147,
  "epsilon": 1.6612585681229134e-05,
  "lr": 8.646148530405836e-05,
  "seed": 921416765.1940088,
  "weight_decay": 0.0035182763347367026
}