{
  "beta_1": 0.10873650353614595,
  "beta_2": 0.34256752020351633,
  "epsilon": 2.1366310626797445e-07,
  "lr": 0.001197595845844041,
  "seed": 171519126,
  "weight_decay": 5.7438444737190585e-08
}