{
  "beta_1": 0.47760521911791476,
  "beta_2": 0.4637637351282504,
  "epsilon": 2.111419886690208e-05,
  "lr": 0.002356913221895949,
  "seed": 1654176158,
  "weight_decay": 1.2270826898680039e-06
}