{
  "beta_1": 0.8771337926058989,
  "beta_2": 0.7679626555772063,
  "epsilon": 7.462254559487376e-09,
  "lr": 0.004742349228710558,
  "seed": 790276472,
  "weight_decay": 1.0422852293666505e-06
}