{
  "beta_1": 0.35298797018843175,
  "beta_2": 0.4607361220641728,
  "epsilon": 1.0279907884075667e-10,
  "lr": 0.02948016411996537,
  "seed": 1426537456,
  "weight_decay": 3.3308471689043368e-06
}