{
  "beta_1": 0.9516919860866992,
  "beta_2": 0.27273192304915955,
  "epsilon": 0.0002748220162831325,
  "lr": 0.060773625808539816,
  "seed": 1663013832.5366378,
  "weight_decay": 7.699439844122779e-06
}