{
  "beta1": 0.9989987708610163,
  "beta2": 0.8685412860334146,
  "epsilon": 8.215094347340692e-08,
  "lr": 0.0019726733704333375,
  "seed": 842577493,
  "weight_decay": 1.6141638072950045e-08,
  "x_beta1": 13.502723035191986,
  "x_beta2": 1.7665624289043613
}