{
  "beta_1": 0.4870308883521166,
  "beta_2": 0.6141580087204643,
  "epsilon": 1.0182241632314851e-06,
  "lr": 1.4407044569178458e-05,
  "seed": 697801863.1391,
  "weight_decay": 0.0006275457490512151
}