{
  "beta_1": 0.6897434487376002,
  "beta_2": 0.10316903245977747,
  "epsilon": 0.00010254289978843566,
  "lr": 0.003392533162545661,
  "seed": 1830537762,
  "weight_decay": 0.002732191233497391
}