{
  "beta_1": 0.19748255774912743,
  "beta_2": 0.9959341522597485,
  "epsilon": 4.3772657708330664e-08,
  "lr": 0.0002742522306948956,
  "seed": 1621190249,
  "weight_decay": 9.505390342614337e-07
}