{
  "beta_1": 0.8410382302025332,
  "beta_2": 0.6141800555674111,
  "epsilon": 2.93424668754223e-07,
  "lr": 0.0074204158524075565,
  "seed": 737714956,
  "weight_decay": 1.2333826834724598e-06
}