{
  "beta_1": 0.47009803986207344,
  "beta_2": 0.24231038343553463,
  "epsilon": 4.537409962097208e-09,
  "lr": 1.5869765248713592e-05,
  "seed": 1458762655.2878253,
  "weight_decay": 4.160674723949759e-06
}