{
  "beta_1": 0.5408916250916315,
  "beta_2": 0.9532686543945812,
  "epsilon": 1.856934578282809e-06,
  "lr": 0.0005617901609347081,
  "seed": 1063519862.6503029,
  "weight_decay": 1.690505308451845e-05
}