{
  "beta_1": 0.1003700898605842,
  "beta_2": 0.2862181269488212,
  "epsilon": 1.3209433499609356e-09,
  "lr": 0.006198533930481175,
  "seed": 749474408,
  "weight_decay": 0.005981832735745519
}