{
  "beta_1": 0.4065793891181848,
  "beta_2": 0.7403120345615132,
  "epsilon": 1.6628719593261147e-10,
  "lr": 9.476883572129815e-06,
  "seed": 688831822.2141956,
  "weight_decay": 1.1647190946355917e-05
}