{
  "beta_1": 0.8846273975067469,
  "beta_2": 0.9146801754656411,
  "epsilon": 6.651647094346675e-06,
  "lr": 6.171161538359578e-06,
  "seed": 241203071,
  "weight_decay": 0.0027315561720581594
}