{
  "beta_1": 0.513418349085352,
  "beta_2": 0.27173479633497294,
  "epsilon": 1.3523792566599553e-10,
  "lr": 1.004716862833237e-06,
  "seed": 1095652808,
  "weight_decay": 6.124903968938933e-06
}