{
  "beta_1": 0.4268593885307637,
  "beta_2": 0.21166598409744372,
  "epsilon": 2.2935425503476186e-05,
  "lr": 0.0005203845228265706,
  "seed": 1412825408,
  "weight_decay": 1.6326408790683313e-05
}