{
  "beta_1": 0.2979378552399943,
  "beta_2": 0.6908416497320337,
  "epsilon": 0.0006181707642222144,
  "lr": 3.067869324676037e-05,
  "seed": 1274190209.6198025,
  "weight_decay": 9.266279145802033e-06
}