{
  "beta_1": 0.908010789150281,
  "beta_2": 0.2405511679358088,
  "epsilon": 2.8371155569991406e-10,
  "lr": 0.002458311584505125,
  "seed": 2004163898,
  "weight_decay": 1.603445302114454e-05
}