{
  "beta_1": 0.6862925733757843,
  "beta_2": 0.34457645903868617,
  "epsilon": 3.1434472233848927e-07,
  "lr": 1.2370446822362666e-05,
  "seed": 338101549,
  "weight_decay": 0.008719470641629378
}