{
  "beta1": 0.10113181623110162,
  "beta2": 0.999897505211648,
  "epsilon": 1.7245223984527112e-09,
  "lr": 0.00021441548642792975,
  "seed": 2128198898,
  "weight_decay": 0.0028371672639328533,
  "x_beta1": -6.409151656574824,
  "x_beta2": -0.21437480522127716
}