{
  "beta_1": 0.3448199292223593,
  "beta_2": 0.1504027289779637,
  "epsilon": 0.0007104896207525792,
  "lr": 1.0473454635439572e-05,
  "seed": 550598925,
  "weight_decay": 1.6026924994571498e-07
}