{
  "beta1": 0.6841887562578736,
  "beta2": 0.1000205818985661,
  "epsilon": 3.323342002424696e-05,
  "lr": 4.655134085197348e-06,
  "seed": 528817043,
  "weight_decay": 5.782620295448936e-07,
  "x_beta1": 0.7419010924490216,
  "x_beta2": -8.548483259458862
}