{
  "beta1": 0.9194777529374154,
  "beta2": 0.1146641902896735,
  "epsilon": 1.3353864666585586e-08,
  "lr": 1.5790475080427068e-05,
  "seed": 856697929,
  "weight_decay": 3.6354642872212154e-07,
  "x_beta1": 1.8661043447358325,
  "x_beta2": -3.2803564592460477
}