{
  "beta_1": 0.6224673161271898,
  "beta_2": 0.2895645360246021,
  "epsilon": 3.2955499392417694e-10,
  "lr": 0.007576228710366902,
  "seed": 1064795085,
  "weight_decay": 0.00012692404112722177
}