{
  "beta_1": 0.9624534639911573,
  "beta_2": 0.2630858170700122,
  "epsilon": 3.245072698979618e-10,
  "lr": 0.010864170757987604,
  "seed": 982245872.0427647,
  "weight_decay": 2.4043025892130416e-05
}