{
  "beta_1": 0.1422595630527132,
  "beta_2": 0.3380383594356441,
  "epsilon": 0.00018786217654847588,
  "lr": 8.492440516677535e-05,
  "seed": 650260342,
  "weight_decay": 8.340156905558749e-07
}