{
  "beta_1": 0.25057603210950685,
  "beta_2": 0.177886585184109,
  "epsilon": 2.90668752086239e-08,
  "lr": 9.081549058167242e-05,
  "seed": 1634044171,
  "weight_decay": 0.0034152789117234575
}