{
  "beta_1": 0.4767388506389071,
  "beta_2": 0.9677366927565577,
  "epsilon": 1.6609612565820139e-09,
  "lr": 6.774793445156128e-05,
  "seed": 151916954,
  "weight_decay": 2.417831383802331e-07
}