{
  "beta_1": 0.9249296460504763,
  "beta_2": 0.1596731387847066,
  "epsilon": 4.2390921782767275e-07,
  "lr": 6.2518672116419485e-06,
  "seed": 838323224,
  "weight_decay": 2.2218426049846842e-07
}