{
  "beta_1": 0.8039006840086397,
  "beta_2": 0.8277431590376185,
  "epsilon": 4.504374876923257e-10,
  "lr": 0.0016203966333588925,
  "seed": 39843814.03640367,
  "weight_decay": 0.00010328176957442754
}