{
  "beta_1": 0.5227530484369404,
  "beta_2": 0.894409964063005,
  "epsilon": 9.87584014673174e-10,
  "lr": 0.0006177038928010602,
  "seed": 883877480.2004291,
  "weight_decay": 1.7035852800481107e-05
}