{
  "beta_1": 0.8257153638748649,
  "beta_2": 0.2271451241444691,
  "epsilon": 2.334346290007714e-10,
  "lr": 1.2154260814456775e-05,
  "seed": 794444447,
  "weight_decay": 3.527027335588756e-05
}