{
  "beta_1": 0.7039875996149997,
  "beta_2": 0.7042877603396162,
  "epsilon": 1.1387834802760311e-07,
  "lr": 0.0005402884398341625,
  "seed": 463625808.89161247,
  "weight_decay": 0.0017954474134727592
}