{
  "beta_1": 0.29496545268542423,
  "beta_2": 0.2643794673711503,
  "epsilon": 2.989261050986764e-09,
  "lr": 0.057240930290078915,
  "seed": 1429662761.7119007,
  "weight_decay": 1.11311979275264e-06
}