{
  "beta1": 0.1004881647859524,
  "beta2": 0.997523047359918,
  "epsilon": 3.065954408012517e-10,
  "lr": 0.005734301120961007,
  "seed": 1221466790,
  "weight_decay": 0.004149273271609582,
  "x_beta1": -6.014273705860092,
  "x_beta2": 7.120583442723133
}