{
  "beta_1": 0.433243483309805,
  "beta_2": 0.20476514772148208,
  "epsilon": 0.0003087685593891602,
  "lr": 0.00015752018676306717,
  "seed": 603153758.5071439,
  "weight_decay": 6.78955705015311e-05
}