{
  "beta_1": 0.7025302639670198,
  "beta_2": 0.6168165536877795,
  "epsilon": 1.8459379029326428e-10,
  "lr": 0.0003020345709379734,
  "seed": 1972148681.0213442,
  "weight_decay": 0.0030477655504719107
}