{
  "beta_1": 0.771525186180549,
  "beta_2": 0.34888785638154823,
  "epsilon": 1.9557522761364768e-08,
  "lr": 5.486595876475797e-06,
  "seed": 1650464506,
  "weight_decay": 0.0010707387816577612
}