{
  "beta_1": 0.831173642683046,
  "beta_2": 0.2346164346180257,
  "epsilon": 5.88434331832457e-05,
  "lr": 0.000980573935933085,
  "seed": 1251097369,
  "weight_decay": 4.867797479229388e-06
}