{
  "beta_1": 0.18069533120243952,
  "beta_2": 0.6812223567394506,
  "epsilon": 2.998660853835035e-06,
  "lr": 0.0001902307186809941,
  "seed": 993525120,
  "weight_decay": 7.694839114669016e-07
}