{
  "beta_1": 0.8734897905582901,
  "beta_2": 0.12866106918106612,
  "epsilon": 1.1363198781905528e-10,
  "lr": 0.0007851995890097873,
  "seed": 700395693,
  "weight_decay": 0.0013885425005437419
}