{
  "beta_1": 0.9314889803761128,
  "beta_2": 0.8336183278137153,
  "epsilon": 0.00020044243717739636,
  "lr": 0.002530167504970012,
  "seed": 2095147822,
  "weight_decay": 5.048276592625502e-05
}