{
  "beta_1": 0.9888232098220299,
  "beta_2": 0.6074842343731812,
  "epsilon": 8.215094347340692e-08,
  "lr": 0.0019726733704333375,
  "seed": 842577493,
  "weight_decay": 1.6141638072950045e-08
}