{
  "beta_1": 0.7765484481612596,
  "beta_2": 0.14327210522845943,
  "epsilon": 1.187724399258984e-07,
  "lr": 0.007917966327853531,
  "seed": 1202945946,
  "weight_decay": 6.019811984122196e-08
}