{
  "beta_1": 0.13465805587940993,
  "beta_2": 0.19724731938254886,
  "epsilon": 4.854087694687867e-09,
  "lr": 0.001328203117660588,
  "seed": 424116913,
  "weight_decay": 9.903310463267347e-05
}