{
  "beta_1": 0.115438566328509,
  "beta_2": 0.9647208182622801,
  "epsilon": 7.958182657415338e-08,
  "lr": 0.002363551378278663,
  "seed": 2118346196,
  "weight_decay": 2.833496171588382e-08
}