{
  "beta_1": 0.7752413724999931,
  "beta_2": 0.4000840168079397,
  "epsilon": 5.599550176806707e-08,
  "lr": 0.0024376246485002806,
  "seed": 22814227.752151303,
  "weight_decay": 0.0003885673747487534
}