{
  "beta_1": 0.34110543830854806,
  "beta_2": 0.16524225133530634,
  "epsilon": 1.0700409924937072e-08,
  "lr": 7.867910804057676e-06,
  "seed": 1472283399.15666,
  "weight_decay": 4.821400006542018e-07
}