{
  "beta_1": 0.1602819703119835,
  "beta_2": 0.3594836922571395,
  "epsilon": 2.5908178904853974e-07,
  "lr": 0.0001059700813126433,
  "seed": 522893467,
  "weight_decay": 1.2837216884099063e-06
}