{
  "beta_1": 0.9674118189622237,
  "beta_2": 0.350423610111984,
  "epsilon": 3.320747578741831e-05,
  "lr": 1.1087194964505225e-06,
  "seed": 1347271221,
  "weight_decay": 1.0785801543816934e-08
}