{
  "beta1": 0.10018172728974707,
  "beta2": 0.9996073509714722,
  "epsilon": 5.279336214201806e-06,
  "lr": 0.00437729017217696,
  "seed": 1204228095,
  "weight_decay": 0.005251778814693175,
  "x_beta1": -6.805063195077736,
  "x_beta2": -11.449447412933598
}