{
  "beta_1": 0.6639974988750696,
  "beta_2": 0.8288731629501785,
  "epsilon": 6.909086919829696e-07,
  "lr": 3.728668199499914e-06,
  "seed": 405232998,
  "weight_decay": 7.766119057156588e-05
}