{
  "beta_1": 0.3779439509780447,
  "beta_2": 0.9884840009838447,
  "epsilon": 3.7694085698078483e-06,
  "lr": 0.0235664426906785,
  "seed": 638336676,
  "weight_decay": 3.424622077552767e-07
}