{
  "beta_1": 0.4051887912439728,
  "beta_2": 0.5751110281331726,
  "epsilon": 1.6152422827587357e-07,
  "lr": 0.004304611085584927,
  "seed": 90848296,
  "weight_decay": 6.107355690310218e-06
}