{
  "beta_1": 0.1902098702483454,
  "beta_2": 0.35353971701747,
  "epsilon": 5.645429596635503e-10,
  "lr": 0.0005186793424823808,
  "seed": 903238205,
  "weight_decay": 0.00217198074514295
}