{
  "beta1": 0.5533050949511131,
  "beta2": 0.1391618248705951,
  "epsilon": 2.681042594648607e-07,
  "lr": 4.378151970780999e-05,
  "seed": 777089578,
  "weight_decay": 9.499530359011123e-09,
  "x_beta1": 0.029256334327494526,
  "x_beta2": -5.339671972945092
}