{
  "beta1": 0.9989973529307844,
  "beta2": 0.1371626634286796,
  "epsilon": 1.49676794700888e-08,
  "lr": 0.06584344712726742,
  "seed": 1256607982,
  "weight_decay": 2.98208919045758e-08,
  "x_beta1": 12.735582297393096,
  "x_beta2": -3.144805697896963
}