{
  "beta_1": 0.22861978237773267,
  "beta_2": 0.8554940628816693,
  "epsilon": 1.9484460931990817e-09,
  "lr": 0.04685996201861664,
  "seed": 1028518878,
  "weight_decay": 0.0008849774367602053
}