{
  "beta_1": 0.6418534839491756,
  "beta_2": 0.30984746928009954,
  "epsilon": 1.4642032448743602e-09,
  "lr": 1.5114028277279001e-06,
  "seed": 598943724,
  "weight_decay": 6.242623523978141e-08
}