{
  "beta_1": 0.468698326973367,
  "beta_2": 0.9329919831214221,
  "epsilon": 2.3751215551516476e-05,
  "lr": 2.3253166527371824e-05,
  "seed": 505335720,
  "weight_decay": 0.0010324363468112324
}