{
  "beta_1": 0.4513647252125025,
  "beta_2": 0.1352253831943539,
  "epsilon": 3.060410534099785e-05,
  "lr": 0.00042057377557370724,
  "seed": 1098384906,
  "weight_decay": 1.2427160302105075e-08
}