{
  "beta_1": 0.8663921733275988,
  "beta_2": 0.7130665134551374,
  "epsilon": 2.575230217443423e-10,
  "lr": 0.00014841509869847137,
  "seed": 579011114,
  "weight_decay": 2.0985858587282347e-06
}