{
  "beta_1": 0.8899434596808049,
  "beta_2": 0.6873484141740984,
  "epsilon": 7.896176492573371e-05,
  "lr": 0.0034847483203209297,
  "seed": 1883453327.114471,
  "weight_decay": 3.341480376723439e-07
}