{
  "beta_1": 0.876280677436471,
  "beta_2": 0.24306338204955613,
  "epsilon": 5.466410049325328e-05,
  "lr": 0.00011620154502389876,
  "seed": 1005449694,
  "weight_decay": 0.0006632997836083594
}