{
  "beta_1": 0.9243901020399118,
  "beta_2": 0.885255484446415,
  "epsilon": 8.384231632571522e-08,
  "lr": 0.0003212312940033408,
  "seed": 379781942,
  "weight_decay": 0.0019825261809211046
}