{
  "beta_1": 0.10297422833606289,
  "beta_2": 0.41718036320366814,
  "epsilon": 1.8104544099370896e-05,
  "lr": 0.00012670526236796735,
  "seed": 1703544658,
  "weight_decay": 4.296361983909421e-08
}