{
  "beta_1": 0.3283194332330474,
  "beta_2": 0.7922096008190079,
  "epsilon": 2.1241016828417243e-05,
  "lr": 1.6608208716585164e-05,
  "seed": 2079518641,
  "weight_decay": 1.2463997174577918e-06
}