{
  "beta_1": 0.9647655812756196,
  "beta_2": 0.7538452968147983,
  "epsilon": 0.0005987790997706591,
  "lr": 0.012692999017682177,
  "seed": 166696845.23773795,
  "weight_decay": 0.00018341161405030206
}