{
  "beta1": 0.9988936145669078,
  "beta2": 0.297930190621029,
  "epsilon": 2.7872171213843933e-10,
  "lr": 8.96421012424205e-05,
  "seed": 92619014,
  "weight_decay": 1.5792276238235135e-08,
  "x_beta1": 10.850221570106445,
  "x_beta2": -1.0127808004905674
}