{
  "beta_1": 0.8809668945085183,
  "beta_2": 0.9384903138665719,
  "epsilon": 2.257996710516668e-10,
  "lr": 0.00038501257338863985,
  "seed": 918782368.1348193,
  "weight_decay": 6.030655944565744e-05
}