{
  "beta_1": 0.9339766064070666,
  "beta_2": 0.21930180961067014,
  "epsilon": 1.375861169564094e-09,
  "lr": 0.00015305666396152177,
  "seed": 652813308,
  "weight_decay": 5.75045382969838e-08
}