{
  "beta1": 0.547168520152771,
  "beta2": 0.11990189761779574,
  "epsilon": 7.343107516682133e-06,
  "lr": 0.0001595905285912522,
  "seed": 191908309,
  "weight_decay": 1.341353634747883e-07,
  "x_beta1": -0.008299001577418608,
  "x_beta2": -4.546925599468438
}