{
  "beta_1": 0.15949154052270387,
  "beta_2": 0.2715099071560547,
  "epsilon": 1.5460532851860396e-09,
  "lr": 0.0016845700215203996,
  "seed": 514244816,
  "weight_decay": 0.00020980307808070973
}