{
  "beta_1": 0.267336359699623,
  "beta_2": 0.6125708909055939,
  "epsilon": 4.9895092755181454e-06,
  "lr": 0.006350375734787722,
  "seed": 2122256814.3537014,
  "weight_decay": 4.025132763506419e-08
}