{
  "beta1": 0.10000100470937369,
  "beta2": 0.10034856526339324,
  "epsilon": 2.989261050986762e-09,
  "lr": 8.190694792719851e-06,
  "seed": 770984983,
  "weight_decay": 0.0013051586881878666,
  "x_beta1": -10.963471101268885,
  "x_beta2": -6.284660824099094
}