{
  "beta_1": 0.46261361899318565,
  "beta_2": 0.1568874461795138,
  "epsilon": 0.00011772434617466929,
  "lr": 0.0006575692665845758,
  "seed": 245595903.5679382,
  "weight_decay": 3.920351601212448e-07
}