{
  "beta1": 0.10058258675066721,
  "beta2": 0.10069972883241035,
  "epsilon": 3.999535896824919e-06,
  "lr": 0.004783885256714399,
  "seed": 1323700917,
  "weight_decay": 0.0004396094394539967,
  "x_beta1": -7.34091196219595,
  "x_beta2": -7.158568181966328
}