{
  "beta_1": 0.7086535001294658,
  "beta_2": 0.3358479219970007,
  "epsilon": 0.0002341367605693281,
  "lr": 0.06418958478567528,
  "seed": 1263586211,
  "weight_decay": 2.187382036393302e-05
}