{
  "beta_1": 0.3244828277753487,
  "beta_2": 0.7575590083805027,
  "epsilon": 2.87351395214909e-06,
  "lr": 0.0016529017368148967,
  "seed": 6073094.667253935,
  "weight_decay": 2.31091818518324e-06
}