{
  "beta_1": 0.7270518119336492,
  "beta_2": 0.9420028255621774,
  "epsilon": 1.4052761248475068e-06,
  "lr": 1.0675136052888499e-05,
  "seed": 207352680.63889176,
  "weight_decay": 2.1775884721356696e-07
}