{
  "beta1": 0.10000485696032989,
  "beta2": 0.11647895991406816,
  "epsilon": 5.695101961581578e-09,
  "lr": 6.402355543170961e-05,
  "seed": 658184380,
  "weight_decay": 4.9068872200552205e-05,
  "x_beta1": -11.64347531049638,
  "x_beta2": -1.783111974717717
}