{
  "beta_1": 0.5366405691048722,
  "beta_2": 0.8755463202423275,
  "epsilon": 1.9604107851866408e-07,
  "lr": 0.0105243411392548,
  "seed": 1513640206,
  "weight_decay": 4.526004073242417e-07
}