{
  "beta_1": 0.7437789456757101,
  "beta_2": 0.5198580159806302,
  "epsilon": 7.325606075509171e-08,
  "lr": 2.6737410086666086e-06,
  "seed": 1612109644,
  "weight_decay": 0.0017193680489318043
}