{
  "beta_1": 0.5283405743351348,
  "beta_2": 0.7662422291950582,
  "epsilon": 0.00023654210291085002,
  "lr": 0.00037141616347385957,
  "seed": 684345532,
  "weight_decay": 4.385576041391384e-07
}