{
  "beta_1": 0.3057109773659338,
  "beta_2": 0.6994071482642114,
  "epsilon": 3.432620626430164e-05,
  "lr": 0.0012637668788135074,
  "seed": 700291824,
  "weight_decay": 1.0911040359235295e-06
}