{
  "beta_1": 0.6677252005879808,
  "beta_2": 0.7925488677634357,
  "epsilon": 1.7137965423206962e-06,
  "lr": 0.0012879675745439392,
  "seed": 1110476527.2577083,
  "weight_decay": 4.191621091122576e-07
}