{
  "beta_1": 0.45779861068000993,
  "beta_2": 0.22789793055092372,
  "epsilon": 0.0002312417841750212,
  "lr": 0.006031791277576605,
  "seed": 252358676.59710622,
  "weight_decay": 9.34852163460112e-07
}