{
  "beta_1": 0.9745032730982341,
  "beta_2": 0.8856947859121669,
  "epsilon": 4.382744197658725e-09,
  "lr": 0.0001454194769108078,
  "seed": 512411784.4098794,
  "weight_decay": 7.613504567691656e-05
}