{
  "beta_1": 0.3064601516550208,
  "beta_2": 0.13513910219330588,
  "epsilon": 1.8978468466627764e-05,
  "lr": 3.1772767145193532e-06,
  "seed": 522127166,
  "weight_decay": 1.4316753317269706e-08
}