{
  "beta_1": 0.5344494272275694,
  "beta_2": 0.5706184959663265,
  "epsilon": 3.590244541287562e-08,
  "lr": 7.858260146300293e-06,
  "seed": 1295214452.7669156,
  "weight_decay": 3.5385088942730605e-07
}