{
  "beta_1": 0.6854787201742943,
  "beta_2": 0.7328215740692173,
  "epsilon": 0.0004561773248288108,
  "lr": 1.0376818316413018e-05,
  "seed": 1146785951,
  "weight_decay": 3.861672153423551e-07
}