{
  "beta_1": 0.2048406290290959,
  "beta_2": 0.7581767282103477,
  "epsilon": 1.947779824512742e-09,
  "lr": 2.347247387151236e-05,
  "seed": 832359743,
  "weight_decay": 2.2311768755720035e-07
}