{
  "beta_1": 0.7251931066284223,
  "beta_2": 0.9136300467148942,
  "epsilon": 6.8709731723215e-08,
  "lr": 0.0018124210860976102,
  "seed": 1466711769.273146,
  "weight_decay": 0.00021656747031583232
}