{
  "beta_1": 0.22383862278799993,
  "beta_2": 0.5737564743192491,
  "epsilon": 1.7576943569540908e-07,
  "lr": 3.338443042660813e-05,
  "seed": 2054112201,
  "weight_decay": 0.0023583308362272277
}