{
  "beta_1": 0.6825132540739353,
  "beta_2": 0.34606814819872045,
  "epsilon": 1.0211064217560409e-10,
  "lr": 0.06803431836264341,
  "seed": 87411879,
  "weight_decay": 0.0011335196752103034
}