{
  "beta_1": 0.15636949561404134,
  "beta_2": 0.3299197116024001,
  "epsilon": 0.0003494585735955225,
  "lr": 0.0005709844408734576,
  "seed": 335798405.8430316,
  "weight_decay": 5.975052877036999e-06
}