{
  "beta_1": 0.7126940447029294,
  "beta_2": 0.34901989433059466,
  "epsilon": 1.5690232177404074e-08,
  "lr": 0.0006775024212678066,
  "seed": 1715604658.8804162,
  "weight_decay": 2.089574463616991e-08
}