{
  "beta_1": 0.7162062277079247,
  "beta_2": 0.6677247706795334,
  "epsilon": 9.853587772788386e-06,
  "lr": 0.04563400310187006,
  "seed": 88455741.80994555,
  "weight_decay": 7.637608656135058e-07
}