{
  "beta_1": 0.5105740222214149,
  "beta_2": 0.9951409831250919,
  "epsilon": 2.189284557788508e-07,
  "lr": 0.0008351413623857244,
  "seed": 906290908.4732838,
  "weight_decay": 1.4017333332474873e-05
}