{
  "beta_1": 0.9611224311730779,
  "beta_2": 0.3756521024312701,
  "epsilon": 1.5786245324671996e-07,
  "lr": 9.040458411932976e-06,
  "seed": 608172982.2753394,
  "weight_decay": 3.4545921002681606e-05
}