{
  "beta_1": 0.7072870133207514,
  "beta_2": 0.13938577054818418,
  "epsilon": 0.00022516016437181484,
  "lr": 0.020378747844000296,
  "seed": 1452617666,
  "weight_decay": 0.001206211655868986
}