{
  "beta_1": 0.9292173030535296,
  "beta_2": 0.25024466664029404,
  "epsilon": 3.1202368031451784e-08,
  "lr": 0.014804892870500977,
  "seed": 234142927,
  "weight_decay": 0.0025640495196662737
}