{
  "beta_1": 0.3892567131068342,
  "beta_2": 0.20959452024902264,
  "epsilon": 1.5170725692616108e-06,
  "lr": 3.211230787159349e-06,
  "seed": 363084616,
  "weight_decay": 3.481154214371257e-06
}