{
  "beta_1": 0.10335693639910858,
  "beta_2": 0.44517643382380734,
  "epsilon": 0.0005821407433916727,
  "lr": 3.0044140587510193e-05,
  "seed": 1792864445.7336178,
  "weight_decay": 0.00011456233840152955
}