{
  "beta_1": 0.6316172346431719,
  "beta_2": 0.5785226318791511,
  "epsilon": 1.0993662284878417e-09,
  "lr": 0.0013282859320881306,
  "seed": 629135728,
  "weight_decay": 0.0006164890970269038
}